Instance,Date,Algorithm,Total Stops,Trucks,Total Distance (km),Makespan (km),Total Latency (km-stops),Avg Latency (km),Max Load,Load StdDev,Dist Imprv (%),Makespan Imprv (%),Latency Imprv (%),Dist Ratio (Orig/Algo),Makespan Ratio (Orig/Algo),Latency Ratio (Orig/Algo)
orders_6_months_synthetic [01/05/2026],01/05/2026,Original / Realized Routes,27,20,982.243,100.965,669.241,24.7867,8.01,1.96,0.0,0.0,0.0,1.0,1.0,1.0
orders_6_months_synthetic [01/05/2026],01/05/2026,Min-Max mTSP (Tour Partitioning),27,20,553.62,100.965,626.682,23.2104,14.85,4.23,43.6,0.0,6.4,1.774,1.0,1.068
orders_6_months_synthetic [01/05/2026],01/05/2026,CVRP ITP (Iterated Partitioning),27,20,463.01,133.936,742.007,27.4817,8.01,3.45,52.9,-32.7,-10.9,2.121,0.754,0.902
orders_6_months_synthetic [01/05/2026],01/05/2026,MLP Geometric Scaling (Latency),27,20,996.571,100.965,573.608,21.2447,12.63,2.78,-1.5,0.0,14.3,0.986,1.0,1.167
orders_6_months_synthetic [01/05/2026],01/05/2026,Bi-Objective (Makespan & Latency),27,20,992.66,100.965,568.172,21.0434,9.44,2.28,-1.1,0.0,15.1,0.99,1.0,1.178
orders_6_months_synthetic [01/05/2026],01/05/2026,OR-Tools (Guided Local Search),27,20,359.88,95.019,814.843,30.1794,9.88,3.89,63.4,5.9,-21.8,2.729,1.063,0.821
orders_6_months_synthetic [01/06/2026],01/06/2026,Original / Realized Routes,24,17,908.947,103.576,592.51,24.6879,9.76,2.53,0.0,0.0,0.0,1.0,1.0,1.0
orders_6_months_synthetic [01/06/2026],01/06/2026,Min-Max mTSP (Tour Partitioning),24,17,461.373,103.576,624.111,26.0046,13.88,4.2,49.2,0.0,-5.3,1.97,1.0,0.949
orders_6_months_synthetic [01/06/2026],01/06/2026,CVRP ITP (Iterated Partitioning),24,17,455.997,125.863,933.397,38.8915,9.76,3.88,49.8,-21.5,-57.5,1.993,0.823,0.635
orders_6_months_synthetic [01/06/2026],01/06/2026,MLP Geometric Scaling (Latency),24,17,861.156,103.576,536.908,22.3712,9.76,2.53,5.3,0.0,9.4,1.055,1.0,1.104
orders_6_months_synthetic [01/06/2026],01/06/2026,Bi-Objective (Makespan & Latency),24,17,865.75,103.576,555.501,23.1459,9.76,2.67,4.8,0.0,6.2,1.05,1.0,1.067
orders_6_months_synthetic [01/06/2026],01/06/2026,OR-Tools (Guided Local Search),24,17,366.75,97.523,787.202,32.8001,9.91,4.02,59.7,5.8,-32.9,2.478,1.062,0.753
orders_6_months_synthetic [01/07/2026],01/07/2026,Original / Realized Routes,20,16,803.235,103.522,472.481,23.624,7.79,1.98,0.0,0.0,0.0,1.0,1.0,1.0
orders_6_months_synthetic [01/07/2026],01/07/2026,Min-Max mTSP (Tour Partitioning),20,16,488.288,103.522,452.987,22.6493,13.82,3.52,39.2,0.0,4.1,1.645,1.0,1.043
orders_6_months_synthetic [01/07/2026],01/07/2026,CVRP ITP (Iterated Partitioning),20,16,439.666,125.309,819.054,40.9527,7.79,3.21,45.3,-21.0,-73.4,1.827,0.826,0.577
orders_6_months_synthetic [01/07/2026],01/07/2026,MLP Geometric Scaling (Latency),20,16,829.953,103.522,447.323,22.3661,7.79,1.93,-3.3,0.0,5.3,0.968,1.0,1.056
orders_6_months_synthetic [01/07/2026],01/07/2026,Bi-Objective (Makespan & Latency),20,16,828.336,103.522,448.624,22.4312,7.79,1.93,-3.1,0.0,5.0,0.97,1.0,1.053
orders_6_months_synthetic [01/07/2026],01/07/2026,OR-Tools (Guided Local Search),20,16,332.598,97.888,856.501,42.8251,9.88,3.88,58.6,5.4,-81.3,2.415,1.058,0.552
orders_6_months_synthetic [01/08/2026],01/08/2026,Original / Realized Routes,20,14,648.96,98.442,471.947,23.5973,6.43,1.49,0.0,0.0,0.0,1.0,1.0,1.0
orders_6_months_synthetic [01/08/2026],01/08/2026,Min-Max mTSP (Tour Partitioning),20,14,408.979,83.189,429.925,21.4962,12.86,3.62,37.0,15.5,8.9,1.587,1.183,1.098
orders_6_months_synthetic [01/08/2026],01/08/2026,CVRP ITP (Iterated Partitioning),20,14,442.93,100.517,589.638,29.4819,6.43,2.65,31.7,-2.1,-24.9,1.465,0.979,0.8
orders_6_months_synthetic [01/08/2026],01/08/2026,MLP Geometric Scaling (Latency),20,14,725.175,81.995,441.218,22.0609,6.43,1.66,-11.7,16.7,6.5,0.895,1.201,1.07
orders_6_months_synthetic [01/08/2026],01/08/2026,Bi-Objective (Makespan & Latency),20,14,727.457,81.995,443.5,22.175,6.43,1.7,-12.1,16.7,6.0,0.892,1.201,1.064
orders_6_months_synthetic [01/08/2026],01/08/2026,OR-Tools (Guided Local Search),20,14,335.114,81.287,620.425,31.0213,9.49,3.93,48.4,17.4,-31.5,1.937,1.211,0.761
orders_6_months_synthetic [01/09/2026],01/09/2026,Original / Realized Routes,17,15,810.754,103.576,502.346,29.5498,6.76,1.83,0.0,0.0,0.0,1.0,1.0,1.0
orders_6_months_synthetic [01/09/2026],01/09/2026,Min-Max mTSP (Tour Partitioning),17,15,476.195,110.161,474.288,27.8993,9.01,3.15,41.3,-6.4,5.6,1.703,0.94,1.059
orders_6_months_synthetic [01/09/2026],01/09/2026,CVRP ITP (Iterated Partitioning),17,15,452.632,150.441,644.221,37.8954,6.76,2.99,44.2,-45.2,-28.2,1.791,0.688,0.78
orders_6_months_synthetic [01/09/2026],01/09/2026,MLP Geometric Scaling (Latency),17,15,917.028,114.775,454.36,26.7271,9.01,2.42,-13.1,-10.8,9.6,0.884,0.902,1.106
orders_6_months_synthetic [01/09/2026],01/09/2026,Bi-Objective (Makespan & Latency),17,15,922.856,114.775,468.492,27.5584,7.62,2.12,-13.8,-10.8,6.7,0.879,0.902,1.072
orders_6_months_synthetic [01/09/2026],01/09/2026,OR-Tools (Guided Local Search),17,15,393.291,99.883,800.756,47.1033,9.73,3.73,51.5,3.6,-59.4,2.061,1.037,0.627
orders_6_months_synthetic [01/12/2026],01/12/2026,Original / Realized Routes,18,13,654.941,100.965,501.089,27.8383,8.12,2.29,0.0,0.0,0.0,1.0,1.0,1.0
orders_6_months_synthetic [01/12/2026],01/12/2026,Min-Max mTSP (Tour Partitioning),18,13,504.333,100.965,481.804,26.7669,18.56,5.01,23.0,0.0,3.8,1.299,1.0,1.04
orders_6_months_synthetic [01/12/2026],01/12/2026,CVRP ITP (Iterated Partitioning),18,13,311.762,144.042,695.128,38.6182,8.12,3.46,52.4,-42.7,-38.7,2.101,0.701,0.721
orders_6_months_synthetic [01/12/2026],01/12/2026,MLP Geometric Scaling (Latency),18,13,702.484,100.965,412.127,22.8959,8.94,2.57,-7.3,0.0,17.8,0.932,1.0,1.216
orders_6_months_synthetic [01/12/2026],01/12/2026,Bi-Objective (Makespan & Latency),18,13,698.112,100.965,421.113,23.3952,9.5,2.74,-6.6,0.0,16.0,0.938,1.0,1.19
orders_6_months_synthetic [01/12/2026],01/12/2026,OR-Tools (Guided Local Search),18,13,291.19,95.896,745.802,41.4334,9.94,4.1,55.5,5.0,-48.8,2.249,1.053,0.672
orders_6_months_synthetic [01/13/2026],01/13/2026,Original / Realized Routes,16,10,521.255,103.576,374.931,23.4332,7.58,2.71,0.0,0.0,0.0,1.0,1.0,1.0
orders_6_months_synthetic [01/13/2026],01/13/2026,Min-Max mTSP (Tour Partitioning),16,10,327.076,103.576,333.598,20.8499,14.16,4.89,37.3,0.0,11.0,1.594,1.0,1.124
orders_6_months_synthetic [01/13/2026],01/13/2026,CVRP ITP (Iterated Partitioning),16,10,387.142,151.892,697.656,43.6035,7.58,3.57,25.7,-46.6,-86.1,1.346,0.682,0.537
orders_6_months_synthetic [01/13/2026],01/13/2026,MLP Geometric Scaling (Latency),16,10,520.181,103.576,348.12,21.7575,8.33,2.63,0.2,0.0,7.2,1.002,1.0,1.077
orders_6_months_synthetic [01/13/2026],01/13/2026,Bi-Objective (Makespan & Latency),16,10,520.76,114.814,379.269,23.7043,9.09,2.9,0.1,-10.9,-1.2,1.001,0.902,0.989
orders_6_months_synthetic [01/13/2026],01/13/2026,OR-Tools (Guided Local Search),16,10,262.459,97.523,584.887,36.5554,9.91,4.45,49.6,5.8,-56.0,1.986,1.062,0.641
orders_6_months_synthetic [01/14/2026],01/14/2026,Original / Realized Routes,14,12,502.049,77.796,285.079,20.3628,3.9,1.12,0.0,0.0,0.0,1.0,1.0,1.0
orders_6_months_synthetic [01/14/2026],01/14/2026,Min-Max mTSP (Tour Partitioning),14,12,380.763,77.796,253.419,18.1014,4.08,1.45,24.2,0.0,11.1,1.319,1.0,1.125
orders_6_months_synthetic [01/14/2026],01/14/2026,CVRP ITP (Iterated Partitioning),14,12,344.623,80.937,332.492,23.7494,3.9,1.71,31.4,-4.0,-16.6,1.457,0.961,0.857
orders_6_months_synthetic [01/14/2026],01/14/2026,MLP Geometric Scaling (Latency),14,12,495.095,77.796,250.331,17.8808,3.9,1.1,1.4,0.0,12.2,1.014,1.0,1.139
orders_6_months_synthetic [01/14/2026],01/14/2026,Bi-Objective (Makespan & Latency),14,12,438.346,77.796,243.656,17.404,3.9,1.13,12.7,0.0,14.5,1.145,1.0,1.17
orders_6_months_synthetic [01/14/2026],01/14/2026,OR-Tools (Guided Local Search),14,12,208.089,77.796,401.487,28.6776,8.82,3.18,58.6,0.0,-40.8,2.413,1.0,0.71
orders_6_months_synthetic [01/15/2026],01/15/2026,Original / Realized Routes,11,10,406.668,77.796,199.538,18.1398,4.84,1.53,0.0,0.0,0.0,1.0,1.0,1.0
orders_6_months_synthetic [01/15/2026],01/15/2026,Min-Max mTSP (Tour Partitioning),11,10,289.998,77.796,198.761,18.0692,8.29,2.76,28.7,0.0,0.4,1.402,1.0,1.004
orders_6_months_synthetic [01/15/2026],01/15/2026,CVRP ITP (Iterated Partitioning),11,10,304.62,99.223,272.49,24.7718,4.84,1.91,25.1,-27.5,-36.6,1.335,0.784,0.732
orders_6_months_synthetic [01/15/2026],01/15/2026,MLP Geometric Scaling (Latency),11,10,407.485,77.796,200.355,18.2141,4.84,1.53,-0.2,0.0,-0.4,0.998,1.0,0.996
orders_6_months_synthetic [01/15/2026],01/15/2026,Bi-Objective (Makespan & Latency),11,10,407.485,77.796,200.355,18.2141,4.84,1.53,-0.2,0.0,-0.4,0.998,1.0,0.996
orders_6_months_synthetic [01/15/2026],01/15/2026,OR-Tools (Guided Local Search),11,10,240.888,77.796,246.782,22.4347,9.24,3.56,40.8,0.0,-23.7,1.688,1.0,0.809
orders_6_months_synthetic [01/16/2026],01/16/2026,Original / Realized Routes,13,12,618.813,103.576,366.391,28.1839,4.54,1.24,0.0,0.0,0.0,1.0,1.0,1.0
orders_6_months_synthetic [01/16/2026],01/16/2026,Min-Max mTSP (Tour Partitioning),13,12,388.7,110.161,347.809,26.7545,7.63,2.93,37.2,-6.4,5.1,1.592,0.94,1.053
orders_6_months_synthetic [01/16/2026],01/16/2026,CVRP ITP (Iterated Partitioning),13,12,487.094,103.576,362.15,27.8577,4.54,1.83,21.3,0.0,1.2,1.27,1.0,1.012
orders_6_months_synthetic [01/16/2026],01/16/2026,MLP Geometric Scaling (Latency),13,12,661.515,103.576,326.314,25.1011,4.54,1.2,-6.9,0.0,10.9,0.935,1.0,1.123
orders_6_months_synthetic [01/16/2026],01/16/2026,Bi-Objective (Makespan & Latency),13,12,661.515,103.576,326.314,25.1011,4.54,1.2,-6.9,0.0,10.9,0.935,1.0,1.123
orders_6_months_synthetic [01/16/2026],01/16/2026,OR-Tools (Guided Local Search),13,12,360.603,99.883,766.691,58.9762,9.83,3.47,41.7,3.6,-109.3,1.716,1.037,0.478
orders_6_months_synthetic [01/19/2026],01/19/2026,Original / Realized Routes,27,20,884.563,71.335,610.829,22.6233,8.81,2.05,0.0,0.0,0.0,1.0,1.0,1.0
orders_6_months_synthetic [01/19/2026],01/19/2026,Min-Max mTSP (Tour Partitioning),27,20,462.877,71.335,569.152,21.0797,11.81,3.54,47.7,0.0,6.8,1.911,1.0,1.073
orders_6_months_synthetic [01/19/2026],01/19/2026,CVRP ITP (Iterated Partitioning),27,20,362.961,89.779,679.149,25.1537,8.81,3.47,59.0,-25.9,-11.2,2.437,0.795,0.899
orders_6_months_synthetic [01/19/2026],01/19/2026,MLP Geometric Scaling (Latency),27,20,920.551,71.335,534.121,19.7823,9.55,2.34,-4.1,0.0,12.6,0.961,1.0,1.144
orders_6_months_synthetic [01/19/2026],01/19/2026,Bi-Objective (Makespan & Latency),27,20,951.437,71.335,545.673,20.2101,9.59,2.4,-7.6,0.0,10.7,0.93,1.0,1.119
orders_6_months_synthetic [01/19/2026],01/19/2026,OR-Tools (Guided Local Search),27,20,358.726,62.651,722.834,26.7716,9.99,3.56,59.4,12.2,-18.3,2.466,1.139,0.845
orders_6_months_synthetic [01/20/2026],01/20/2026,Original / Realized Routes,23,15,783.275,103.576,589.511,25.6309,8.85,2.43,0.0,0.0,0.0,1.0,1.0,1.0
orders_6_months_synthetic [01/20/2026],01/20/2026,Min-Max mTSP (Tour Partitioning),23,15,467.555,103.576,527.811,22.9483,10.89,3.89,40.3,0.0,10.5,1.675,1.0,1.117
orders_6_months_synthetic [01/20/2026],01/20/2026,CVRP ITP (Iterated Partitioning),23,15,478.639,116.704,899.596,39.1129,8.85,3.78,38.9,-12.7,-52.6,1.636,0.888,0.655
orders_6_months_synthetic [01/20/2026],01/20/2026,MLP Geometric Scaling (Latency),23,15,776.987,103.576,530.367,23.0594,9.44,2.41,0.8,0.0,10.0,1.008,1.0,1.112
orders_6_months_synthetic [01/20/2026],01/20/2026,Bi-Objective (Makespan & Latency),23,15,769.646,103.576,487.708,21.2047,8.85,2.35,1.7,0.0,17.3,1.018,1.0,1.209
orders_6_months_synthetic [01/20/2026],01/20/2026,OR-Tools (Guided Local Search),23,15,344.267,97.523,827.088,35.9603,9.65,4.26,56.0,5.8,-40.3,2.275,1.062,0.713
orders_6_months_synthetic [01/21/2026],01/21/2026,Original / Realized Routes,17,14,655.705,103.522,367.018,21.5893,3.7,1.2,0.0,0.0,0.0,1.0,1.0,1.0
orders_6_months_synthetic [01/21/2026],01/21/2026,Min-Max mTSP (Tour Partitioning),17,14,438.684,103.522,340.63,20.0371,5.63,1.9,33.1,0.0,7.2,1.495,1.0,1.077
orders_6_months_synthetic [01/21/2026],01/21/2026,CVRP ITP (Iterated Partitioning),17,14,484.173,103.522,442.765,26.045,3.7,1.62,26.2,0.0,-20.6,1.354,1.0,0.829
orders_6_months_synthetic [01/21/2026],01/21/2026,MLP Geometric Scaling (Latency),17,14,644.719,103.522,347.603,20.4472,4.26,1.3,1.7,0.0,5.3,1.017,1.0,1.056
orders_6_months_synthetic [01/21/2026],01/21/2026,Bi-Objective (Makespan & Latency),17,14,582.098,119.995,392.15,23.0676,3.7,1.22,11.2,-15.9,-6.8,1.126,0.863,0.936
orders_6_months_synthetic [01/21/2026],01/21/2026,OR-Tools (Guided Local Search),17,14,265.35,97.888,822.08,48.3576,9.91,3.56,59.5,5.4,-124.0,2.471,1.058,0.446
orders_6_months_synthetic [01/22/2026],01/22/2026,Original / Realized Routes,19,14,644.292,98.442,450.551,23.7132,7.12,1.81,0.0,0.0,0.0,1.0,1.0,1.0
orders_6_months_synthetic [01/22/2026],01/22/2026,Min-Max mTSP (Tour Partitioning),19,14,412.302,83.189,407.355,21.4397,14.43,3.99,36.0,15.5,9.6,1.563,1.183,1.106
orders_6_months_synthetic [01/22/2026],01/22/2026,CVRP ITP (Iterated Partitioning),19,14,449.82,100.931,489.796,25.7787,7.12,2.85,30.2,-2.5,-8.7,1.432,0.975,0.92
orders_6_months_synthetic [01/22/2026],01/22/2026,MLP Geometric Scaling (Latency),19,14,747.709,81.995,441.003,23.2107,7.12,1.94,-16.1,16.7,2.1,0.862,1.201,1.022
orders_6_months_synthetic [01/22/2026],01/22/2026,Bi-Objective (Makespan & Latency),19,14,747.709,81.995,441.003,23.2107,7.12,1.94,-16.1,16.7,2.1,0.862,1.201,1.022
orders_6_months_synthetic [01/22/2026],01/22/2026,OR-Tools (Guided Local Search),19,14,337.811,81.287,556.926,29.3119,9.27,4.01,47.6,17.4,-23.6,1.907,1.211,0.809
orders_6_months_synthetic [01/23/2026],01/23/2026,Original / Realized Routes,17,15,792.364,103.576,484.471,28.4983,5.63,1.6,0.0,0.0,0.0,1.0,1.0,1.0
orders_6_months_synthetic [01/23/2026],01/23/2026,Min-Max mTSP (Tour Partitioning),17,15,503.439,114.775,476.978,28.0575,9.33,3.47,36.5,-10.8,1.5,1.574,0.902,1.016
orders_6_months_synthetic [01/23/2026],01/23/2026,CVRP ITP (Iterated Partitioning),17,15,575.64,131.919,523.252,30.7795,5.04,2.08,27.4,-27.4,-8.0,1.376,0.785,0.926
orders_6_months_synthetic [01/23/2026],01/23/2026,MLP Geometric Scaling (Latency),17,15,893.102,114.775,443.157,26.0681,7.0,1.91,-12.7,-10.8,8.5,0.887,0.902,1.093
orders_6_months_synthetic [01/23/2026],01/23/2026,Bi-Objective (Makespan & Latency),17,15,893.254,114.775,444.231,26.1312,7.37,1.88,-12.7,-10.8,8.3,0.887,0.902,1.091
orders_6_months_synthetic [01/23/2026],01/23/2026,OR-Tools (Guided Local Search),17,15,387.821,99.883,730.103,42.9472,9.33,3.68,51.1,3.6,-50.7,2.043,1.037,0.664
orders_6_months_synthetic [01/26/2026],01/26/2026,Original / Realized Routes,17,14,685.473,100.965,430.905,25.3474,6.63,1.77,0.0,0.0,0.0,1.0,1.0,1.0
orders_6_months_synthetic [01/26/2026],01/26/2026,Min-Max mTSP (Tour Partitioning),17,14,344.866,100.965,392.117,23.0657,11.16,3.25,49.7,0.0,9.0,1.988,1.0,1.099
orders_6_months_synthetic [01/26/2026],01/26/2026,CVRP ITP (Iterated Partitioning),17,14,302.599,140.606,494.362,29.0801,6.63,2.85,55.9,-39.3,-14.7,2.265,0.718,0.872
orders_6_months_synthetic [01/26/2026],01/26/2026,MLP Geometric Scaling (Latency),17,14,682.265,100.965,358.67,21.0982,7.43,2.01,0.5,0.0,16.8,1.005,1.0,1.201
orders_6_months_synthetic [01/26/2026],01/26/2026,Bi-Objective (Makespan & Latency),17,14,684.279,100.965,378.368,22.2569,8.23,2.15,0.2,0.0,12.2,1.002,1.0,1.139
orders_6_months_synthetic [01/26/2026],01/26/2026,OR-Tools (Guided Local Search),17,14,231.186,95.896,594.472,34.9689,9.26,3.61,66.3,5.0,-38.0,2.965,1.053,0.725
orders_6_months_synthetic [01/27/2026],01/27/2026,Original / Realized Routes,19,12,650.816,103.576,478.801,25.2001,8.52,2.97,0.0,0.0,0.0,1.0,1.0,1.0
orders_6_months_synthetic [01/27/2026],01/27/2026,Min-Max mTSP (Tour Partitioning),19,12,403.187,103.576,413.845,21.7813,10.62,3.82,38.0,0.0,13.6,1.614,1.0,1.157
orders_6_months_synthetic [01/27/2026],01/27/2026,CVRP ITP (Iterated Partitioning),19,12,400.844,111.606,644.38,33.9147,8.52,3.73,38.4,-7.8,-34.6,1.624,0.928,0.743
orders_6_months_synthetic [01/27/2026],01/27/2026,MLP Geometric Scaling (Latency),19,12,647.037,103.576,428.962,22.5769,8.89,2.91,0.6,0.0,10.4,1.006,1.0,1.116
orders_6_months_synthetic [01/27/2026],01/27/2026,Bi-Objective (Makespan & Latency),19,12,654.619,111.606,519.503,27.3423,10.42,3.32,-0.6,-7.8,-8.5,0.994,0.928,0.922
orders_6_months_synthetic [01/27/2026],01/27/2026,OR-Tools (Guided Local Search),19,12,310.81,97.523,710.943,37.4181,10.0,4.34,52.2,5.8,-48.5,2.094,1.062,0.673
orders_6_months_synthetic [01/28/2026],01/28/2026,Original / Realized Routes,14,11,419.074,66.962,287.896,20.564,4.48,1.27,0.0,0.0,0.0,1.0,1.0,1.0
orders_6_months_synthetic [01/28/2026],01/28/2026,Min-Max mTSP (Tour Partitioning),14,11,312.817,66.962,240.983,17.2131,5.12,1.61,25.4,0.0,16.3,1.34,1.0,1.195
orders_6_months_synthetic [01/28/2026],01/28/2026,CVRP ITP (Iterated Partitioning),14,11,280.692,94.973,358.973,25.6409,4.48,1.87,33.0,-41.8,-24.7,1.493,0.705,0.802
orders_6_months_synthetic [01/28/2026],01/28/2026,MLP Geometric Scaling (Latency),14,11,444.362,66.962,256.317,18.3084,5.46,1.47,-6.0,0.0,11.0,0.943,1.0,1.123
orders_6_months_synthetic [01/28/2026],01/28/2026,Bi-Objective (Makespan & Latency),14,11,399.119,70.218,293.274,20.9481,4.48,1.35,4.8,-4.9,-1.9,1.05,0.954,0.982
orders_6_months_synthetic [01/28/2026],01/28/2026,OR-Tools (Guided Local Search),14,11,186.916,66.253,440.239,31.4456,9.51,3.11,55.4,1.1,-52.9,2.242,1.011,0.654
orders_6_months_synthetic [01/29/2026],01/29/2026,Original / Realized Routes,15,13,533.594,77.796,275.81,18.3873,5.61,1.76,0.0,0.0,0.0,1.0,1.0,1.0
orders_6_months_synthetic [01/29/2026],01/29/2026,Min-Max mTSP (Tour Partitioning),15,13,401.855,77.796,278.863,18.5909,8.09,2.52,24.7,0.0,-1.1,1.328,1.0,0.989
orders_6_months_synthetic [01/29/2026],01/29/2026,CVRP ITP (Iterated Partitioning),15,13,374.311,103.534,392.627,26.1751,5.61,2.46,29.9,-33.1,-42.4,1.426,0.751,0.702
orders_6_months_synthetic [01/29/2026],01/29/2026,MLP Geometric Scaling (Latency),15,13,548.254,77.796,288.69,19.246,5.61,1.81,-2.7,0.0,-4.7,0.973,1.0,0.955
orders_6_months_synthetic [01/29/2026],01/29/2026,Bi-Objective (Makespan & Latency),15,13,541.462,77.796,281.898,18.7932,5.61,1.76,-1.5,0.0,-2.2,0.985,1.0,0.978
orders_6_months_synthetic [01/29/2026],01/29/2026,OR-Tools (Guided Local Search),15,13,254.848,77.088,437.718,29.1812,9.86,3.76,52.2,0.9,-58.7,2.094,1.009,0.63
orders_6_months_synthetic [01/30/2026],01/30/2026,Original / Realized Routes,19,15,815.608,103.576,582.227,30.6435,7.65,1.87,0.0,0.0,0.0,1.0,1.0,1.0
orders_6_months_synthetic [01/30/2026],01/30/2026,Min-Max mTSP (Tour Partitioning),19,15,447.091,110.161,545.281,28.699,13.71,4.57,45.2,-6.4,6.3,1.824,0.94,1.068
orders_6_months_synthetic [01/30/2026],01/30/2026,CVRP ITP (Iterated Partitioning),19,15,519.21,157.466,804.79,42.3574,7.65,3.35,36.3,-52.0,-38.2,1.571,0.658,0.723
orders_6_months_synthetic [01/30/2026],01/30/2026,MLP Geometric Scaling (Latency),19,15,954.109,103.576,521.061,27.4243,9.97,2.66,-17.0,0.0,10.5,0.855,1.0,1.117
orders_6_months_synthetic [01/30/2026],01/30/2026,Bi-Objective (Makespan & Latency),19,15,950.737,103.576,527.466,27.7614,9.75,2.61,-16.6,0.0,9.4,0.858,1.0,1.104
orders_6_months_synthetic [01/30/2026],01/30/2026,OR-Tools (Guided Local Search),19,15,420.098,99.883,876.89,46.1521,9.97,3.98,48.5,3.6,-50.6,1.941,1.037,0.664
orders_6_months_synthetic [02/02/2026],02/02/2026,Original / Realized Routes,28,19,958.641,100.965,721.947,25.7838,9.8,2.68,0.0,0.0,0.0,1.0,1.0,1.0
orders_6_months_synthetic [02/02/2026],02/02/2026,Min-Max mTSP (Tour Partitioning),28,19,582.098,100.965,651.403,23.2644,20.96,5.48,39.3,0.0,9.8,1.647,1.0,1.108
orders_6_months_synthetic [02/02/2026],02/02/2026,CVRP ITP (Iterated Partitioning),28,19,424.517,145.965,830.43,29.6582,9.8,4.16,55.7,-44.6,-15.0,2.258,0.692,0.869
orders_6_months_synthetic [02/02/2026],02/02/2026,MLP Geometric Scaling (Latency),28,19,991.044,100.965,627.745,22.4195,13.28,3.25,-3.4,0.0,13.0,0.967,1.0,1.15
orders_6_months_synthetic [02/02/2026],02/02/2026,Bi-Objective (Makespan & Latency),28,19,955.895,107.451,619.384,22.1209,10.71,2.68,0.3,-6.4,14.2,1.003,0.94,1.166
orders_6_months_synthetic [02/02/2026],02/02/2026,OR-Tools (Guided Local Search),28,19,372.073,95.019,872.241,31.1515,9.81,4.26,61.2,5.9,-20.8,2.576,1.063,0.828
orders_6_months_synthetic [02/03/2026],02/03/2026,Original / Realized Routes,24,18,884.945,103.576,553.561,23.065,7.62,2.35,0.0,0.0,0.0,1.0,1.0,1.0
orders_6_months_synthetic [02/03/2026],02/03/2026,Min-Max mTSP (Tour Partitioning),24,18,485.059,103.576,558.942,23.2892,13.14,4.18,45.2,0.0,-1.0,1.824,1.0,0.99
orders_6_months_synthetic [02/03/2026],02/03/2026,CVRP ITP (Iterated Partitioning),24,18,507.275,103.576,824.674,34.3614,7.62,3.27,42.7,0.0,-49.0,1.745,1.0,0.671
orders_6_months_synthetic [02/03/2026],02/03/2026,MLP Geometric Scaling (Latency),24,18,897.893,103.576,518.386,21.5994,7.71,2.38,-1.5,0.0,6.4,0.986,1.0,1.068
orders_6_months_synthetic [02/03/2026],02/03/2026,Bi-Objective (Makespan & Latency),24,18,900.345,103.576,515.43,21.4762,7.71,2.31,-1.7,0.0,6.9,0.983,1.0,1.074
orders_6_months_synthetic [02/03/2026],02/03/2026,OR-Tools (Guided Local Search),24,18,343.654,101.938,932.39,38.8496,9.97,4.21,61.2,1.6,-68.4,2.575,1.016,0.594
orders_6_months_synthetic [02/04/2026],02/04/2026,Original / Realized Routes,22,18,878.749,103.522,509.439,23.1563,7.72,1.9,0.0,0.0,0.0,1.0,1.0,1.0
orders_6_months_synthetic [02/04/2026],02/04/2026,Min-Max mTSP (Tour Partitioning),22,18,517.842,103.522,544.146,24.7339,13.03,3.23,41.1,0.0,-6.8,1.697,1.0,0.936
orders_6_months_synthetic [02/04/2026],02/04/2026,CVRP ITP (Iterated Partitioning),22,18,460.875,125.309,703.223,31.9647,7.72,2.91,47.6,-21.0,-38.0,1.907,0.826,0.724
orders_6_months_synthetic [02/04/2026],02/04/2026,MLP Geometric Scaling (Latency),22,18,904.17,103.522,469.148,21.3249,7.72,1.93,-2.9,0.0,7.9,0.972,1.0,1.086
orders_6_months_synthetic [02/04/2026],02/04/2026,Bi-Objective (Makespan & Latency),22,18,919.091,103.522,521.518,23.7054,7.72,1.93,-4.6,0.0,-2.4,0.956,1.0,0.977
orders_6_months_synthetic [02/04/2026],02/04/2026,OR-Tools (Guided Local Search),22,18,341.581,97.888,821.54,37.3427,9.6,3.47,61.1,5.4,-61.3,2.573,1.058,0.62
orders_6_months_synthetic [02/05/2026],02/05/2026,Original / Realized Routes,18,13,627.379,98.442,442.209,24.5672,6.44,1.6,0.0,0.0,0.0,1.0,1.0,1.0
orders_6_months_synthetic [02/05/2026],02/05/2026,Min-Max mTSP (Tour Partitioning),18,13,413.046,83.189,399.757,22.2087,12.98,3.63,34.2,15.5,9.6,1.519,1.183,1.106
orders_6_months_synthetic [02/05/2026],02/05/2026,CVRP ITP (Iterated Partitioning),18,13,425.559,100.517,630.274,35.0152,6.44,2.68,32.2,-2.1,-42.5,1.474,0.979,0.702
orders_6_months_synthetic [02/05/2026],02/05/2026,MLP Geometric Scaling (Latency),18,13,720.776,81.995,425.604,23.6447,6.44,1.67,-14.9,16.7,3.8,0.87,1.201,1.039
orders_6_months_synthetic [02/05/2026],02/05/2026,Bi-Objective (Makespan & Latency),18,13,702.134,81.995,393.973,21.8874,6.44,1.63,-11.9,16.7,10.9,0.894,1.201,1.122
orders_6_months_synthetic [02/05/2026],02/05/2026,OR-Tools (Guided Local Search),18,13,335.858,81.287,597.27,33.1817,9.93,3.79,46.5,17.4,-35.1,1.868,1.211,0.74
orders_6_months_synthetic [02/06/2026],02/06/2026,Original / Realized Routes,19,15,792.934,103.576,545.488,28.7099,4.7,1.36,0.0,0.0,0.0,1.0,1.0,1.0
orders_6_months_synthetic [02/06/2026],02/06/2026,Min-Max mTSP (Tour Partitioning),19,15,501.116,103.576,520.616,27.4008,9.12,3.04,36.8,0.0,4.6,1.582,1.0,1.048
orders_6_months_synthetic [02/06/2026],02/06/2026,CVRP ITP (Iterated Partitioning),19,15,549.717,119.999,629.32,33.1221,4.7,2.03,30.7,-15.9,-15.4,1.442,0.863,0.867
orders_6_months_synthetic [02/06/2026],02/06/2026,MLP Geometric Scaling (Latency),19,15,946.19,114.775,534.414,28.1271,7.0,2.07,-19.3,-10.8,2.0,0.838,0.902,1.021
orders_6_months_synthetic [02/06/2026],02/06/2026,Bi-Objective (Makespan & Latency),19,15,946.19,114.775,534.414,28.1271,7.0,2.07,-19.3,-10.8,2.0,0.838,0.902,1.021
orders_6_months_synthetic [02/06/2026],02/06/2026,OR-Tools (Guided Local Search),19,15,321.731,103.576,830.298,43.6999,9.96,3.6,59.4,0.0,-52.2,2.465,1.0,0.657
orders_6_months_synthetic [02/09/2026],02/09/2026,Original / Realized Routes,19,16,736.019,100.965,450.073,23.6881,7.0,1.87,0.0,0.0,0.0,1.0,1.0,1.0
orders_6_months_synthetic [02/09/2026],02/09/2026,Min-Max mTSP (Tour Partitioning),19,16,478.221,100.965,414.872,21.8354,12.52,3.22,35.0,0.0,7.8,1.539,1.0,1.085
orders_6_months_synthetic [02/09/2026],02/09/2026,CVRP ITP (Iterated Partitioning),19,16,349.63,100.965,528.183,27.7991,7.0,3.03,52.5,0.0,-17.4,2.105,1.0,0.852
orders_6_months_synthetic [02/09/2026],02/09/2026,MLP Geometric Scaling (Latency),19,16,772.68,100.965,402.97,21.2089,8.1,2.17,-5.0,0.0,10.5,0.953,1.0,1.117
orders_6_months_synthetic [02/09/2026],02/09/2026,Bi-Objective (Makespan & Latency),19,16,774.694,100.965,422.668,22.2457,8.66,2.25,-5.3,0.0,6.1,0.95,1.0,1.065
orders_6_months_synthetic [02/09/2026],02/09/2026,OR-Tools (Guided Local Search),19,16,256.428,95.896,598.909,31.5215,9.49,3.51,65.2,5.0,-33.1,2.87,1.053,0.751
orders_6_months_synthetic [02/10/2026],02/10/2026,Original / Realized Routes,18,11,590.336,103.576,434.965,24.1647,10.0,3.1,0.0,0.0,0.0,1.0,1.0,1.0
orders_6_months_synthetic [02/10/2026],02/10/2026,Min-Max mTSP (Tour Partitioning),18,11,385.213,103.576,370.191,20.5662,15.29,4.76,34.7,0.0,14.9,1.532,1.0,1.175
orders_6_months_synthetic [02/10/2026],02/10/2026,CVRP ITP (Iterated Partitioning),18,11,394.855,158.413,781.681,43.4267,10.0,4.25,33.1,-52.9,-79.7,1.495,0.654,0.556
orders_6_months_synthetic [02/10/2026],02/10/2026,MLP Geometric Scaling (Latency),18,11,553.658,103.576,407.2,22.6222,12.96,3.71,6.2,0.0,6.4,1.066,1.0,1.068
orders_6_months_synthetic [02/10/2026],02/10/2026,Bi-Objective (Makespan & Latency),18,11,533.344,110.062,368.723,20.4846,10.0,3.18,9.7,-6.3,15.2,1.107,0.941,1.18
orders_6_months_synthetic [02/10/2026],02/10/2026,OR-Tools (Guided Local Search),18,11,313.03,97.523,720.493,40.0274,10.0,4.09,47.0,5.8,-65.6,1.886,1.062,0.604
orders_6_months_synthetic [02/11/2026],02/11/2026,Original / Realized Routes,13,11,369.824,66.962,218.717,16.8244,9.63,2.67,0.0,0.0,0.0,1.0,1.0,1.0
orders_6_months_synthetic [02/11/2026],02/11/2026,Min-Max mTSP (Tour Partitioning),13,11,234.657,70.112,191.082,14.6986,11.94,3.68,36.5,-4.7,12.6,1.576,0.955,1.145
orders_6_months_synthetic [02/11/2026],02/11/2026,CVRP ITP (Iterated Partitioning),13,11,219.75,95.344,368.408,28.3391,9.63,3.79,40.6,-42.4,-68.4,1.683,0.702,0.594
orders_6_months_synthetic [02/11/2026],02/11/2026,MLP Geometric Scaling (Latency),13,11,363.159,66.962,183.003,14.0772,10.25,2.92,1.8,0.0,16.3,1.018,1.0,1.195
orders_6_months_synthetic [02/11/2026],02/11/2026,Bi-Objective (Makespan & Latency),13,11,366.31,66.962,203.525,15.6558,9.63,2.72,1.0,0.0,6.9,1.01,1.0,1.075
orders_6_months_synthetic [02/11/2026],02/11/2026,OR-Tools (Guided Local Search),13,11,185.528,66.253,409.831,31.5255,9.63,3.61,49.8,1.1,-87.4,1.993,1.011,0.534
orders_6_months_synthetic [02/12/2026],02/12/2026,Original / Realized Routes,13,10,494.03,77.796,263.27,20.2515,6.38,1.87,0.0,0.0,0.0,1.0,1.0,1.0
orders_6_months_synthetic [02/12/2026],02/12/2026,Min-Max mTSP (Tour Partitioning),13,10,285.496,77.796,260.372,20.0286,7.1,3.19,42.2,0.0,1.1,1.73,1.0,1.011
orders_6_months_synthetic [02/12/2026],02/12/2026,CVRP ITP (Iterated Partitioning),13,10,358.782,102.322,366.482,28.1909,5.51,2.39,27.4,-31.5,-39.2,1.377,0.76,0.718
orders_6_months_synthetic [02/12/2026],02/12/2026,MLP Geometric Scaling (Latency),13,10,514.837,77.796,290.66,22.3585,6.23,2.0,-4.2,0.0,-10.4,0.96,1.0,0.906
orders_6_months_synthetic [02/12/2026],02/12/2026,Bi-Objective (Makespan & Latency),13,10,514.837,77.796,290.66,22.3585,6.23,2.0,-4.2,0.0,-10.4,0.96,1.0,0.906
orders_6_months_synthetic [02/12/2026],02/12/2026,OR-Tools (Guided Local Search),13,10,253.462,77.796,281.761,21.6739,8.47,3.58,48.7,0.0,-7.0,1.949,1.0,0.934
orders_6_months_synthetic [02/13/2026],02/13/2026,Original / Realized Routes,12,12,611.01,103.576,295.398,24.6165,3.97,1.22,0.0,0.0,0.0,1.0,1.0,1.0
orders_6_months_synthetic [02/13/2026],02/13/2026,Min-Max mTSP (Tour Partitioning),12,12,387.146,110.161,314.548,26.2123,7.11,2.58,36.6,-6.4,-6.5,1.578,0.94,0.939
orders_6_months_synthetic [02/13/2026],02/13/2026,CVRP ITP (Iterated Partitioning),12,12,485.54,103.576,330.443,27.5369,3.97,1.6,20.5,0.0,-11.9,1.258,1.0,0.894
orders_6_months_synthetic [02/13/2026],02/13/2026,MLP Geometric Scaling (Latency),12,12,611.01,103.576,295.398,24.6165,3.97,1.22,0.0,0.0,0.0,1.0,1.0,1.0
orders_6_months_synthetic [02/13/2026],02/13/2026,Bi-Objective (Makespan & Latency),12,12,611.01,103.576,295.398,24.6165,3.97,1.22,0.0,0.0,0.0,1.0,1.0,1.0
orders_6_months_synthetic [02/13/2026],02/13/2026,OR-Tools (Guided Local Search),12,12,356.862,99.883,691.295,57.6079,7.8,2.96,41.6,3.6,-134.0,1.712,1.037,0.427
orders_6_months_synthetic [02/16/2026],02/16/2026,Original / Realized Routes,28,21,1068.393,100.965,716.463,25.588,8.89,2.09,0.0,0.0,0.0,1.0,1.0,1.0
orders_6_months_synthetic [02/16/2026],02/16/2026,Min-Max mTSP (Tour Partitioning),28,21,528.844,100.965,652.615,23.3077,15.94,4.69,50.5,0.0,8.9,2.02,1.0,1.098
orders_6_months_synthetic [02/16/2026],02/16/2026,CVRP ITP (Iterated Partitioning),28,21,476.84,134.819,843.358,30.1199,8.89,3.78,55.4,-33.5,-17.7,2.241,0.749,0.85
orders_6_months_synthetic [02/16/2026],02/16/2026,MLP Geometric Scaling (Latency),28,21,1058.425,100.965,604.649,21.5946,10.18,2.34,0.9,0.0,15.6,1.009,1.0,1.185
orders_6_months_synthetic [02/16/2026],02/16/2026,Bi-Objective (Makespan & Latency),28,21,1036.623,100.965,583.199,20.8285,10.18,2.39,3.0,0.0,18.6,1.031,1.0,1.229
orders_6_months_synthetic [02/16/2026],02/16/2026,OR-Tools (Guided Local Search),28,21,370.417,95.019,889.644,31.773,9.72,4.09,65.3,5.9,-24.2,2.884,1.063,0.805
orders_6_months_synthetic [02/17/2026],02/17/2026,Original / Realized Routes,24,16,922.597,103.576,672.711,28.0296,9.32,2.71,0.0,0.0,0.0,1.0,1.0,1.0
orders_6_months_synthetic [02/17/2026],02/17/2026,Min-Max mTSP (Tour Partitioning),24,16,503.263,110.161,564.329,23.5137,10.42,3.69,45.5,-6.4,16.1,1.833,0.94,1.192
orders_6_months_synthetic [02/17/2026],02/17/2026,CVRP ITP (Iterated Partitioning),24,16,439.952,157.98,983.814,40.9922,9.32,4.12,52.3,-52.5,-46.2,2.097,0.656,0.684
orders_6_months_synthetic [02/17/2026],02/17/2026,MLP Geometric Scaling (Latency),24,16,898.265,103.576,595.541,24.8142,9.32,2.69,2.6,0.0,11.5,1.027,1.0,1.13
orders_6_months_synthetic [02/17/2026],02/17/2026,Bi-Objective (Makespan & Latency),24,16,866.866,103.576,556.446,23.1852,10.17,2.92,6.0,0.0,17.3,1.064,1.0,1.209
orders_6_months_synthetic [02/17/2026],02/17/2026,OR-Tools (Guided Local Search),24,16,397.693,97.523,922.27,38.4279,9.92,3.95,56.9,5.8,-37.1,2.32,1.062,0.729
orders_6_months_synthetic [02/18/2026],02/18/2026,Original / Realized Routes,15,14,607.928,82.284,306.968,20.4645,8.2,2.24,0.0,0.0,0.0,1.0,1.0,1.0
orders_6_months_synthetic [02/18/2026],02/18/2026,Min-Max mTSP (Tour Partitioning),15,14,378.908,82.284,303.867,20.2578,9.06,2.84,37.7,0.0,1.0,1.604,1.0,1.01
orders_6_months_synthetic [02/18/2026],02/18/2026,CVRP ITP (Iterated Partitioning),15,14,354.951,102.559,417.49,27.8327,8.2,3.21,41.6,-24.6,-36.0,1.713,0.802,0.735
orders_6_months_synthetic [02/18/2026],02/18/2026,MLP Geometric Scaling (Latency),15,14,599.304,82.284,288.008,19.2005,8.2,2.24,1.4,0.0,6.2,1.014,1.0,1.066
orders_6_months_synthetic [02/18/2026],02/18/2026,Bi-Objective (Makespan & Latency),15,14,599.304,82.284,288.008,19.2005,8.2,2.24,1.4,0.0,6.2,1.014,1.0,1.066
orders_6_months_synthetic [02/18/2026],02/18/2026,OR-Tools (Guided Local Search),15,14,256.402,71.293,495.907,33.0605,9.52,3.77,57.8,13.4,-61.6,2.371,1.154,0.619
orders_6_months_synthetic [02/19/2026],02/19/2026,Original / Realized Routes,19,14,644.292,98.442,450.551,23.7132,5.36,1.52,0.0,0.0,0.0,1.0,1.0,1.0
orders_6_months_synthetic [02/19/2026],02/19/2026,Min-Max mTSP (Tour Partitioning),19,14,412.302,83.189,407.355,21.4397,13.0,3.58,36.0,15.5,9.6,1.563,1.183,1.106
orders_6_months_synthetic [02/19/2026],02/19/2026,CVRP ITP (Iterated Partitioning),19,14,489.375,100.517,662.727,34.8804,5.36,2.28,24.0,-2.1,-47.1,1.317,0.979,0.68
orders_6_months_synthetic [02/19/2026],02/19/2026,MLP Geometric Scaling (Latency),19,14,747.709,81.995,441.003,23.2107,5.36,1.6,-16.1,16.7,2.1,0.862,1.201,1.022
orders_6_months_synthetic [02/19/2026],02/19/2026,Bi-Objective (Makespan & Latency),19,14,747.709,81.995,441.003,23.2107,5.36,1.6,-16.1,16.7,2.1,0.862,1.201,1.022
orders_6_months_synthetic [02/19/2026],02/19/2026,OR-Tools (Guided Local Search),19,14,335.114,81.287,602.636,31.7177,9.87,3.85,48.0,17.4,-33.8,1.923,1.211,0.748
orders_6_months_synthetic [02/20/2026],02/20/2026,Original / Realized Routes,15,14,711.72,101.782,418.319,27.8879,5.67,1.51,0.0,0.0,0.0,1.0,1.0,1.0
orders_6_months_synthetic [02/20/2026],02/20/2026,Min-Max mTSP (Tour Partitioning),15,14,456.436,98.471,381.018,25.4012,10.35,3.13,35.9,3.3,8.9,1.559,1.034,1.098
orders_6_months_synthetic [02/20/2026],02/20/2026,CVRP ITP (Iterated Partitioning),15,14,358.504,115.615,410.988,27.3992,5.67,2.48,49.6,-13.6,1.8,1.985,0.88,1.018
orders_6_months_synthetic [02/20/2026],02/20/2026,MLP Geometric Scaling (Latency),15,14,786.513,114.775,387.197,25.8131,5.67,1.63,-10.5,-12.8,7.4,0.905,0.887,1.08
orders_6_months_synthetic [02/20/2026],02/20/2026,Bi-Objective (Makespan & Latency),15,14,789.423,114.775,390.107,26.0071,5.67,1.52,-10.9,-12.8,6.7,0.902,0.887,1.072
orders_6_months_synthetic [02/20/2026],02/20/2026,OR-Tools (Guided Local Search),15,14,304.82,88.512,579.432,38.6288,9.43,3.42,57.2,13.0,-38.5,2.335,1.15,0.722
orders_6_months_synthetic [02/23/2026],02/23/2026,Original / Realized Routes,18,15,697.011,100.965,431.272,23.9596,7.07,1.85,0.0,0.0,0.0,1.0,1.0,1.0
orders_6_months_synthetic [02/23/2026],02/23/2026,Min-Max mTSP (Tour Partitioning),18,15,409.246,100.965,375.238,20.8466,10.6,2.88,41.3,0.0,13.0,1.703,1.0,1.149
orders_6_months_synthetic [02/23/2026],02/23/2026,CVRP ITP (Iterated Partitioning),18,15,273.032,135.334,609.947,33.8859,7.07,2.95,60.8,-34.0,-41.4,2.553,0.746,0.707
orders_6_months_synthetic [02/23/2026],02/23/2026,MLP Geometric Scaling (Latency),18,15,733.672,100.965,384.169,21.3427,7.8,2.06,-5.3,0.0,10.9,0.95,1.0,1.123
orders_6_months_synthetic [02/23/2026],02/23/2026,Bi-Objective (Makespan & Latency),18,15,735.686,100.965,403.867,22.4371,8.48,2.16,-5.5,0.0,6.4,0.947,1.0,1.068
orders_6_months_synthetic [02/23/2026],02/23/2026,OR-Tools (Guided Local Search),18,15,244.963,95.896,627.154,34.8419,9.6,3.63,64.9,5.0,-45.4,2.845,1.053,0.688
orders_6_months_synthetic [02/24/2026],02/24/2026,Original / Realized Routes,18,12,604.213,103.576,415.616,23.0898,8.75,2.73,0.0,0.0,0.0,1.0,1.0,1.0
orders_6_months_synthetic [02/24/2026],02/24/2026,Min-Max mTSP (Tour Partitioning),18,12,379.716,103.576,361.482,20.0823,13.81,4.23,37.2,0.0,13.0,1.591,1.0,1.15
orders_6_months_synthetic [02/24/2026],02/24/2026,CVRP ITP (Iterated Partitioning),18,12,418.416,111.606,604.249,33.5694,8.75,3.38,30.8,-7.8,-45.4,1.444,0.928,0.688
orders_6_months_synthetic [02/24/2026],02/24/2026,MLP Geometric Scaling (Latency),18,12,603.843,103.576,397.169,22.0649,8.75,2.54,0.1,0.0,4.4,1.001,1.0,1.046
orders_6_months_synthetic [02/24/2026],02/24/2026,Bi-Objective (Makespan & Latency),18,12,572.718,103.576,360.989,20.0549,8.75,2.8,5.2,0.0,13.1,1.055,1.0,1.151
orders_6_months_synthetic [02/24/2026],02/24/2026,OR-Tools (Guided Local Search),18,12,269.015,97.523,520.87,28.9372,9.92,4.35,55.5,5.8,-25.3,2.246,1.062,0.798
orders_6_months_synthetic [02/25/2026],02/25/2026,Original / Realized Routes,13,11,458.721,100.965,264.099,20.3153,4.85,1.43,0.0,0.0,0.0,1.0,1.0,1.0
orders_6_months_synthetic [02/25/2026],02/25/2026,Min-Max mTSP (Tour Partitioning),13,11,327.451,100.965,267.906,20.6082,5.64,1.93,28.6,0.0,-1.4,1.401,1.0,0.986
orders_6_months_synthetic [02/25/2026],02/25/2026,CVRP ITP (Iterated Partitioning),13,11,310.223,100.965,350.511,26.9624,4.85,2.05,32.4,0.0,-32.7,1.479,1.0,0.753
orders_6_months_synthetic [02/25/2026],02/25/2026,MLP Geometric Scaling (Latency),13,11,451.767,100.965,229.351,17.6424,4.85,1.44,1.5,0.0,13.2,1.015,1.0,1.152
orders_6_months_synthetic [02/25/2026],02/25/2026,Bi-Objective (Makespan & Latency),13,11,401.426,100.965,229.084,17.6218,5.23,1.72,12.5,0.0,13.3,1.143,1.0,1.153
orders_6_months_synthetic [02/25/2026],02/25/2026,OR-Tools (Guided Local Search),13,11,215.313,98.818,589.381,45.337,8.84,3.22,53.1,2.1,-123.2,2.13,1.022,0.448
orders_6_months_synthetic [02/26/2026],02/26/2026,Original / Realized Routes,11,10,402.59,77.796,197.757,17.9779,4.98,1.58,0.0,0.0,0.0,1.0,1.0,1.0
orders_6_months_synthetic [02/26/2026],02/26/2026,Min-Max mTSP (Tour Partitioning),11,10,285.982,77.796,194.529,17.6845,8.05,2.66,29.0,0.0,1.6,1.408,1.0,1.017
orders_6_months_synthetic [02/26/2026],02/26/2026,CVRP ITP (Iterated Partitioning),11,10,300.604,99.223,268.258,24.3871,4.98,1.96,25.3,-27.5,-35.7,1.339,0.784,0.737
orders_6_months_synthetic [02/26/2026],02/26/2026,MLP Geometric Scaling (Latency),11,10,403.407,77.796,198.574,18.0522,4.98,1.58,-0.2,0.0,-0.4,0.998,1.0,0.996
orders_6_months_synthetic [02/26/2026],02/26/2026,Bi-Objective (Makespan & Latency),11,10,403.407,77.796,198.574,18.0522,4.98,1.58,-0.2,0.0,-0.4,0.998,1.0,0.996
orders_6_months_synthetic [02/26/2026],02/26/2026,OR-Tools (Guided Local Search),11,10,238.579,77.796,328.883,29.8985,8.05,3.28,40.7,0.0,-66.3,1.687,1.0,0.601
orders_6_months_synthetic [02/27/2026],02/27/2026,Original / Realized Routes,13,13,700.432,103.576,336.422,25.8786,4.63,1.26,0.0,0.0,0.0,1.0,1.0,1.0
orders_6_months_synthetic [02/27/2026],02/27/2026,Min-Max mTSP (Tour Partitioning),13,13,418.973,110.161,399.257,30.7121,5.89,2.56,40.2,-6.4,-18.7,1.672,0.94,0.843
orders_6_months_synthetic [02/27/2026],02/27/2026,CVRP ITP (Iterated Partitioning),13,13,512.515,103.576,447.519,34.4245,4.63,1.99,26.8,0.0,-33.0,1.367,1.0,0.752
orders_6_months_synthetic [02/27/2026],02/27/2026,MLP Geometric Scaling (Latency),13,13,700.432,103.576,336.422,25.8786,4.63,1.26,0.0,0.0,0.0,1.0,1.0,1.0
orders_6_months_synthetic [02/27/2026],02/27/2026,Bi-Objective (Makespan & Latency),13,13,700.432,103.576,336.422,25.8786,4.63,1.26,0.0,0.0,0.0,1.0,1.0,1.0
orders_6_months_synthetic [02/27/2026],02/27/2026,OR-Tools (Guided Local Search),13,13,366.918,99.883,661.061,50.8508,9.59,3.24,47.6,3.6,-96.5,1.909,1.037,0.509
orders_6_months_synthetic [03/02/2026],03/02/2026,Original / Realized Routes,27,21,1031.524,103.576,661.237,24.4903,8.8,2.05,0.0,0.0,0.0,1.0,1.0,1.0
orders_6_months_synthetic [03/02/2026],03/02/2026,Min-Max mTSP (Tour Partitioning),27,21,557.488,104.199,659.577,24.4288,13.7,3.67,46.0,-0.6,0.3,1.85,0.994,1.003
orders_6_months_synthetic [03/02/2026],03/02/2026,CVRP ITP (Iterated Partitioning),27,21,446.583,131.838,905.286,33.5291,8.8,3.67,56.7,-27.3,-36.9,2.31,0.786,0.73
orders_6_months_synthetic [03/02/2026],03/02/2026,MLP Geometric Scaling (Latency),27,21,1090.694,103.576,594.354,22.0131,12.52,2.78,-5.7,0.0,10.1,0.946,1.0,1.113
orders_6_months_synthetic [03/02/2026],03/02/2026,Bi-Objective (Makespan & Latency),27,21,1098.324,103.576,607.996,22.5184,9.58,2.34,-6.5,0.0,8.1,0.939,1.0,1.088
orders_6_months_synthetic [03/02/2026],03/02/2026,OR-Tools (Guided Local Search),27,21,364.83,98.253,941.42,34.8674,9.82,4.13,64.6,5.1,-42.4,2.827,1.054,0.702
orders_6_months_synthetic [03/03/2026],03/03/2026,Original / Realized Routes,22,15,780.285,103.576,528.599,24.0272,9.71,2.7,0.0,0.0,0.0,1.0,1.0,1.0
orders_6_months_synthetic [03/03/2026],03/03/2026,Min-Max mTSP (Tour Partitioning),22,15,476.235,103.576,486.258,22.1026,9.71,3.5,39.0,0.0,8.0,1.638,1.0,1.087
orders_6_months_synthetic [03/03/2026],03/03/2026,CVRP ITP (Iterated Partitioning),22,15,457.634,148.514,895.825,40.7193,9.71,4.21,41.4,-43.4,-69.5,1.705,0.697,0.59
orders_6_months_synthetic [03/03/2026],03/03/2026,MLP Geometric Scaling (Latency),22,15,792.922,103.576,525.803,23.9001,9.71,2.45,-1.6,0.0,0.5,0.984,1.0,1.005
orders_6_months_synthetic [03/03/2026],03/03/2026,Bi-Objective (Makespan & Latency),22,15,790.538,103.576,516.25,23.4659,9.71,2.88,-1.3,0.0,2.3,0.987,1.0,1.024
orders_6_months_synthetic [03/03/2026],03/03/2026,OR-Tools (Guided Local Search),22,15,344.047,97.523,709.543,32.252,9.97,4.19,55.9,5.8,-34.2,2.268,1.062,0.745
orders_6_months_synthetic [03/04/2026],03/04/2026,Original / Realized Routes,24,19,986.401,103.522,579.729,24.1554,5.54,1.56,0.0,0.0,0.0,1.0,1.0,1.0
orders_6_months_synthetic [03/04/2026],03/04/2026,Min-Max mTSP (Tour Partitioning),24,19,571.764,110.107,565.364,23.5568,11.59,2.94,42.0,-6.4,2.5,1.725,0.94,1.025
orders_6_months_synthetic [03/04/2026],03/04/2026,CVRP ITP (Iterated Partitioning),24,19,601.543,134.418,823.634,34.3181,5.54,2.4,39.0,-29.8,-42.1,1.64,0.77,0.704
orders_6_months_synthetic [03/04/2026],03/04/2026,MLP Geometric Scaling (Latency),24,19,1001.666,103.522,542.237,22.5932,5.79,1.64,-1.5,0.0,6.5,0.985,1.0,1.069
orders_6_months_synthetic [03/04/2026],03/04/2026,Bi-Objective (Makespan & Latency),24,19,1000.173,103.522,535.932,22.3305,5.82,1.64,-1.4,0.0,7.6,0.986,1.0,1.082
orders_6_months_synthetic [03/04/2026],03/04/2026,OR-Tools (Guided Local Search),24,19,422.453,101.884,929.227,38.7178,9.54,3.6,57.2,1.6,-60.3,2.335,1.016,0.624
orders_6_months_synthetic [03/05/2026],03/05/2026,Original / Realized Routes,20,15,663.321,98.442,458.631,22.9315,5.89,1.47,0.0,0.0,0.0,1.0,1.0,1.0
orders_6_months_synthetic [03/05/2026],03/05/2026,Min-Max mTSP (Tour Partitioning),20,15,396.39,83.189,436.906,21.8453,13.37,3.51,40.2,15.5,4.7,1.673,1.183,1.05
orders_6_months_synthetic [03/05/2026],03/05/2026,CVRP ITP (Iterated Partitioning),20,15,462.617,100.931,549.894,27.4947,5.89,2.45,30.3,-2.5,-19.9,1.434,0.975,0.834
orders_6_months_synthetic [03/05/2026],03/05/2026,MLP Geometric Scaling (Latency),20,15,779.35,81.995,458.89,22.9445,5.89,1.61,-17.5,16.7,-0.1,0.851,1.201,0.999
orders_6_months_synthetic [03/05/2026],03/05/2026,Bi-Objective (Makespan & Latency),20,15,760.154,81.995,447.032,22.3516,5.89,1.57,-14.6,16.7,2.5,0.873,1.201,1.026
orders_6_months_synthetic [03/05/2026],03/05/2026,OR-Tools (Guided Local Search),20,15,340.583,81.287,611.436,30.5718,8.56,3.5,48.7,17.4,-33.3,1.948,1.211,0.75
orders_6_months_synthetic [03/06/2026],03/06/2026,Original / Realized Routes,22,18,913.184,103.576,600.45,27.2932,5.71,1.5,0.0,0.0,0.0,1.0,1.0,1.0
orders_6_months_synthetic [03/06/2026],03/06/2026,Min-Max mTSP (Tour Partitioning),22,18,570.595,110.161,551.598,25.0726,11.15,3.14,37.5,-6.4,8.1,1.6,0.94,1.089
orders_6_months_synthetic [03/06/2026],03/06/2026,CVRP ITP (Iterated Partitioning),22,18,565.289,115.615,686.841,31.22,5.71,2.32,38.1,-11.6,-14.4,1.615,0.896,0.874
orders_6_months_synthetic [03/06/2026],03/06/2026,MLP Geometric Scaling (Latency),22,18,1044.801,114.775,548.108,24.914,7.55,2.0,-14.4,-10.8,8.7,0.874,0.902,1.095
orders_6_months_synthetic [03/06/2026],03/06/2026,Bi-Objective (Makespan & Latency),22,18,1063.568,114.775,568.208,25.8276,8.18,2.08,-16.5,-10.8,5.4,0.859,0.902,1.057
orders_6_months_synthetic [03/06/2026],03/06/2026,OR-Tools (Guided Local Search),22,18,391.418,99.883,1142.649,51.9386,9.93,3.63,57.1,3.6,-90.3,2.333,1.037,0.525
orders_6_months_synthetic [03/09/2026],03/09/2026,Original / Realized Routes,22,17,852.523,100.965,582.343,26.4701,9.25,2.18,0.0,0.0,0.0,1.0,1.0,1.0
orders_6_months_synthetic [03/09/2026],03/09/2026,Min-Max mTSP (Tour Partitioning),22,17,526.406,100.965,494.19,22.4632,14.67,3.64,38.3,0.0,15.1,1.62,1.0,1.178
orders_6_months_synthetic [03/09/2026],03/09/2026,CVRP ITP (Iterated Partitioning),22,17,328.013,135.572,748.052,34.0024,9.25,3.64,61.5,-34.3,-28.5,2.599,0.745,0.778
orders_6_months_synthetic [03/09/2026],03/09/2026,MLP Geometric Scaling (Latency),22,17,905.528,100.965,504.714,22.9415,10.11,2.44,-6.2,0.0,13.3,0.941,1.0,1.154
orders_6_months_synthetic [03/09/2026],03/09/2026,Bi-Objective (Makespan & Latency),22,17,910.45,100.965,520.365,23.653,10.81,2.63,-6.8,0.0,10.6,0.936,1.0,1.119
orders_6_months_synthetic [03/09/2026],03/09/2026,OR-Tools (Guided Local Search),22,17,286.584,95.896,712.883,32.4038,9.95,3.84,66.4,5.0,-22.4,2.975,1.053,0.817
orders_6_months_synthetic [03/10/2026],03/10/2026,Original / Realized Routes,18,10,512.141,103.576,415.931,23.1073,7.77,2.83,0.0,0.0,0.0,1.0,1.0,1.0
orders_6_months_synthetic [03/10/2026],03/10/2026,Min-Max mTSP (Tour Partitioning),18,10,343.276,103.576,377.06,20.9478,12.5,4.45,33.0,0.0,9.3,1.492,1.0,1.103
orders_6_months_synthetic [03/10/2026],03/10/2026,CVRP ITP (Iterated Partitioning),18,10,380.735,113.355,511.886,28.4381,7.77,3.65,25.7,-9.4,-23.1,1.345,0.914,0.813
orders_6_months_synthetic [03/10/2026],03/10/2026,MLP Geometric Scaling (Latency),18,10,466.591,103.576,379.359,21.0755,9.79,3.31,8.9,0.0,8.8,1.098,1.0,1.096
orders_6_months_synthetic [03/10/2026],03/10/2026,Bi-Objective (Makespan & Latency),18,10,441.441,114.814,329.475,18.3042,9.41,2.92,13.8,-10.9,20.8,1.16,0.902,1.262
orders_6_months_synthetic [03/10/2026],03/10/2026,OR-Tools (Guided Local Search),18,10,274.748,97.523,589.742,32.7634,9.81,4.01,46.4,5.8,-41.8,1.864,1.062,0.705
orders_6_months_synthetic [03/11/2026],03/11/2026,Original / Realized Routes,13,10,381.052,70.893,243.245,18.7112,4.39,1.47,0.0,0.0,0.0,1.0,1.0,1.0
orders_6_months_synthetic [03/11/2026],03/11/2026,Min-Max mTSP (Tour Partitioning),13,10,314.189,70.893,212.344,16.3342,5.0,1.95,17.5,0.0,12.7,1.213,1.0,1.146
orders_6_months_synthetic [03/11/2026],03/11/2026,CVRP ITP (Iterated Partitioning),13,10,305.864,70.893,289.958,22.3045,4.39,1.92,19.7,0.0,-19.2,1.246,1.0,0.839
orders_6_months_synthetic [03/11/2026],03/11/2026,MLP Geometric Scaling (Latency),13,10,383.282,70.893,220.445,16.9573,4.39,1.52,-0.6,0.0,9.4,0.994,1.0,1.103
orders_6_months_synthetic [03/11/2026],03/11/2026,Bi-Objective (Makespan & Latency),13,10,342.737,72.887,266.031,20.4639,6.06,1.97,10.1,-2.8,-9.4,1.112,0.973,0.914
orders_6_months_synthetic [03/11/2026],03/11/2026,OR-Tools (Guided Local Search),13,10,211.717,67.628,414.237,31.8644,9.49,3.44,44.4,4.6,-70.3,1.8,1.048,0.587
orders_6_months_synthetic [03/12/2026],03/12/2026,Original / Realized Routes,14,12,568.465,103.576,292.299,20.8785,5.07,1.46,0.0,0.0,0.0,1.0,1.0,1.0
orders_6_months_synthetic [03/12/2026],03/12/2026,Min-Max mTSP (Tour Partitioning),14,12,404.424,103.576,308.684,22.0489,9.15,2.8,28.9,0.0,-5.6,1.406,1.0,0.947
orders_6_months_synthetic [03/12/2026],03/12/2026,CVRP ITP (Iterated Partitioning),14,12,433.343,142.752,504.344,36.0246,5.07,2.22,23.8,-37.8,-72.5,1.312,0.726,0.58
orders_6_months_synthetic [03/12/2026],03/12/2026,MLP Geometric Scaling (Latency),14,12,575.076,103.576,286.588,20.4706,5.07,1.62,-1.2,0.0,2.0,0.989,1.0,1.02
orders_6_months_synthetic [03/12/2026],03/12/2026,Bi-Objective (Makespan & Latency),14,12,575.076,103.576,286.588,20.4706,5.07,1.62,-1.2,0.0,2.0,0.989,1.0,1.02
orders_6_months_synthetic [03/12/2026],03/12/2026,OR-Tools (Guided Local Search),14,12,290.402,103.576,426.825,30.4875,9.77,3.34,48.9,0.0,-46.0,1.958,1.0,0.685
orders_6_months_synthetic [03/13/2026],03/13/2026,Original / Realized Routes,13,13,689.886,103.576,338.93,26.0715,4.4,1.32,0.0,0.0,0.0,1.0,1.0,1.0
orders_6_months_synthetic [03/13/2026],03/13/2026,Min-Max mTSP (Tour Partitioning),13,13,456.749,110.161,349.219,26.863,7.23,2.47,33.8,-6.4,-3.0,1.51,0.94,0.971
orders_6_months_synthetic [03/13/2026],03/13/2026,CVRP ITP (Iterated Partitioning),13,13,551.177,103.576,387.013,29.7702,4.4,2.03,20.1,0.0,-14.2,1.252,1.0,0.876
orders_6_months_synthetic [03/13/2026],03/13/2026,MLP Geometric Scaling (Latency),13,13,689.886,103.576,338.93,26.0715,4.4,1.32,0.0,0.0,0.0,1.0,1.0,1.0
orders_6_months_synthetic [03/13/2026],03/13/2026,Bi-Objective (Makespan & Latency),13,13,689.886,103.576,338.93,26.0715,4.4,1.32,0.0,0.0,0.0,1.0,1.0,1.0
orders_6_months_synthetic [03/13/2026],03/13/2026,OR-Tools (Guided Local Search),13,13,362.916,99.883,710.144,54.6265,9.21,3.36,47.4,3.6,-109.5,1.901,1.037,0.477
orders_6_months_synthetic [03/16/2026],03/16/2026,Original / Realized Routes,28,20,939.101,100.965,658.49,23.5175,9.85,2.18,0.0,0.0,0.0,1.0,1.0,1.0
orders_6_months_synthetic [03/16/2026],03/16/2026,Min-Max mTSP (Tour Partitioning),28,20,508.246,100.965,643.067,22.9667,16.02,4.16,45.9,0.0,2.3,1.848,1.0,1.024
orders_6_months_synthetic [03/16/2026],03/16/2026,CVRP ITP (Iterated Partitioning),28,20,397.607,121.28,738.765,26.3845,9.85,4.21,57.7,-20.1,-12.2,2.362,0.832,0.891
orders_6_months_synthetic [03/16/2026],03/16/2026,MLP Geometric Scaling (Latency),28,20,953.992,100.965,562.232,20.0797,10.36,2.45,-1.6,0.0,14.6,0.984,1.0,1.171
orders_6_months_synthetic [03/16/2026],03/16/2026,Bi-Objective (Makespan & Latency),28,20,970.363,100.965,576.02,20.5721,10.36,2.39,-3.3,0.0,12.5,0.968,1.0,1.143
orders_6_months_synthetic [03/16/2026],03/16/2026,OR-Tools (Guided Local Search),28,20,349.864,90.39,854.719,30.5257,9.85,4.19,62.7,10.5,-29.8,2.684,1.117,0.77
orders_6_months_synthetic [03/17/2026],03/17/2026,Original / Realized Routes,21,14,834.661,103.576,652.475,31.0702,7.61,2.4,0.0,0.0,0.0,1.0,1.0,1.0
orders_6_months_synthetic [03/17/2026],03/17/2026,Min-Max mTSP (Tour Partitioning),21,14,505.538,110.161,550.241,26.202,10.16,3.8,39.4,-6.4,15.7,1.651,0.94,1.186
orders_6_months_synthetic [03/17/2026],03/17/2026,CVRP ITP (Iterated Partitioning),21,14,560.935,137.02,791.5,37.6905,7.61,3.25,32.8,-32.3,-21.3,1.488,0.756,0.824
orders_6_months_synthetic [03/17/2026],03/17/2026,MLP Geometric Scaling (Latency),21,14,845.815,114.775,548.358,26.1123,8.9,2.67,-1.3,-10.8,16.0,0.987,0.902,1.19
orders_6_months_synthetic [03/17/2026],03/17/2026,Bi-Objective (Makespan & Latency),21,14,846.266,114.775,540.104,25.7192,8.9,2.56,-1.4,-10.8,17.2,0.986,0.902,1.208
orders_6_months_synthetic [03/17/2026],03/17/2026,OR-Tools (Guided Local Search),21,14,377.827,97.523,759.402,36.162,10.0,4.14,54.7,5.8,-16.4,2.209,1.062,0.859
orders_6_months_synthetic [03/18/2026],03/18/2026,Original / Realized Routes,19,17,832.423,103.522,456.726,24.0382,7.41,1.99,0.0,0.0,0.0,1.0,1.0,1.0
orders_6_months_synthetic [03/18/2026],03/18/2026,Min-Max mTSP (Tour Partitioning),19,17,494.688,103.522,425.235,22.3808,10.53,2.98,40.6,0.0,6.9,1.683,1.0,1.074
orders_6_months_synthetic [03/18/2026],03/18/2026,CVRP ITP (Iterated Partitioning),19,17,410.248,127.711,805.545,42.3971,7.41,3.21,50.7,-23.4,-76.4,2.029,0.811,0.567
orders_6_months_synthetic [03/18/2026],03/18/2026,MLP Geometric Scaling (Latency),19,17,818.746,103.522,413.709,21.7742,7.41,2.06,1.6,0.0,9.4,1.017,1.0,1.104
orders_6_months_synthetic [03/18/2026],03/18/2026,Bi-Objective (Makespan & Latency),19,17,817.963,103.522,412.926,21.7329,7.41,2.06,1.7,0.0,9.6,1.018,1.0,1.106
orders_6_months_synthetic [03/18/2026],03/18/2026,OR-Tools (Guided Local Search),19,17,339.864,97.888,870.323,45.8065,9.8,3.62,59.2,5.4,-90.6,2.449,1.058,0.525
orders_6_months_synthetic [03/19/2026],03/19/2026,Original / Realized Routes,20,16,717.907,98.442,462.765,23.1382,5.15,1.41,0.0,0.0,0.0,1.0,1.0,1.0
orders_6_months_synthetic [03/19/2026],03/19/2026,Min-Max mTSP (Tour Partitioning),20,16,472.152,81.995,457.792,22.8896,9.19,3.04,34.2,16.7,1.1,1.52,1.201,1.011
orders_6_months_synthetic [03/19/2026],03/19/2026,CVRP ITP (Iterated Partitioning),20,16,557.716,100.517,550.0,27.5,5.15,2.22,22.3,-2.1,-18.9,1.287,0.979,0.841
orders_6_months_synthetic [03/19/2026],03/19/2026,MLP Geometric Scaling (Latency),20,16,812.633,81.995,449.059,22.453,5.15,1.55,-13.2,16.7,3.0,0.883,1.201,1.031
orders_6_months_synthetic [03/19/2026],03/19/2026,Bi-Objective (Makespan & Latency),20,16,807.82,81.995,444.246,22.2123,5.15,1.57,-12.5,16.7,4.0,0.889,1.201,1.042
orders_6_months_synthetic [03/19/2026],03/19/2026,OR-Tools (Guided Local Search),20,16,339.412,81.287,557.632,27.8816,9.81,3.89,52.7,17.4,-20.5,2.115,1.211,0.83
orders_6_months_synthetic [03/20/2026],03/20/2026,Original / Realized Routes,17,15,818.969,103.576,499.32,29.3718,4.84,1.32,0.0,0.0,0.0,1.0,1.0,1.0
orders_6_months_synthetic [03/20/2026],03/20/2026,Min-Max mTSP (Tour Partitioning),17,15,563.644,114.775,496.469,29.2041,7.0,2.79,31.2,-10.8,0.6,1.453,0.902,1.006
orders_6_months_synthetic [03/20/2026],03/20/2026,CVRP ITP (Iterated Partitioning),17,15,631.014,103.576,558.776,32.8692,4.84,1.94,23.0,0.0,-11.9,1.298,1.0,0.894
orders_6_months_synthetic [03/20/2026],03/20/2026,MLP Geometric Scaling (Latency),17,15,924.153,114.775,456.203,26.8355,5.6,1.69,-12.8,-10.8,8.6,0.886,0.902,1.095
orders_6_months_synthetic [03/20/2026],03/20/2026,Bi-Objective (Makespan & Latency),17,15,935.382,114.775,483.174,28.422,6.67,1.78,-14.2,-10.8,3.2,0.876,0.902,1.033
orders_6_months_synthetic [03/20/2026],03/20/2026,OR-Tools (Guided Local Search),17,15,370.812,99.883,966.546,56.8556,9.76,3.75,54.7,3.6,-93.6,2.209,1.037,0.517
orders_6_months_synthetic [03/23/2026],03/23/2026,Original / Realized Routes,18,15,713.3,100.965,436.488,24.2493,8.17,2.09,0.0,0.0,0.0,1.0,1.0,1.0
orders_6_months_synthetic [03/23/2026],03/23/2026,Min-Max mTSP (Tour Partitioning),18,15,442.09,100.965,437.024,24.2791,12.23,3.28,38.0,0.0,-0.1,1.613,1.0,0.999
orders_6_months_synthetic [03/23/2026],03/23/2026,CVRP ITP (Iterated Partitioning),18,15,279.963,117.813,556.091,30.8939,8.17,3.19,60.8,-16.7,-27.4,2.548,0.857,0.785
orders_6_months_synthetic [03/23/2026],03/23/2026,MLP Geometric Scaling (Latency),18,15,749.961,100.965,389.385,21.6325,9.18,2.38,-5.1,0.0,10.8,0.951,1.0,1.121
orders_6_months_synthetic [03/23/2026],03/23/2026,Bi-Objective (Makespan & Latency),18,15,751.975,100.965,409.083,22.7268,10.01,2.51,-5.4,0.0,6.3,0.949,1.0,1.067
orders_6_months_synthetic [03/23/2026],03/23/2026,OR-Tools (Guided Local Search),18,15,248.639,95.896,633.29,35.1828,9.92,3.86,65.1,5.0,-45.1,2.869,1.053,0.689
orders_6_months_synthetic [03/24/2026],03/24/2026,Original / Realized Routes,20,13,664.326,103.576,473.649,23.6825,10.63,2.99,0.0,0.0,0.0,1.0,1.0,1.0
orders_6_months_synthetic [03/24/2026],03/24/2026,Min-Max mTSP (Tour Partitioning),20,13,449.603,103.576,429.643,21.4822,15.42,4.6,32.3,0.0,9.3,1.478,1.0,1.102
orders_6_months_synthetic [03/24/2026],03/24/2026,CVRP ITP (Iterated Partitioning),20,13,354.976,168.315,1006.202,50.3101,10.63,4.73,46.6,-62.5,-112.4,1.871,0.615,0.471
orders_6_months_synthetic [03/24/2026],03/24/2026,MLP Geometric Scaling (Latency),20,13,655.072,103.576,452.73,22.6365,10.63,2.88,1.4,0.0,4.4,1.014,1.0,1.046
orders_6_months_synthetic [03/24/2026],03/24/2026,Bi-Objective (Makespan & Latency),20,13,681.826,103.576,458.517,22.9258,10.63,3.12,-2.6,0.0,3.2,0.974,1.0,1.033
orders_6_months_synthetic [03/24/2026],03/24/2026,OR-Tools (Guided Local Search),20,13,0.0,0.0,0.0,0.0,0.0,0.0,100.0,100.0,100.0,1.0,1.0,1.0
orders_6_months_synthetic [03/25/2026],03/25/2026,Original / Realized Routes,16,13,554.785,77.796,347.248,21.703,5.24,1.63,0.0,0.0,0.0,1.0,1.0,1.0
orders_6_months_synthetic [03/25/2026],03/25/2026,Min-Max mTSP (Tour Partitioning),16,13,432.984,77.796,318.126,19.8829,6.12,2.07,22.0,0.0,8.4,1.281,1.0,1.092
orders_6_months_synthetic [03/25/2026],03/25/2026,CVRP ITP (Iterated Partitioning),16,13,363.049,89.882,441.742,27.6089,5.24,2.12,34.6,-15.5,-27.2,1.528,0.866,0.786
orders_6_months_synthetic [03/25/2026],03/25/2026,MLP Geometric Scaling (Latency),16,13,580.073,77.796,315.669,19.7293,5.87,1.68,-4.6,0.0,9.1,0.956,1.0,1.1
orders_6_months_synthetic [03/25/2026],03/25/2026,Bi-Objective (Makespan & Latency),16,13,577.31,77.796,295.341,18.4588,5.24,1.55,-4.1,0.0,14.9,0.961,1.0,1.176
orders_6_months_synthetic [03/25/2026],03/25/2026,OR-Tools (Guided Local Search),16,13,263.439,77.796,555.299,34.7062,9.35,3.28,52.5,0.0,-59.9,2.106,1.0,0.625
orders_6_months_synthetic [03/26/2026],03/26/2026,Original / Realized Routes,12,10,408.374,77.796,216.336,18.028,4.33,1.35,0.0,0.0,0.0,1.0,1.0,1.0
orders_6_months_synthetic [03/26/2026],03/26/2026,Min-Max mTSP (Tour Partitioning),12,10,290.889,77.796,211.557,17.6297,6.33,2.3,28.8,0.0,2.2,1.404,1.0,1.023
orders_6_months_synthetic [03/26/2026],03/26/2026,CVRP ITP (Iterated Partitioning),12,10,305.511,99.223,311.491,25.9576,4.33,1.79,25.2,-27.5,-44.0,1.337,0.784,0.695
orders_6_months_synthetic [03/26/2026],03/26/2026,MLP Geometric Scaling (Latency),12,10,423.034,77.796,229.216,19.1013,5.0,1.53,-3.6,0.0,-6.0,0.965,1.0,0.944
orders_6_months_synthetic [03/26/2026],03/26/2026,Bi-Objective (Makespan & Latency),12,10,423.034,77.796,229.216,19.1013,5.0,1.53,-3.6,0.0,-6.0,0.965,1.0,0.944
orders_6_months_synthetic [03/26/2026],03/26/2026,OR-Tools (Guided Local Search),12,10,240.953,77.796,346.426,28.8688,7.58,3.15,41.0,0.0,-60.1,1.695,1.0,0.624
orders_6_months_synthetic [03/27/2026],03/27/2026,Original / Realized Routes,13,12,664.49,103.576,354.769,27.2899,4.01,1.2,0.0,0.0,0.0,1.0,1.0,1.0
orders_6_months_synthetic [03/27/2026],03/27/2026,Min-Max mTSP (Tour Partitioning),13,12,391.886,110.161,401.883,30.9141,6.0,2.34,41.0,-6.4,-13.3,1.696,0.94,0.883
orders_6_months_synthetic [03/27/2026],03/27/2026,CVRP ITP (Iterated Partitioning),13,12,543.852,103.576,389.997,29.9998,4.01,1.57,18.2,0.0,-9.9,1.222,1.0,0.91
orders_6_months_synthetic [03/27/2026],03/27/2026,MLP Geometric Scaling (Latency),13,12,705.433,103.576,345.021,26.5401,4.01,1.34,-6.2,0.0,2.7,0.942,1.0,1.028
orders_6_months_synthetic [03/27/2026],03/27/2026,Bi-Objective (Makespan & Latency),13,12,705.433,103.576,345.021,26.5401,4.01,1.34,-6.2,0.0,2.7,0.942,1.0,1.028
orders_6_months_synthetic [03/27/2026],03/27/2026,OR-Tools (Guided Local Search),13,12,359.042,99.883,622.422,47.8786,7.98,2.92,46.0,3.6,-75.4,1.851,1.037,0.57
orders_6_months_synthetic [03/30/2026],03/30/2026,Original / Realized Routes,26,19,865.373,71.335,578.283,22.2417,9.87,2.36,0.0,0.0,0.0,1.0,1.0,1.0
orders_6_months_synthetic [03/30/2026],03/30/2026,Min-Max mTSP (Tour Partitioning),26,19,465.933,71.335,542.146,20.8518,13.78,4.18,46.2,0.0,6.2,1.857,1.0,1.067
orders_6_months_synthetic [03/30/2026],03/30/2026,CVRP ITP (Iterated Partitioning),26,19,378.887,84.764,678.888,26.1111,9.87,4.11,56.2,-18.8,-17.4,2.284,0.842,0.852
orders_6_months_synthetic [03/30/2026],03/30/2026,MLP Geometric Scaling (Latency),26,19,910.688,71.335,531.049,20.425,13.23,2.97,-5.2,0.0,8.2,0.95,1.0,1.089
orders_6_months_synthetic [03/30/2026],03/30/2026,Bi-Objective (Makespan & Latency),26,19,884.84,71.335,516.958,19.883,10.53,2.53,-2.2,0.0,10.6,0.978,1.0,1.119
orders_6_months_synthetic [03/30/2026],03/30/2026,OR-Tools (Guided Local Search),26,19,291.9,67.588,776.422,29.8624,9.87,4.1,66.3,5.3,-34.3,2.965,1.055,0.745
orders_6_months_synthetic [03/31/2026],03/31/2026,Original / Realized Routes,21,16,874.67,103.576,540.448,25.7356,10.1,2.62,0.0,0.0,0.0,1.0,1.0,1.0
orders_6_months_synthetic [03/31/2026],03/31/2026,Min-Max mTSP (Tour Partitioning),21,16,446.624,103.576,507.57,24.17,10.1,3.55,48.9,0.0,6.1,1.958,1.0,1.065
orders_6_months_synthetic [03/31/2026],03/31/2026,CVRP ITP (Iterated Partitioning),21,16,401.423,162.392,948.442,45.1639,10.1,4.26,54.1,-56.8,-75.5,2.179,0.638,0.57
orders_6_months_synthetic [03/31/2026],03/31/2026,MLP Geometric Scaling (Latency),21,16,865.681,103.576,501.543,23.883,10.1,2.52,1.0,0.0,7.2,1.01,1.0,1.078
orders_6_months_synthetic [03/31/2026],03/31/2026,Bi-Objective (Makespan & Latency),21,16,855.813,103.576,492.02,23.4295,10.1,2.72,2.2,0.0,9.0,1.022,1.0,1.098
orders_6_months_synthetic [03/31/2026],03/31/2026,OR-Tools (Guided Local Search),21,16,0.0,0.0,0.0,0.0,0.0,0.0,100.0,100.0,100.0,1.0,1.0,1.0
orders_6_months_synthetic [04/01/2026],04/01/2026,Original / Realized Routes,20,16,785.312,103.522,464.707,23.2353,7.34,1.79,0.0,0.0,0.0,1.0,1.0,1.0
orders_6_months_synthetic [04/01/2026],04/01/2026,Min-Max mTSP (Tour Partitioning),20,16,480.046,103.522,454.894,22.7447,12.14,3.2,38.9,0.0,2.1,1.636,1.0,1.022
orders_6_months_synthetic [04/01/2026],04/01/2026,CVRP ITP (Iterated Partitioning),20,16,402.373,125.309,696.625,34.8312,7.34,3.15,48.8,-21.0,-49.9,1.952,0.826,0.667
orders_6_months_synthetic [04/01/2026],04/01/2026,MLP Geometric Scaling (Latency),20,16,813.824,103.522,444.73,22.2365,7.34,1.86,-3.6,0.0,4.3,0.965,1.0,1.045
orders_6_months_synthetic [04/01/2026],04/01/2026,Bi-Objective (Makespan & Latency),20,16,812.886,103.522,425.4,21.27,7.34,1.83,-3.5,0.0,8.5,0.966,1.0,1.092
orders_6_months_synthetic [04/01/2026],04/01/2026,OR-Tools (Guided Local Search),20,16,329.039,97.888,822.976,41.1488,9.98,3.94,58.1,5.4,-77.1,2.387,1.058,0.565
orders_6_months_synthetic [04/02/2026],04/02/2026,Original / Realized Routes,16,12,566.878,103.522,391.754,24.4846,6.22,1.96,0.0,0.0,0.0,1.0,1.0,1.0
orders_6_months_synthetic [04/02/2026],04/02/2026,Min-Max mTSP (Tour Partitioning),16,12,422.256,103.522,370.998,23.1874,11.92,3.57,25.5,0.0,5.3,1.342,1.0,1.056
orders_6_months_synthetic [04/02/2026],04/02/2026,CVRP ITP (Iterated Partitioning),16,12,361.657,143.401,427.13,26.6956,6.22,2.73,36.2,-38.5,-9.0,1.567,0.722,0.917
orders_6_months_synthetic [04/02/2026],04/02/2026,MLP Geometric Scaling (Latency),16,12,674.809,103.522,393.766,24.6104,6.22,2.04,-19.0,0.0,-0.5,0.84,1.0,0.995
orders_6_months_synthetic [04/02/2026],04/02/2026,Bi-Objective (Makespan & Latency),16,12,674.809,103.522,393.766,24.6104,6.22,2.04,-19.0,0.0,-0.5,0.84,1.0,0.995
orders_6_months_synthetic [04/02/2026],04/02/2026,OR-Tools (Guided Local Search),16,12,324.687,103.522,564.529,35.2831,9.56,4.21,42.7,0.0,-44.1,1.746,1.0,0.694
orders_6_months_synthetic [04/03/2026],04/03/2026,Original / Realized Routes,22,18,949.451,103.576,621.325,28.242,5.4,1.57,0.0,0.0,0.0,1.0,1.0,1.0
orders_6_months_synthetic [04/03/2026],04/03/2026,Min-Max mTSP (Tour Partitioning),22,18,501.905,110.161,570.147,25.9158,9.76,3.41,47.1,-6.4,8.2,1.892,0.94,1.09
orders_6_months_synthetic [04/03/2026],04/03/2026,CVRP ITP (Iterated Partitioning),22,18,706.234,119.999,705.157,32.0526,5.4,2.16,25.6,-15.9,-13.5,1.344,0.863,0.881
orders_6_months_synthetic [04/03/2026],04/03/2026,MLP Geometric Scaling (Latency),22,18,1095.201,114.775,579.538,26.3426,7.81,2.14,-15.4,-10.8,6.7,0.867,0.902,1.072
orders_6_months_synthetic [04/03/2026],04/03/2026,Bi-Objective (Makespan & Latency),22,18,1089.165,114.775,560.839,25.4927,7.35,2.01,-14.7,-10.8,9.7,0.872,0.902,1.108
orders_6_months_synthetic [04/03/2026],04/03/2026,OR-Tools (Guided Local Search),22,18,420.902,99.883,984.968,44.7713,9.8,3.85,55.7,3.6,-58.5,2.256,1.037,0.631
orders_6_months_synthetic [04/06/2026],04/06/2026,Original / Realized Routes,20,17,811.819,100.965,489.394,24.4697,8.13,2.0,0.0,0.0,0.0,1.0,1.0,1.0
orders_6_months_synthetic [04/06/2026],04/06/2026,Min-Max mTSP (Tour Partitioning),20,17,480.0,100.965,461.75,23.0875,12.9,3.28,40.9,0.0,5.6,1.691,1.0,1.06
orders_6_months_synthetic [04/06/2026],04/06/2026,CVRP ITP (Iterated Partitioning),20,17,315.639,125.001,798.829,39.9414,8.13,3.17,61.1,-23.8,-63.2,2.572,0.808,0.613
orders_6_months_synthetic [04/06/2026],04/06/2026,MLP Geometric Scaling (Latency),20,17,798.266,100.965,405.525,20.2763,8.97,2.19,1.7,0.0,17.1,1.017,1.0,1.207
orders_6_months_synthetic [04/06/2026],04/06/2026,Bi-Objective (Makespan & Latency),20,17,807.299,100.965,422.817,21.1408,9.62,2.3,0.6,0.0,13.6,1.006,1.0,1.157
orders_6_months_synthetic [04/06/2026],04/06/2026,OR-Tools (Guided Local Search),20,17,272.994,95.896,821.966,41.0983,9.74,3.75,66.4,5.0,-68.0,2.974,1.053,0.595
orders_6_months_synthetic [04/07/2026],04/07/2026,Original / Realized Routes,19,12,630.137,103.576,457.387,24.073,8.25,2.63,0.0,0.0,0.0,1.0,1.0,1.0
orders_6_months_synthetic [04/07/2026],04/07/2026,Min-Max mTSP (Tour Partitioning),19,12,383.515,103.576,415.184,21.8518,15.33,4.67,39.1,0.0,9.2,1.643,1.0,1.102
orders_6_months_synthetic [04/07/2026],04/07/2026,CVRP ITP (Iterated Partitioning),19,12,398.872,158.378,909.651,47.8764,8.25,3.84,36.7,-52.9,-98.9,1.58,0.654,0.503
orders_6_months_synthetic [04/07/2026],04/07/2026,MLP Geometric Scaling (Latency),19,12,620.153,103.576,435.738,22.9336,8.25,2.43,1.6,0.0,4.7,1.016,1.0,1.05
orders_6_months_synthetic [04/07/2026],04/07/2026,Bi-Objective (Makespan & Latency),19,12,582.16,110.062,414.482,21.8148,8.75,2.81,7.6,-6.3,9.4,1.082,0.941,1.104
orders_6_months_synthetic [04/07/2026],04/07/2026,OR-Tools (Guided Local Search),19,12,279.289,97.523,571.481,30.0779,9.56,3.89,55.7,5.8,-24.9,2.256,1.062,0.8
orders_6_months_synthetic [04/08/2026],04/08/2026,Original / Realized Routes,16,13,502.207,71.335,287.764,17.9853,4.41,1.26,0.0,0.0,0.0,1.0,1.0,1.0
orders_6_months_synthetic [04/08/2026],04/08/2026,Min-Max mTSP (Tour Partitioning),16,13,367.199,71.335,306.385,19.1491,5.75,2.05,26.9,0.0,-6.5,1.368,1.0,0.939
orders_6_months_synthetic [04/08/2026],04/08/2026,CVRP ITP (Iterated Partitioning),16,13,350.081,78.401,330.588,20.6618,4.41,1.82,30.3,-9.9,-14.9,1.435,0.91,0.87
orders_6_months_synthetic [04/08/2026],04/08/2026,MLP Geometric Scaling (Latency),16,13,490.556,71.335,256.356,16.0222,4.41,1.28,2.3,0.0,10.9,1.024,1.0,1.123
orders_6_months_synthetic [04/08/2026],04/08/2026,Bi-Objective (Makespan & Latency),16,13,415.757,78.401,280.883,17.5552,5.75,1.57,17.2,-9.9,2.4,1.208,0.91,1.024
orders_6_months_synthetic [04/08/2026],04/08/2026,OR-Tools (Guided Local Search),16,13,244.599,71.335,520.112,32.507,8.24,3.08,51.3,0.0,-80.7,2.053,1.0,0.553
orders_6_months_synthetic [04/09/2026],04/09/2026,Original / Realized Routes,12,10,349.9,69.799,187.602,15.6335,5.46,1.66,0.0,0.0,0.0,1.0,1.0,1.0
orders_6_months_synthetic [04/09/2026],04/09/2026,Min-Max mTSP (Tour Partitioning),12,10,244.449,69.799,192.646,16.0538,6.96,2.89,30.1,0.0,-2.7,1.431,1.0,0.974
orders_6_months_synthetic [04/09/2026],04/09/2026,CVRP ITP (Iterated Partitioning),12,10,302.522,69.799,182.715,15.2263,5.46,1.84,13.5,0.0,2.6,1.157,1.0,1.027
orders_6_months_synthetic [04/09/2026],04/09/2026,MLP Geometric Scaling (Latency),12,10,364.56,69.799,200.482,16.7068,5.46,1.8,-4.2,0.0,-6.9,0.96,1.0,0.936
orders_6_months_synthetic [04/09/2026],04/09/2026,Bi-Objective (Makespan & Latency),12,10,359.411,69.799,201.196,16.7663,5.46,1.83,-2.7,0.0,-7.2,0.974,1.0,0.932
orders_6_months_synthetic [04/09/2026],04/09/2026,OR-Tools (Guided Local Search),12,10,184.92,69.799,218.938,18.2448,9.86,3.74,47.2,0.0,-16.7,1.892,1.0,0.857
orders_6_months_synthetic [04/10/2026],04/10/2026,Original / Realized Routes,12,12,652.991,103.576,321.321,26.7768,3.18,1.08,0.0,0.0,0.0,1.0,1.0,1.0
orders_6_months_synthetic [04/10/2026],04/10/2026,Min-Max mTSP (Tour Partitioning),12,12,432.327,110.161,336.512,28.0427,5.6,2.19,33.8,-6.4,-4.7,1.51,0.94,0.955
orders_6_months_synthetic [04/10/2026],04/10/2026,CVRP ITP (Iterated Partitioning),12,12,550.15,103.576,320.113,26.6761,3.18,1.28,15.7,0.0,0.4,1.187,1.0,1.004
orders_6_months_synthetic [04/10/2026],04/10/2026,MLP Geometric Scaling (Latency),12,12,652.991,103.576,321.321,26.7767,3.18,1.08,0.0,0.0,0.0,1.0,1.0,1.0
orders_6_months_synthetic [04/10/2026],04/10/2026,Bi-Objective (Makespan & Latency),12,12,652.991,103.576,321.321,26.7767,3.18,1.08,0.0,0.0,0.0,1.0,1.0,1.0
orders_6_months_synthetic [04/10/2026],04/10/2026,OR-Tools (Guided Local Search),12,12,361.258,99.161,683.16,56.93,9.4,3.15,44.7,4.3,-112.6,1.808,1.045,0.47
orders_6_months_synthetic [04/13/2026],04/13/2026,Original / Realized Routes,25,20,968.748,100.965,616.716,24.6686,8.62,2.11,0.0,0.0,0.0,1.0,1.0,1.0
orders_6_months_synthetic [04/13/2026],04/13/2026,Min-Max mTSP (Tour Partitioning),25,20,555.235,100.965,582.319,23.2928,12.62,3.48,42.7,0.0,5.6,1.745,1.0,1.059
orders_6_months_synthetic [04/13/2026],04/13/2026,CVRP ITP (Iterated Partitioning),25,20,434.58,128.604,795.917,31.8367,8.62,3.44,55.1,-27.4,-29.1,2.229,0.785,0.775
orders_6_months_synthetic [04/13/2026],04/13/2026,MLP Geometric Scaling (Latency),25,20,1023.348,100.965,569.744,22.7898,10.16,2.43,-5.6,0.0,7.6,0.947,1.0,1.082
orders_6_months_synthetic [04/13/2026],04/13/2026,Bi-Objective (Makespan & Latency),25,20,996.706,100.965,540.591,21.6236,9.43,2.34,-2.9,0.0,12.3,0.972,1.0,1.141
orders_6_months_synthetic [04/13/2026],04/13/2026,OR-Tools (Guided Local Search),25,20,343.856,95.019,925.319,37.0128,9.99,3.96,64.5,5.9,-50.0,2.817,1.063,0.666
orders_6_months_synthetic [04/14/2026],04/14/2026,Original / Realized Routes,21,15,809.531,103.576,517.582,24.6468,8.41,2.41,0.0,0.0,0.0,1.0,1.0,1.0
orders_6_months_synthetic [04/14/2026],04/14/2026,Min-Max mTSP (Tour Partitioning),21,15,448.421,103.576,485.116,23.1008,10.01,3.49,44.6,0.0,6.3,1.805,1.0,1.067
orders_6_months_synthetic [04/14/2026],04/14/2026,CVRP ITP (Iterated Partitioning),21,15,417.228,140.105,669.967,31.9032,8.41,3.44,48.5,-35.3,-29.4,1.94,0.739,0.773
orders_6_months_synthetic [04/14/2026],04/14/2026,MLP Geometric Scaling (Latency),21,15,805.762,103.576,488.076,23.2417,8.41,2.23,0.5,0.0,5.7,1.005,1.0,1.06
orders_6_months_synthetic [04/14/2026],04/14/2026,Bi-Objective (Makespan & Latency),21,15,803.985,103.576,516.869,24.6128,8.41,2.41,0.7,0.0,0.1,1.007,1.0,1.001
orders_6_months_synthetic [04/14/2026],04/14/2026,OR-Tools (Guided Local Search),21,15,322.754,97.523,777.466,37.0222,9.88,3.85,60.1,5.8,-50.2,2.508,1.062,0.666
orders_6_months_synthetic [04/15/2026],04/15/2026,Original / Realized Routes,17,15,705.46,103.522,383.559,22.5623,6.79,1.94,0.0,0.0,0.0,1.0,1.0,1.0
orders_6_months_synthetic [04/15/2026],04/15/2026,Min-Max mTSP (Tour Partitioning),17,15,436.6,103.522,356.814,20.9891,10.89,3.23,38.1,0.0,7.0,1.616,1.0,1.075
orders_6_months_synthetic [04/15/2026],04/15/2026,CVRP ITP (Iterated Partitioning),17,15,423.687,125.309,529.115,31.1244,6.79,2.75,39.9,-21.0,-37.9,1.665,0.826,0.725
orders_6_months_synthetic [04/15/2026],04/15/2026,MLP Geometric Scaling (Latency),17,15,698.506,103.522,348.811,20.5183,6.79,1.94,1.0,0.0,9.1,1.01,1.0,1.1
orders_6_months_synthetic [04/15/2026],04/15/2026,Bi-Objective (Makespan & Latency),17,15,649.045,107.552,349.424,20.5544,6.79,1.95,8.0,-3.9,8.9,1.087,0.963,1.098
orders_6_months_synthetic [04/15/2026],04/15/2026,OR-Tools (Guided Local Search),17,15,296.799,97.888,577.214,33.9538,9.93,3.99,57.9,5.4,-50.5,2.377,1.058,0.665
orders_6_months_synthetic [04/16/2026],04/16/2026,Original / Realized Routes,20,15,714.693,98.442,479.356,23.9678,11.17,2.84,0.0,0.0,0.0,1.0,1.0,1.0
orders_6_months_synthetic [04/16/2026],04/16/2026,Min-Max mTSP (Tour Partitioning),20,15,444.57,83.189,457.642,22.8821,14.19,3.92,37.8,15.5,4.5,1.608,1.183,1.047
orders_6_months_synthetic [04/16/2026],04/16/2026,CVRP ITP (Iterated Partitioning),20,15,474.384,100.931,649.608,32.4804,6.21,2.74,33.6,-2.5,-35.5,1.507,0.975,0.738
orders_6_months_synthetic [04/16/2026],04/16/2026,MLP Geometric Scaling (Latency),20,15,781.108,81.995,419.355,20.9678,6.86,2.24,-9.3,16.7,12.5,0.915,1.201,1.143
orders_6_months_synthetic [04/16/2026],04/16/2026,Bi-Objective (Makespan & Latency),20,15,796.61,81.995,458.308,22.9154,6.86,2.15,-11.5,16.7,4.4,0.897,1.201,1.046
orders_6_months_synthetic [04/16/2026],04/16/2026,OR-Tools (Guided Local Search),20,15,344.876,81.287,601.824,30.0912,9.71,4.04,51.7,17.4,-25.5,2.072,1.211,0.797
orders_6_months_synthetic [04/17/2026],04/17/2026,Original / Realized Routes,18,16,824.56,103.576,541.896,30.1053,5.66,1.71,0.0,0.0,0.0,1.0,1.0,1.0
orders_6_months_synthetic [04/17/2026],04/17/2026,Min-Max mTSP (Tour Partitioning),18,16,486.481,110.161,485.398,26.9666,11.58,3.37,41.0,-6.4,10.4,1.695,0.94,1.116
orders_6_months_synthetic [04/17/2026],04/17/2026,CVRP ITP (Iterated Partitioning),18,16,533.448,115.615,590.711,32.8173,5.66,2.53,35.3,-11.6,-9.0,1.546,0.896,0.917
orders_6_months_synthetic [04/17/2026],04/17/2026,MLP Geometric Scaling (Latency),18,16,942.408,114.775,469.212,26.0673,8.77,2.24,-14.3,-10.8,13.4,0.875,0.902,1.155
orders_6_months_synthetic [04/17/2026],04/17/2026,Bi-Objective (Makespan & Latency),18,16,942.56,114.775,470.286,26.127,8.47,2.17,-14.3,-10.8,13.2,0.875,0.902,1.152
orders_6_months_synthetic [04/17/2026],04/17/2026,OR-Tools (Guided Local Search),18,16,393.314,99.883,821.778,45.6543,9.84,3.73,52.3,3.6,-51.6,2.096,1.037,0.659
orders_6_months_synthetic [04/20/2026],04/20/2026,Original / Realized Routes,19,16,700.057,100.965,429.572,22.6091,7.79,1.98,0.0,0.0,0.0,1.0,1.0,1.0
orders_6_months_synthetic [04/20/2026],04/20/2026,Min-Max mTSP (Tour Partitioning),19,16,480.818,100.965,433.619,22.8221,8.74,3.02,31.3,0.0,-0.9,1.456,1.0,0.991
orders_6_months_synthetic [04/20/2026],04/20/2026,CVRP ITP (Iterated Partitioning),19,16,363.554,125.158,462.522,24.3433,6.89,2.82,48.1,-24.0,-7.7,1.926,0.807,0.929
orders_6_months_synthetic [04/20/2026],04/20/2026,MLP Geometric Scaling (Latency),19,16,741.365,100.965,378.241,19.9074,10.86,2.61,-5.9,0.0,11.9,0.944,1.0,1.136
orders_6_months_synthetic [04/20/2026],04/20/2026,Bi-Objective (Makespan & Latency),19,16,742.276,100.965,389.934,20.5228,8.74,2.15,-6.0,0.0,9.2,0.943,1.0,1.102
orders_6_months_synthetic [04/20/2026],04/20/2026,OR-Tools (Guided Local Search),19,16,269.257,95.896,557.766,29.3561,8.99,3.63,61.5,5.0,-29.8,2.6,1.053,0.77
orders_6_months_synthetic [04/21/2026],04/21/2026,Original / Realized Routes,17,11,577.107,103.576,403.385,23.7285,8.98,2.76,0.0,0.0,0.0,1.0,1.0,1.0
orders_6_months_synthetic [04/21/2026],04/21/2026,Min-Max mTSP (Tour Partitioning),17,11,378.904,103.576,346.0,20.3529,13.85,4.31,34.3,0.0,14.2,1.523,1.0,1.166
orders_6_months_synthetic [04/21/2026],04/21/2026,CVRP ITP (Iterated Partitioning),17,11,374.108,144.372,567.587,33.3875,8.98,3.81,35.2,-39.4,-40.7,1.543,0.717,0.711
orders_6_months_synthetic [04/21/2026],04/21/2026,MLP Geometric Scaling (Latency),17,11,572.009,103.576,372.55,21.9147,8.98,2.52,0.9,0.0,7.6,1.009,1.0,1.083
orders_6_months_synthetic [04/21/2026],04/21/2026,Bi-Objective (Makespan & Latency),17,11,571.561,103.576,402.672,23.6866,8.98,2.83,1.0,0.0,0.2,1.01,1.0,1.002
orders_6_months_synthetic [04/21/2026],04/21/2026,OR-Tools (Guided Local Search),17,11,268.689,97.523,491.078,28.8869,9.89,4.38,53.4,5.8,-21.7,2.148,1.062,0.821
orders_6_months_synthetic [04/22/2026],04/22/2026,Original / Realized Routes,14,11,457.272,71.607,300.618,21.4727,4.5,1.29,0.0,0.0,0.0,1.0,1.0,1.0
orders_6_months_synthetic [04/22/2026],04/22/2026,Min-Max mTSP (Tour Partitioning),14,11,306.222,72.521,285.481,20.3915,4.38,1.73,33.0,-1.3,5.0,1.493,0.987,1.053
orders_6_months_synthetic [04/22/2026],04/22/2026,CVRP ITP (Iterated Partitioning),14,11,348.346,71.462,333.585,23.8275,3.92,1.57,23.8,0.2,-11.0,1.313,1.002,0.901
orders_6_months_synthetic [04/22/2026],04/22/2026,MLP Geometric Scaling (Latency),14,11,484.061,71.607,259.243,18.5174,4.38,1.15,-5.9,0.0,13.8,0.945,1.0,1.16
orders_6_months_synthetic [04/22/2026],04/22/2026,Bi-Objective (Makespan & Latency),14,11,486.216,71.607,252.077,18.0055,4.38,1.21,-6.3,0.0,16.1,0.94,1.0,1.193
orders_6_months_synthetic [04/22/2026],04/22/2026,OR-Tools (Guided Local Search),14,11,181.069,64.863,374.738,26.767,8.69,3.06,60.4,9.4,-24.7,2.525,1.104,0.802
orders_6_months_synthetic [04/23/2026],04/23/2026,Original / Realized Routes,13,11,466.766,77.796,246.496,18.9612,5.42,1.54,0.0,0.0,0.0,1.0,1.0,1.0
orders_6_months_synthetic [04/23/2026],04/23/2026,Min-Max mTSP (Tour Partitioning),13,11,300.348,77.796,247.625,19.0481,8.57,2.93,35.7,0.0,-0.5,1.554,1.0,0.995
orders_6_months_synthetic [04/23/2026],04/23/2026,CVRP ITP (Iterated Partitioning),13,11,310.284,103.996,351.197,27.0152,5.42,2.19,33.5,-33.7,-42.5,1.504,0.748,0.702
orders_6_months_synthetic [04/23/2026],04/23/2026,MLP Geometric Scaling (Latency),13,11,481.426,77.796,259.376,19.952,6.03,1.7,-3.1,0.0,-5.2,0.97,1.0,0.95
orders_6_months_synthetic [04/23/2026],04/23/2026,Bi-Objective (Makespan & Latency),13,11,481.426,77.796,259.376,19.952,6.03,1.7,-3.1,0.0,-5.2,0.97,1.0,0.95
orders_6_months_synthetic [04/23/2026],04/23/2026,OR-Tools (Guided Local Search),13,11,240.437,77.796,301.954,23.2272,8.75,3.56,48.5,0.0,-22.5,1.941,1.0,0.816
orders_6_months_synthetic [04/24/2026],04/24/2026,Original / Realized Routes,15,13,670.251,103.576,413.312,27.5541,3.29,0.97,0.0,0.0,0.0,1.0,1.0,1.0
orders_6_months_synthetic [04/24/2026],04/24/2026,Min-Max mTSP (Tour Partitioning),15,13,455.96,110.161,393.63,26.242,10.64,2.97,32.0,-6.4,4.8,1.47,0.94,1.05
orders_6_months_synthetic [04/24/2026],04/24/2026,CVRP ITP (Iterated Partitioning),15,13,586.589,103.576,397.769,26.5179,3.29,1.11,12.5,0.0,3.8,1.143,1.0,1.039
orders_6_months_synthetic [04/24/2026],04/24/2026,MLP Geometric Scaling (Latency),15,13,731.982,103.576,363.721,24.2481,5.32,1.73,-9.2,0.0,12.0,0.916,1.0,1.136
orders_6_months_synthetic [04/24/2026],04/24/2026,Bi-Objective (Makespan & Latency),15,13,738.92,103.576,379.885,25.3257,5.32,1.45,-10.2,0.0,8.1,0.907,1.0,1.088
orders_6_months_synthetic [04/24/2026],04/24/2026,OR-Tools (Guided Local Search),15,13,365.377,99.883,817.958,54.5305,8.17,3.29,45.5,3.6,-97.9,1.834,1.037,0.505
orders_6_months_synthetic [04/27/2026],04/27/2026,Original / Realized Routes,26,20,990.063,100.965,704.657,27.1022,8.68,2.08,0.0,0.0,0.0,1.0,1.0,1.0
orders_6_months_synthetic [04/27/2026],04/27/2026,Min-Max mTSP (Tour Partitioning),26,20,616.233,114.775,661.571,25.445,15.6,4.04,37.8,-13.7,6.1,1.607,0.88,1.065
orders_6_months_synthetic [04/27/2026],04/27/2026,CVRP ITP (Iterated Partitioning),26,20,407.154,162.741,775.66,29.8331,8.68,3.65,58.9,-61.2,-10.1,2.432,0.62,0.908
orders_6_months_synthetic [04/27/2026],04/27/2026,MLP Geometric Scaling (Latency),26,20,1075.485,114.775,593.471,22.8258,13.29,2.89,-8.6,-13.7,15.8,0.921,0.88,1.187
orders_6_months_synthetic [04/27/2026],04/27/2026,Bi-Objective (Makespan & Latency),26,20,1074.486,114.775,594.152,22.852,10.37,2.48,-8.5,-13.7,15.7,0.921,0.88,1.186
orders_6_months_synthetic [04/27/2026],04/27/2026,OR-Tools (Guided Local Search),26,20,363.102,95.019,1031.812,39.6851,9.93,4.11,63.3,5.9,-46.4,2.727,1.063,0.683
orders_6_months_synthetic [04/28/2026],04/28/2026,Original / Realized Routes,22,16,797.005,70.651,511.89,23.2677,9.54,2.74,0.0,0.0,0.0,1.0,1.0,1.0
orders_6_months_synthetic [04/28/2026],04/28/2026,Min-Max mTSP (Tour Partitioning),22,16,384.016,70.651,479.568,21.7985,9.54,3.44,51.8,0.0,6.3,2.075,1.0,1.067
orders_6_months_synthetic [04/28/2026],04/28/2026,CVRP ITP (Iterated Partitioning),22,16,371.13,119.817,1008.551,45.8432,9.54,3.76,53.4,-69.6,-97.0,2.148,0.59,0.508
orders_6_months_synthetic [04/28/2026],04/28/2026,MLP Geometric Scaling (Latency),22,16,783.548,70.651,491.769,22.3531,9.54,2.59,1.7,0.0,3.9,1.017,1.0,1.041
orders_6_months_synthetic [04/28/2026],04/28/2026,Bi-Objective (Makespan & Latency),22,16,774.493,70.651,449.824,20.4465,9.54,2.82,2.8,0.0,12.1,1.029,1.0,1.138
orders_6_months_synthetic [04/28/2026],04/28/2026,OR-Tools (Guided Local Search),22,16,279.331,70.651,746.172,33.9169,9.54,3.73,65.0,0.0,-45.8,2.853,1.0,0.686
orders_6_months_synthetic [04/29/2026],04/29/2026,Original / Realized Routes,20,16,726.162,103.522,469.201,23.46,6.71,2.09,0.0,0.0,0.0,1.0,1.0,1.0
orders_6_months_synthetic [04/29/2026],04/29/2026,Min-Max mTSP (Tour Partitioning),20,16,476.708,103.522,411.026,20.5513,10.41,3.52,34.4,0.0,12.4,1.523,1.0,1.142
orders_6_months_synthetic [04/29/2026],04/29/2026,CVRP ITP (Iterated Partitioning),20,16,492.922,125.309,658.651,32.9326,6.71,2.72,32.1,-21.0,-40.4,1.473,0.826,0.712
orders_6_months_synthetic [04/29/2026],04/29/2026,MLP Geometric Scaling (Latency),20,16,757.824,103.522,398.793,19.9397,7.21,2.22,-4.4,0.0,15.0,0.958,1.0,1.177
orders_6_months_synthetic [04/29/2026],04/29/2026,Bi-Objective (Makespan & Latency),20,16,637.729,119.995,460.552,23.0276,9.82,2.69,12.2,-15.9,1.8,1.139,0.863,1.019
orders_6_months_synthetic [04/29/2026],04/29/2026,OR-Tools (Guided Local Search),20,16,316.452,97.467,621.556,31.0778,9.88,4.01,56.4,5.8,-32.5,2.295,1.062,0.755
orders_6_months_synthetic [04/30/2026],04/30/2026,Original / Realized Routes,17,13,636.418,77.796,443.302,26.0766,7.07,1.89,0.0,0.0,0.0,1.0,1.0,1.0
orders_6_months_synthetic [04/30/2026],04/30/2026,Min-Max mTSP (Tour Partitioning),17,13,409.181,77.897,415.357,24.4328,15.18,4.26,35.7,-0.1,6.3,1.555,0.999,1.067
orders_6_months_synthetic [04/30/2026],04/30/2026,CVRP ITP (Iterated Partitioning),17,13,439.33,94.2,501.47,29.4982,7.07,2.91,31.0,-21.1,-13.1,1.449,0.826,0.884
orders_6_months_synthetic [04/30/2026],04/30/2026,MLP Geometric Scaling (Latency),17,13,667.002,77.796,359.521,21.1483,7.07,2.03,-4.8,0.0,18.9,0.954,1.0,1.233
orders_6_months_synthetic [04/30/2026],04/30/2026,Bi-Objective (Makespan & Latency),17,13,672.398,77.796,371.963,21.8802,7.07,2.03,-5.7,0.0,16.1,0.946,1.0,1.192
orders_6_months_synthetic [04/30/2026],04/30/2026,OR-Tools (Guided Local Search),17,13,272.264,77.088,475.491,27.9701,9.38,4.15,57.2,0.9,-7.3,2.338,1.009,0.932
orders_6_months_synthetic [05/01/2026],05/01/2026,Original / Realized Routes,21,18,952.059,103.576,589.725,28.0821,5.03,1.33,0.0,0.0,0.0,1.0,1.0,1.0
orders_6_months_synthetic [05/01/2026],05/01/2026,Min-Max mTSP (Tour Partitioning),21,18,508.669,110.161,542.961,25.8553,9.59,2.96,46.6,-6.4,7.9,1.872,0.94,1.086
orders_6_months_synthetic [05/01/2026],05/01/2026,CVRP ITP (Iterated Partitioning),21,18,667.601,131.919,712.813,33.9435,4.83,1.9,29.9,-27.4,-20.9,1.426,0.785,0.827
orders_6_months_synthetic [05/01/2026],05/01/2026,MLP Geometric Scaling (Latency),21,18,1060.976,114.775,555.521,26.4534,6.9,1.84,-11.4,-10.8,5.8,0.897,0.902,1.062
orders_6_months_synthetic [05/01/2026],05/01/2026,Bi-Objective (Makespan & Latency),21,18,1054.94,114.775,536.822,25.563,7.52,1.88,-10.8,-10.8,9.0,0.902,0.902,1.099
orders_6_months_synthetic [05/01/2026],05/01/2026,OR-Tools (Guided Local Search),21,18,395.556,99.883,1062.113,50.5768,9.59,3.57,58.5,3.6,-80.1,2.407,1.037,0.555
orders_6_months_synthetic [05/04/2026],05/04/2026,Original / Realized Routes,19,15,740.858,100.965,496.94,26.1547,7.01,1.99,0.0,0.0,0.0,1.0,1.0,1.0
orders_6_months_synthetic [05/04/2026],05/04/2026,Min-Max mTSP (Tour Partitioning),19,15,419.424,100.965,430.88,22.6779,12.16,3.38,43.4,0.0,13.3,1.766,1.0,1.153
orders_6_months_synthetic [05/04/2026],05/04/2026,CVRP ITP (Iterated Partitioning),19,15,345.153,100.965,567.435,29.865,7.01,3.09,53.4,0.0,-14.2,2.146,1.0,0.876
orders_6_months_synthetic [05/04/2026],05/04/2026,MLP Geometric Scaling (Latency),19,15,784.069,100.965,427.803,22.5159,7.94,2.3,-5.8,0.0,13.9,0.945,1.0,1.162
orders_6_months_synthetic [05/04/2026],05/04/2026,Bi-Objective (Makespan & Latency),19,15,793.753,100.965,447.619,23.5589,8.94,2.52,-7.1,0.0,9.9,0.933,1.0,1.11
orders_6_months_synthetic [05/04/2026],05/04/2026,OR-Tools (Guided Local Search),19,15,273.936,95.896,666.634,35.086,9.83,3.57,63.0,5.0,-34.1,2.704,1.053,0.745
orders_6_months_synthetic [05/05/2026],05/05/2026,Original / Realized Routes,19,12,634.773,103.576,459.014,24.1586,10.29,3.08,0.0,0.0,0.0,1.0,1.0,1.0
orders_6_months_synthetic [05/05/2026],05/05/2026,Min-Max mTSP (Tour Partitioning),19,12,393.507,103.576,412.112,21.6901,15.19,4.73,38.0,0.0,10.2,1.613,1.0,1.114
orders_6_months_synthetic [05/05/2026],05/05/2026,CVRP ITP (Iterated Partitioning),19,12,375.775,147.396,666.599,35.0842,10.29,4.57,40.8,-42.3,-45.2,1.689,0.703,0.689
orders_6_months_synthetic [05/05/2026],05/05/2026,MLP Geometric Scaling (Latency),19,12,629.986,103.576,445.39,23.4416,10.29,2.97,0.8,0.0,3.0,1.008,1.0,1.031
orders_6_months_synthetic [05/05/2026],05/05/2026,Bi-Objective (Makespan & Latency),19,12,586.796,110.062,416.109,21.9005,10.29,3.21,7.6,-6.3,9.3,1.082,0.941,1.103
orders_6_months_synthetic [05/05/2026],05/05/2026,OR-Tools (Guided Local Search),19,12,0.0,0.0,0.0,0.0,0.0,0.0,100.0,100.0,100.0,1.0,1.0,1.0
orders_6_months_synthetic [05/06/2026],05/06/2026,Original / Realized Routes,16,13,525.732,71.607,301.415,18.8384,4.07,1.05,0.0,0.0,0.0,1.0,1.0,1.0
orders_6_months_synthetic [05/06/2026],05/06/2026,Min-Max mTSP (Tour Partitioning),16,13,267.141,71.021,288.071,18.0044,4.98,1.88,49.2,0.8,4.4,1.968,1.008,1.046
orders_6_months_synthetic [05/06/2026],05/06/2026,CVRP ITP (Iterated Partitioning),16,13,341.256,71.607,345.837,21.6148,4.07,1.74,35.1,0.0,-14.7,1.541,1.0,0.872
orders_6_months_synthetic [05/06/2026],05/06/2026,MLP Geometric Scaling (Latency),16,13,513.248,71.607,272.092,17.0057,4.1,1.17,2.4,0.0,9.7,1.024,1.0,1.108
orders_6_months_synthetic [05/06/2026],05/06/2026,Bi-Objective (Makespan & Latency),16,13,504.655,71.607,258.687,16.1679,4.07,1.04,4.0,0.0,14.2,1.042,1.0,1.165
orders_6_months_synthetic [05/06/2026],05/06/2026,OR-Tools (Guided Local Search),16,13,184.108,64.604,445.91,27.8694,8.99,3.06,65.0,9.8,-47.9,2.856,1.108,0.676
orders_6_months_synthetic [05/07/2026],05/07/2026,Original / Realized Routes,17,13,603.485,96.02,410.019,24.1188,4.9,1.61,0.0,0.0,0.0,1.0,1.0,1.0
orders_6_months_synthetic [05/07/2026],05/07/2026,Min-Max mTSP (Tour Partitioning),17,13,334.527,78.348,369.953,21.7619,10.1,3.33,44.6,18.4,9.8,1.804,1.226,1.108
orders_6_months_synthetic [05/07/2026],05/07/2026,CVRP ITP (Iterated Partitioning),17,13,381.164,86.001,451.158,26.5387,4.9,2.2,36.8,10.4,-10.0,1.583,1.116,0.909
orders_6_months_synthetic [05/07/2026],05/07/2026,MLP Geometric Scaling (Latency),17,13,657.981,77.796,371.294,21.8408,5.61,1.89,-9.0,19.0,9.4,0.917,1.234,1.104
orders_6_months_synthetic [05/07/2026],05/07/2026,Bi-Objective (Makespan & Latency),17,13,634.937,77.796,329.332,19.3725,6.23,2.0,-5.2,19.0,19.7,0.95,1.234,1.245
orders_6_months_synthetic [05/07/2026],05/07/2026,OR-Tools (Guided Local Search),17,13,277.672,77.924,572.501,33.6765,8.57,3.65,54.0,18.8,-39.6,2.173,1.232,0.716
orders_6_months_synthetic [05/08/2026],05/08/2026,Original / Realized Routes,12,11,602.817,103.576,325.17,27.0975,4.23,0.99,0.0,0.0,0.0,1.0,1.0,1.0
orders_6_months_synthetic [05/08/2026],05/08/2026,Min-Max mTSP (Tour Partitioning),12,11,388.046,110.161,338.019,28.1683,5.59,2.42,35.6,-6.4,-4.0,1.553,0.94,0.962
orders_6_months_synthetic [05/08/2026],05/08/2026,CVRP ITP (Iterated Partitioning),12,11,424.299,103.576,390.372,32.531,4.23,1.94,29.6,0.0,-20.1,1.421,1.0,0.833
orders_6_months_synthetic [05/08/2026],05/08/2026,MLP Geometric Scaling (Latency),12,11,646.748,103.576,318.41,26.5342,4.23,1.18,-7.3,0.0,2.1,0.932,1.0,1.021
orders_6_months_synthetic [05/08/2026],05/08/2026,Bi-Objective (Makespan & Latency),12,11,645.624,103.576,317.286,26.4405,4.23,1.0,-7.1,0.0,2.4,0.934,1.0,1.025
orders_6_months_synthetic [05/08/2026],05/08/2026,OR-Tools (Guided Local Search),12,11,361.339,99.883,634.579,52.8816,7.66,3.08,40.1,3.6,-95.2,1.668,1.037,0.512
orders_6_months_synthetic [05/11/2026],05/11/2026,Original / Realized Routes,27,21,1027.578,100.965,722.368,26.7544,7.73,1.89,0.0,0.0,0.0,1.0,1.0,1.0
orders_6_months_synthetic [05/11/2026],05/11/2026,Min-Max mTSP (Tour Partitioning),27,21,631.057,114.775,695.539,25.7607,13.83,3.73,38.6,-13.7,3.7,1.628,0.88,1.039
orders_6_months_synthetic [05/11/2026],05/11/2026,CVRP ITP (Iterated Partitioning),27,21,538.415,141.245,772.296,28.6036,7.73,3.07,47.6,-39.9,-6.9,1.909,0.715,0.935
orders_6_months_synthetic [05/11/2026],05/11/2026,MLP Geometric Scaling (Latency),27,21,1093.229,114.775,594.267,22.0099,8.75,2.18,-6.4,-13.7,17.7,0.94,0.88,1.216
orders_6_months_synthetic [05/11/2026],05/11/2026,Bi-Objective (Makespan & Latency),27,21,1094.015,114.775,585.628,21.6899,8.69,2.17,-6.5,-13.7,18.9,0.939,0.88,1.233
orders_6_months_synthetic [05/11/2026],05/11/2026,OR-Tools (Guided Local Search),27,21,369.014,95.019,966.469,35.7951,9.9,4.12,64.1,5.9,-33.8,2.785,1.063,0.747
orders_6_months_synthetic [05/12/2026],05/12/2026,Original / Realized Routes,22,17,843.935,103.576,493.753,22.4433,10.58,2.83,0.0,0.0,0.0,1.0,1.0,1.0
orders_6_months_synthetic [05/12/2026],05/12/2026,Min-Max mTSP (Tour Partitioning),22,17,535.5,103.576,527.769,23.9895,10.58,3.54,36.5,0.0,-6.9,1.576,1.0,0.936
orders_6_months_synthetic [05/12/2026],05/12/2026,CVRP ITP (Iterated Partitioning),22,17,405.827,163.301,1056.106,48.0048,10.58,4.43,51.9,-57.7,-113.9,2.08,0.634,0.468
orders_6_months_synthetic [05/12/2026],05/12/2026,MLP Geometric Scaling (Latency),22,17,870.41,103.576,485.687,22.0767,10.58,2.81,-3.1,0.0,1.6,0.97,1.0,1.017
orders_6_months_synthetic [05/12/2026],05/12/2026,Bi-Objective (Makespan & Latency),22,17,869.118,103.576,482.075,21.9125,10.58,2.93,-3.0,0.0,2.4,0.971,1.0,1.024
orders_6_months_synthetic [05/12/2026],05/12/2026,OR-Tools (Guided Local Search),22,17,0.0,0.0,0.0,0.0,0.0,0.0,100.0,100.0,100.0,1.0,1.0,1.0
orders_6_months_synthetic [05/13/2026],05/13/2026,Original / Realized Routes,18,16,804.589,103.522,432.693,24.0385,7.58,2.12,0.0,0.0,0.0,1.0,1.0,1.0
orders_6_months_synthetic [05/13/2026],05/13/2026,Min-Max mTSP (Tour Partitioning),18,16,551.062,103.522,469.415,26.0786,8.15,2.91,31.5,0.0,-8.5,1.46,1.0,0.922
orders_6_months_synthetic [05/13/2026],05/13/2026,CVRP ITP (Iterated Partitioning),18,16,457.082,164.128,557.629,30.9794,7.58,2.86,43.2,-58.5,-28.9,1.76,0.631,0.776
orders_6_months_synthetic [05/13/2026],05/13/2026,MLP Geometric Scaling (Latency),18,16,797.635,103.522,397.945,22.1081,7.58,2.12,0.9,0.0,8.0,1.009,1.0,1.087
orders_6_months_synthetic [05/13/2026],05/13/2026,Bi-Objective (Makespan & Latency),18,16,796.625,103.522,411.172,22.8429,7.58,2.12,1.0,0.0,5.0,1.01,1.0,1.052
orders_6_months_synthetic [05/13/2026],05/13/2026,OR-Tools (Guided Local Search),18,16,361.996,97.888,671.49,37.305,8.72,3.36,55.0,5.4,-55.2,2.223,1.058,0.644
orders_6_months_synthetic [05/14/2026],05/14/2026,Original / Realized Routes,19,13,597.756,98.442,453.177,23.8514,4.89,1.27,0.0,0.0,0.0,1.0,1.0,1.0
orders_6_months_synthetic [05/14/2026],05/14/2026,Min-Max mTSP (Tour Partitioning),19,13,409.345,83.189,391.073,20.5828,7.42,2.44,31.5,15.5,13.7,1.46,1.183,1.159
orders_6_months_synthetic [05/14/2026],05/14/2026,CVRP ITP (Iterated Partitioning),19,13,463.53,100.517,617.778,32.5146,4.89,1.95,22.5,-2.1,-36.3,1.29,0.979,0.734
orders_6_months_synthetic [05/14/2026],05/14/2026,MLP Geometric Scaling (Latency),19,13,694.272,81.995,437.068,23.0036,4.89,1.44,-16.1,16.7,3.6,0.861,1.201,1.037
orders_6_months_synthetic [05/14/2026],05/14/2026,Bi-Objective (Makespan & Latency),19,13,692.951,81.995,428.701,22.5632,4.89,1.41,-15.9,16.7,5.4,0.863,1.201,1.057
orders_6_months_synthetic [05/14/2026],05/14/2026,OR-Tools (Guided Local Search),19,13,321.113,81.294,782.573,41.1881,8.96,3.51,46.3,17.4,-72.7,1.862,1.211,0.579
orders_6_months_synthetic [05/15/2026],05/15/2026,Original / Realized Routes,17,16,828.165,103.576,471.117,27.7128,6.24,1.66,0.0,0.0,0.0,1.0,1.0,1.0
orders_6_months_synthetic [05/15/2026],05/15/2026,Min-Max mTSP (Tour Partitioning),17,16,470.207,110.161,440.123,25.8896,11.3,3.41,43.2,-6.4,6.6,1.761,0.94,1.07
orders_6_months_synthetic [05/15/2026],05/15/2026,CVRP ITP (Iterated Partitioning),17,16,481.518,115.615,471.937,27.761,6.24,2.44,41.9,-11.6,-0.2,1.72,0.896,0.998
orders_6_months_synthetic [05/15/2026],05/15/2026,MLP Geometric Scaling (Latency),17,16,902.958,114.775,439.995,25.8821,6.4,1.82,-9.0,-10.8,6.6,0.917,0.902,1.071
orders_6_months_synthetic [05/15/2026],05/15/2026,Bi-Objective (Makespan & Latency),17,16,905.868,114.775,442.905,26.0532,6.24,1.71,-9.4,-10.8,6.0,0.914,0.902,1.064
orders_6_months_synthetic [05/15/2026],05/15/2026,OR-Tools (Guided Local Search),17,16,387.04,99.883,903.828,53.1664,9.28,3.64,53.3,3.6,-91.8,2.14,1.037,0.521
orders_6_months_synthetic [05/18/2026],05/18/2026,Original / Realized Routes,16,14,655.151,100.965,370.604,23.1628,4.57,1.23,0.0,0.0,0.0,1.0,1.0,1.0
orders_6_months_synthetic [05/18/2026],05/18/2026,Min-Max mTSP (Tour Partitioning),16,14,375.671,100.965,344.83,21.5519,5.52,1.93,42.7,0.0,7.0,1.744,1.0,1.075
orders_6_months_synthetic [05/18/2026],05/18/2026,CVRP ITP (Iterated Partitioning),16,14,373.685,110.589,490.698,30.6686,3.77,1.69,43.0,-9.5,-32.4,1.753,0.913,0.755
orders_6_months_synthetic [05/18/2026],05/18/2026,MLP Geometric Scaling (Latency),16,14,642.154,100.965,320.874,20.0546,4.66,1.35,2.0,0.0,13.4,1.02,1.0,1.155
orders_6_months_synthetic [05/18/2026],05/18/2026,Bi-Objective (Makespan & Latency),16,14,642.154,100.965,320.874,20.0546,4.66,1.35,2.0,0.0,13.4,1.02,1.0,1.155
orders_6_months_synthetic [05/18/2026],05/18/2026,OR-Tools (Guided Local Search),16,14,216.239,95.896,628.439,39.2774,9.82,3.53,67.0,5.0,-69.6,3.03,1.053,0.59
orders_6_months_synthetic [05/19/2026],05/19/2026,Original / Realized Routes,14,9,397.471,70.651,293.259,20.9471,10.35,3.57,0.0,0.0,0.0,1.0,1.0,1.0
orders_6_months_synthetic [05/19/2026],05/19/2026,Min-Max mTSP (Tour Partitioning),14,9,284.789,71.162,269.512,19.2509,12.96,4.75,28.3,-0.7,8.1,1.396,0.993,1.088
orders_6_months_synthetic [05/19/2026],05/19/2026,CVRP ITP (Iterated Partitioning),14,9,255.499,104.319,478.4,34.1714,10.35,4.38,35.7,-47.7,-63.1,1.556,0.677,0.613
orders_6_months_synthetic [05/19/2026],05/19/2026,MLP Geometric Scaling (Latency),14,9,384.493,70.651,266.779,19.0556,10.35,3.45,3.3,0.0,9.0,1.034,1.0,1.099
orders_6_months_synthetic [05/19/2026],05/19/2026,Bi-Objective (Makespan & Latency),14,9,411.193,70.651,302.277,21.5912,10.35,3.69,-3.5,0.0,-3.1,0.967,1.0,0.97
orders_6_months_synthetic [05/19/2026],05/19/2026,OR-Tools (Guided Local Search),14,9,0.0,0.0,0.0,0.0,0.0,0.0,100.0,100.0,100.0,1.0,1.0,1.0
orders_6_months_synthetic [05/20/2026],05/20/2026,Original / Realized Routes,13,11,431.133,66.962,256.872,19.7594,4.9,1.3,0.0,0.0,0.0,1.0,1.0,1.0
orders_6_months_synthetic [05/20/2026],05/20/2026,Min-Max mTSP (Tour Partitioning),13,11,312.305,66.962,241.25,18.5577,6.0,1.91,27.6,0.0,6.1,1.38,1.0,1.065
orders_6_months_synthetic [05/20/2026],05/20/2026,CVRP ITP (Iterated Partitioning),13,11,261.598,91.819,331.172,25.4748,4.9,1.99,39.3,-37.1,-28.9,1.648,0.729,0.776
orders_6_months_synthetic [05/20/2026],05/20/2026,MLP Geometric Scaling (Latency),13,11,424.179,66.962,222.124,17.0865,4.9,1.32,1.6,0.0,13.5,1.016,1.0,1.156
orders_6_months_synthetic [05/20/2026],05/20/2026,Bi-Objective (Makespan & Latency),13,11,368.612,66.962,216.631,16.6639,4.9,1.45,14.5,0.0,15.7,1.17,1.0,1.186
orders_6_months_synthetic [05/20/2026],05/20/2026,OR-Tools (Guided Local Search),13,11,178.85,65.968,342.682,26.3602,9.93,3.24,58.5,1.5,-33.4,2.411,1.015,0.75
orders_6_months_synthetic [05/21/2026],05/21/2026,Original / Realized Routes,13,10,409.965,79.387,255.739,19.6722,4.29,1.23,0.0,0.0,0.0,1.0,1.0,1.0
orders_6_months_synthetic [05/21/2026],05/21/2026,Min-Max mTSP (Tour Partitioning),13,10,292.235,79.142,250.125,19.2404,6.95,2.33,28.7,0.3,2.2,1.403,1.003,1.022
orders_6_months_synthetic [05/21/2026],05/21/2026,CVRP ITP (Iterated Partitioning),13,10,382.609,98.525,348.605,26.8158,4.29,1.78,6.7,-24.1,-36.3,1.071,0.806,0.734
orders_6_months_synthetic [05/21/2026],05/21/2026,MLP Geometric Scaling (Latency),13,10,493.127,77.796,292.643,22.511,4.29,1.41,-20.3,2.0,-14.4,0.831,1.02,0.874
orders_6_months_synthetic [05/21/2026],05/21/2026,Bi-Objective (Makespan & Latency),13,10,493.127,77.796,292.643,22.511,4.29,1.41,-20.3,2.0,-14.4,0.831,1.02,0.874
orders_6_months_synthetic [05/21/2026],05/21/2026,OR-Tools (Guided Local Search),13,10,318.159,77.796,383.648,29.5114,7.91,3.11,22.4,2.0,-50.0,1.289,1.02,0.667
orders_6_months_synthetic [05/22/2026],05/22/2026,Original / Realized Routes,19,17,890.341,103.576,459.76,24.1979,11.15,2.48,0.0,0.0,0.0,1.0,1.0,1.0
orders_6_months_synthetic [05/22/2026],05/22/2026,Min-Max mTSP (Tour Partitioning),19,17,531.881,110.161,465.161,24.4822,13.86,3.63,40.3,-6.4,-1.2,1.674,0.94,0.988
orders_6_months_synthetic [05/22/2026],05/22/2026,CVRP ITP (Iterated Partitioning),19,17,458.566,111.606,626.553,32.9765,11.15,4.16,48.5,-7.8,-36.3,1.942,0.928,0.734
orders_6_months_synthetic [05/22/2026],05/22/2026,MLP Geometric Scaling (Latency),19,17,918.236,103.576,453.182,23.8517,11.15,2.52,-3.1,0.0,1.4,0.97,1.0,1.015
orders_6_months_synthetic [05/22/2026],05/22/2026,Bi-Objective (Makespan & Latency),19,17,918.059,103.576,462.276,24.3303,11.15,2.47,-3.1,0.0,-0.5,0.97,1.0,0.995
orders_6_months_synthetic [05/22/2026],05/22/2026,OR-Tools (Guided Local Search),19,17,0.0,0.0,0.0,0.0,0.0,0.0,100.0,100.0,100.0,1.0,1.0,1.0
orders_6_months_synthetic [05/25/2026],05/25/2026,Original / Realized Routes,27,20,968.355,100.965,635.913,23.5523,6.74,1.87,0.0,0.0,0.0,1.0,1.0,1.0
orders_6_months_synthetic [05/25/2026],05/25/2026,Min-Max mTSP (Tour Partitioning),27,20,493.1,100.965,592.403,21.9409,13.55,4.07,49.1,0.0,6.8,1.964,1.0,1.073
orders_6_months_synthetic [05/25/2026],05/25/2026,CVRP ITP (Iterated Partitioning),27,20,537.345,160.58,1018.676,37.7287,6.74,2.82,44.5,-59.0,-60.2,1.802,0.629,0.624
orders_6_months_synthetic [05/25/2026],05/25/2026,MLP Geometric Scaling (Latency),27,20,988.242,100.965,556.462,20.6097,11.3,2.54,-2.1,0.0,12.5,0.98,1.0,1.143
orders_6_months_synthetic [05/25/2026],05/25/2026,Bi-Objective (Makespan & Latency),27,20,979.555,100.965,548.67,20.3211,8.39,2.14,-1.2,0.0,13.7,0.989,1.0,1.159
orders_6_months_synthetic [05/25/2026],05/25/2026,OR-Tools (Guided Local Search),27,20,346.409,95.019,905.636,33.5421,9.68,3.99,64.2,5.9,-42.4,2.795,1.063,0.702
orders_6_months_synthetic [05/26/2026],05/26/2026,Original / Realized Routes,19,15,697.911,70.651,399.526,21.0277,7.45,2.58,0.0,0.0,0.0,1.0,1.0,1.0
orders_6_months_synthetic [05/26/2026],05/26/2026,Min-Max mTSP (Tour Partitioning),19,15,377.563,78.151,408.316,21.4903,10.39,3.79,45.9,-10.6,-2.2,1.848,0.904,0.978
orders_6_months_synthetic [05/26/2026],05/26/2026,CVRP ITP (Iterated Partitioning),19,15,359.02,88.541,574.889,30.2573,7.45,3.14,48.6,-25.3,-43.9,1.944,0.798,0.695
orders_6_months_synthetic [05/26/2026],05/26/2026,MLP Geometric Scaling (Latency),19,15,734.69,70.651,411.236,21.644,9.56,2.67,-5.3,0.0,-2.9,0.95,1.0,0.972
orders_6_months_synthetic [05/26/2026],05/26/2026,Bi-Objective (Makespan & Latency),19,15,735.998,70.651,418.859,22.0452,9.56,2.67,-5.5,0.0,-4.8,0.948,1.0,0.954
orders_6_months_synthetic [05/26/2026],05/26/2026,OR-Tools (Guided Local Search),19,15,264.468,68.999,619.862,32.6243,9.69,4.02,62.1,2.3,-55.1,2.639,1.024,0.645
orders_6_months_synthetic [05/27/2026],05/27/2026,Original / Realized Routes,18,16,769.908,103.522,415.851,23.1028,9.12,2.4,0.0,0.0,0.0,1.0,1.0,1.0
orders_6_months_synthetic [05/27/2026],05/27/2026,Min-Max mTSP (Tour Partitioning),18,16,481.009,103.522,410.016,22.7787,9.16,3.21,37.5,0.0,1.4,1.601,1.0,1.014
orders_6_months_synthetic [05/27/2026],05/27/2026,CVRP ITP (Iterated Partitioning),18,16,539.663,115.28,459.805,25.5447,5.96,2.45,29.9,-11.4,-10.6,1.427,0.898,0.904
orders_6_months_synthetic [05/27/2026],05/27/2026,MLP Geometric Scaling (Latency),18,16,809.95,103.522,404.334,22.463,5.96,1.94,-5.2,0.0,2.8,0.951,1.0,1.028
orders_6_months_synthetic [05/27/2026],05/27/2026,Bi-Objective (Makespan & Latency),18,16,815.689,103.522,438.455,24.3586,5.96,1.83,-5.9,0.0,-5.4,0.944,1.0,0.948
orders_6_months_synthetic [05/27/2026],05/27/2026,OR-Tools (Guided Local Search),18,16,347.91,97.888,636.882,35.3823,9.98,3.83,54.8,5.4,-53.2,2.213,1.058,0.653
orders_6_months_synthetic [05/28/2026],05/28/2026,Original / Realized Routes,19,14,644.292,98.442,450.551,23.7132,7.41,1.84,0.0,0.0,0.0,1.0,1.0,1.0
orders_6_months_synthetic [05/28/2026],05/28/2026,Min-Max mTSP (Tour Partitioning),19,14,412.302,83.189,407.355,21.4397,14.73,3.97,36.0,15.5,9.6,1.563,1.183,1.106
orders_6_months_synthetic [05/28/2026],05/28/2026,CVRP ITP (Iterated Partitioning),19,14,389.508,100.931,531.49,27.9732,7.41,3.25,39.5,-2.5,-18.0,1.654,0.975,0.848
orders_6_months_synthetic [05/28/2026],05/28/2026,MLP Geometric Scaling (Latency),19,14,747.709,81.995,441.003,23.2107,7.41,1.9,-16.1,16.7,2.1,0.862,1.201,1.022
orders_6_months_synthetic [05/28/2026],05/28/2026,Bi-Objective (Makespan & Latency),19,14,747.709,81.995,441.003,23.2107,7.41,1.9,-16.1,16.7,2.1,0.862,1.201,1.022
orders_6_months_synthetic [05/28/2026],05/28/2026,OR-Tools (Guided Local Search),19,14,335.114,81.287,602.636,31.7177,9.61,3.95,48.0,17.4,-33.8,1.923,1.211,0.748
orders_6_months_synthetic [05/29/2026],05/29/2026,Original / Realized Routes,18,17,861.643,103.576,486.776,27.0431,5.86,1.73,0.0,0.0,0.0,1.0,1.0,1.0
orders_6_months_synthetic [05/29/2026],05/29/2026,Min-Max mTSP (Tour Partitioning),18,17,396.645,110.161,468.406,26.0226,9.37,3.55,54.0,-6.4,3.8,2.172,0.94,1.039
orders_6_months_synthetic [05/29/2026],05/29/2026,CVRP ITP (Iterated Partitioning),18,17,611.257,131.919,627.103,34.8391,5.86,2.36,29.1,-27.4,-28.8,1.41,0.785,0.776
orders_6_months_synthetic [05/29/2026],05/29/2026,MLP Geometric Scaling (Latency),18,17,936.436,114.775,455.654,25.3141,5.86,1.76,-8.7,-10.8,6.4,0.92,0.902,1.068
orders_6_months_synthetic [05/29/2026],05/29/2026,Bi-Objective (Makespan & Latency),18,17,939.346,114.775,458.564,25.4758,5.86,1.69,-9.0,-10.8,5.8,0.917,0.902,1.062
orders_6_months_synthetic [05/29/2026],05/29/2026,OR-Tools (Guided Local Search),18,17,372.767,99.883,767.545,42.6414,9.37,3.92,56.7,3.6,-57.7,2.311,1.037,0.634
orders_6_months_synthetic [06/01/2026],06/01/2026,Original / Realized Routes,19,16,711.059,100.965,433.782,22.8306,8.68,2.21,0.0,0.0,0.0,1.0,1.0,1.0
orders_6_months_synthetic [06/01/2026],06/01/2026,Min-Max mTSP (Tour Partitioning),19,16,413.795,100.965,393.451,20.7079,13.77,3.51,41.8,0.0,9.3,1.718,1.0,1.103
orders_6_months_synthetic [06/01/2026],06/01/2026,CVRP ITP (Iterated Partitioning),19,16,291.43,151.441,755.563,39.7665,8.68,3.36,59.0,-50.0,-74.2,2.44,0.667,0.574
orders_6_months_synthetic [06/01/2026],06/01/2026,MLP Geometric Scaling (Latency),19,16,758.705,100.965,397.901,20.9422,9.82,2.6,-6.7,0.0,8.3,0.937,1.0,1.09
orders_6_months_synthetic [06/01/2026],06/01/2026,Bi-Objective (Makespan & Latency),19,16,736.705,100.965,382.558,20.1346,9.84,2.56,-3.6,0.0,11.8,0.965,1.0,1.134
orders_6_months_synthetic [06/01/2026],06/01/2026,OR-Tools (Guided Local Search),19,16,258.518,95.896,649.019,34.1589,9.84,3.54,63.6,5.0,-49.6,2.751,1.053,0.668
orders_6_months_synthetic [06/02/2026],06/02/2026,Original / Realized Routes,20,12,628.387,103.576,491.584,24.5792,7.78,2.53,0.0,0.0,0.0,1.0,1.0,1.0
orders_6_months_synthetic [06/02/2026],06/02/2026,Min-Max mTSP (Tour Partitioning),20,12,394.654,103.576,451.217,22.5608,9.15,3.45,37.2,0.0,8.2,1.592,1.0,1.089
orders_6_months_synthetic [06/02/2026],06/02/2026,CVRP ITP (Iterated Partitioning),20,12,386.125,135.25,604.678,30.2339,7.78,3.42,38.6,-30.6,-23.0,1.627,0.766,0.813
orders_6_months_synthetic [06/02/2026],06/02/2026,MLP Geometric Scaling (Latency),20,12,566.391,103.576,420.399,21.0199,7.78,2.5,9.9,0.0,14.5,1.109,1.0,1.169
orders_6_months_synthetic [06/02/2026],06/02/2026,Bi-Objective (Makespan & Latency),20,12,617.739,103.576,477.546,23.8773,8.66,2.86,1.7,0.0,2.9,1.017,1.0,1.029
orders_6_months_synthetic [06/02/2026],06/02/2026,OR-Tools (Guided Local Search),20,12,280.922,97.523,632.041,31.602,9.94,4.08,55.3,5.8,-28.6,2.237,1.062,0.778
orders_6_months_synthetic [06/03/2026],06/03/2026,Original / Realized Routes,18,14,611.481,77.206,359.975,19.9986,5.27,1.45,0.0,0.0,0.0,1.0,1.0,1.0
orders_6_months_synthetic [06/03/2026],06/03/2026,Min-Max mTSP (Tour Partitioning),18,14,373.732,77.206,338.238,18.791,6.16,2.1,38.9,0.0,6.0,1.636,1.0,1.064
orders_6_months_synthetic [06/03/2026],06/03/2026,CVRP ITP (Iterated Partitioning),18,14,328.885,105.873,497.682,27.649,5.27,2.32,46.2,-37.1,-38.3,1.859,0.729,0.723
orders_6_months_synthetic [06/03/2026],06/03/2026,MLP Geometric Scaling (Latency),18,14,597.543,77.206,334.799,18.5999,5.98,1.6,2.3,0.0,7.0,1.023,1.0,1.075
orders_6_months_synthetic [06/03/2026],06/03/2026,Bi-Objective (Makespan & Latency),18,14,594.135,77.206,326.579,18.1433,6.04,1.61,2.8,0.0,9.3,1.029,1.0,1.102
orders_6_months_synthetic [06/03/2026],06/03/2026,OR-Tools (Guided Local Search),18,14,232.925,76.944,672.221,37.3456,9.6,3.16,61.9,0.3,-86.7,2.625,1.003,0.536
orders_6_months_synthetic [06/04/2026],06/04/2026,Original / Realized Routes,12,10,408.374,77.796,216.336,18.028,4.57,1.49,0.0,0.0,0.0,1.0,1.0,1.0
orders_6_months_synthetic [06/04/2026],06/04/2026,Min-Max mTSP (Tour Partitioning),12,10,290.889,77.796,211.557,17.6297,7.85,2.57,28.8,0.0,2.2,1.404,1.0,1.023
orders_6_months_synthetic [06/04/2026],06/04/2026,CVRP ITP (Iterated Partitioning),12,10,305.511,99.223,311.491,25.9576,4.57,1.8,25.2,-27.5,-44.0,1.337,0.784,0.695
orders_6_months_synthetic [06/04/2026],06/04/2026,MLP Geometric Scaling (Latency),12,10,423.034,77.796,229.216,19.1013,4.57,1.57,-3.6,0.0,-6.0,0.965,1.0,0.944
orders_6_months_synthetic [06/04/2026],06/04/2026,Bi-Objective (Makespan & Latency),12,10,423.034,77.796,229.216,19.1013,4.57,1.57,-3.6,0.0,-6.0,0.965,1.0,0.944
orders_6_months_synthetic [06/04/2026],06/04/2026,OR-Tools (Guided Local Search),12,10,240.953,77.796,346.426,28.8688,9.0,3.26,41.0,0.0,-60.1,1.695,1.0,0.624
orders_6_months_synthetic [06/05/2026],06/05/2026,Original / Realized Routes,16,14,816.841,114.775,431.781,26.9863,3.64,0.9,0.0,0.0,0.0,1.0,1.0,1.0
orders_6_months_synthetic [06/05/2026],06/05/2026,Min-Max mTSP (Tour Partitioning),16,14,425.168,110.161,440.651,27.5407,5.5,2.25,47.9,4.0,-2.1,1.921,1.042,0.98
orders_6_months_synthetic [06/05/2026],06/05/2026,CVRP ITP (Iterated Partitioning),16,14,553.927,131.919,492.662,30.7914,3.64,1.56,32.2,-14.9,-14.1,1.475,0.87,0.876
orders_6_months_synthetic [06/05/2026],06/05/2026,MLP Geometric Scaling (Latency),16,14,838.989,114.775,439.48,27.4675,3.64,1.12,-2.7,0.0,-1.8,0.974,1.0,0.982
orders_6_months_synthetic [06/05/2026],06/05/2026,Bi-Objective (Makespan & Latency),16,14,838.989,114.775,439.48,27.4675,3.64,1.12,-2.7,0.0,-1.8,0.974,1.0,0.982
orders_6_months_synthetic [06/05/2026],06/05/2026,OR-Tools (Guided Local Search),16,14,375.394,99.883,911.573,56.9733,8.72,2.91,54.0,13.0,-111.1,2.176,1.149,0.474
orders_6_months_synthetic [06/08/2026],06/08/2026,Original / Realized Routes,29,22,1090.081,100.965,748.884,25.8236,10.1,2.25,0.0,0.0,0.0,1.0,1.0,1.0
orders_6_months_synthetic [06/08/2026],06/08/2026,Min-Max mTSP (Tour Partitioning),29,22,637.355,100.965,670.074,23.106,15.13,4.22,41.5,0.0,10.5,1.71,1.0,1.118
orders_6_months_synthetic [06/08/2026],06/08/2026,CVRP ITP (Iterated Partitioning),29,22,426.9,140.954,874.51,30.1555,10.1,4.02,60.8,-39.6,-16.8,2.553,0.716,0.856
orders_6_months_synthetic [06/08/2026],06/08/2026,MLP Geometric Scaling (Latency),29,22,1086.111,100.965,613.163,21.1436,15.05,3.15,0.4,0.0,18.1,1.004,1.0,1.221
orders_6_months_synthetic [06/08/2026],06/08/2026,Bi-Objective (Makespan & Latency),29,22,1121.564,100.965,656.773,22.6473,15.05,3.11,-2.9,0.0,12.3,0.972,1.0,1.14
orders_6_months_synthetic [06/08/2026],06/08/2026,OR-Tools (Guided Local Search),29,22,0.0,0.0,0.0,0.0,0.0,0.0,100.0,100.0,100.0,1.0,1.0,1.0
orders_6_months_synthetic [06/09/2026],06/09/2026,Original / Realized Routes,20,14,757.228,103.576,492.485,24.6242,9.26,2.74,0.0,0.0,0.0,1.0,1.0,1.0
orders_6_months_synthetic [06/09/2026],06/09/2026,Min-Max mTSP (Tour Partitioning),20,14,436.323,103.576,435.783,21.7891,13.79,4.07,42.4,0.0,11.5,1.735,1.0,1.13
orders_6_months_synthetic [06/09/2026],06/09/2026,CVRP ITP (Iterated Partitioning),20,14,418.686,140.105,725.364,36.2682,9.26,3.99,44.7,-35.3,-47.3,1.809,0.739,0.679
orders_6_months_synthetic [06/09/2026],06/09/2026,MLP Geometric Scaling (Latency),20,14,747.359,103.576,456.879,22.8439,9.26,2.5,1.3,0.0,7.2,1.013,1.0,1.078
orders_6_months_synthetic [06/09/2026],06/09/2026,Bi-Objective (Makespan & Latency),20,14,753.874,103.576,486.549,24.3274,9.26,2.93,0.4,0.0,1.2,1.004,1.0,1.012
orders_6_months_synthetic [06/09/2026],06/09/2026,OR-Tools (Guided Local Search),20,14,333.624,97.523,780.212,39.0106,9.81,4.02,55.9,5.8,-58.4,2.27,1.062,0.631
orders_6_months_synthetic [06/10/2026],06/10/2026,Original / Realized Routes,17,14,657.151,103.522,373.824,21.9896,8.41,2.33,0.0,0.0,0.0,1.0,1.0,1.0
orders_6_months_synthetic [06/10/2026],06/10/2026,Min-Max mTSP (Tour Partitioning),17,14,437.348,103.522,378.013,22.2361,12.66,3.52,33.4,0.0,-1.1,1.503,1.0,0.989
orders_6_months_synthetic [06/10/2026],06/10/2026,CVRP ITP (Iterated Partitioning),17,14,341.346,125.309,567.946,33.4086,8.41,3.61,48.1,-21.0,-51.9,1.925,0.826,0.658
orders_6_months_synthetic [06/10/2026],06/10/2026,MLP Geometric Scaling (Latency),17,14,655.949,103.522,354.394,20.8467,8.41,2.43,0.2,0.0,5.2,1.002,1.0,1.055
orders_6_months_synthetic [06/10/2026],06/10/2026,Bi-Objective (Makespan & Latency),17,14,553.785,103.522,333.205,19.6003,13.75,3.55,15.7,0.0,10.9,1.187,1.0,1.122
orders_6_months_synthetic [06/10/2026],06/10/2026,OR-Tools (Guided Local Search),17,14,303.684,97.888,571.93,33.6429,9.99,4.01,53.8,5.4,-53.0,2.164,1.058,0.654
orders_6_months_synthetic [06/11/2026],06/11/2026,Original / Realized Routes,20,15,659.649,98.442,458.093,22.9046,6.83,1.75,0.0,0.0,0.0,1.0,1.0,1.0
orders_6_months_synthetic [06/11/2026],06/11/2026,Min-Max mTSP (Tour Partitioning),20,15,394.122,83.189,431.832,21.5916,15.03,4.04,40.3,15.5,5.7,1.674,1.183,1.061
orders_6_months_synthetic [06/11/2026],06/11/2026,CVRP ITP (Iterated Partitioning),20,15,464.231,100.517,697.233,34.8617,6.83,2.89,29.6,-2.1,-52.2,1.421,0.979,0.657
orders_6_months_synthetic [06/11/2026],06/11/2026,MLP Geometric Scaling (Latency),20,15,757.359,81.995,423.628,21.1814,6.83,1.96,-14.8,16.7,7.5,0.871,1.201,1.081
orders_6_months_synthetic [06/11/2026],06/11/2026,Bi-Objective (Makespan & Latency),20,15,769.368,81.995,459.38,22.969,6.83,1.89,-16.6,16.7,-0.3,0.857,1.201,0.997
orders_6_months_synthetic [06/11/2026],06/11/2026,OR-Tools (Guided Local Search),20,15,334.175,81.287,556.394,27.8197,9.96,4.01,49.3,17.4,-21.5,1.974,1.211,0.823
orders_6_months_synthetic [06/12/2026],06/12/2026,Original / Realized Routes,19,18,902.403,103.576,511.323,26.9117,5.22,1.61,0.0,0.0,0.0,1.0,1.0,1.0
orders_6_months_synthetic [06/12/2026],06/12/2026,Min-Max mTSP (Tour Partitioning),19,18,574.052,110.161,481.604,25.3476,10.13,3.11,36.4,-6.4,5.8,1.572,0.94,1.062
orders_6_months_synthetic [06/12/2026],06/12/2026,CVRP ITP (Iterated Partitioning),19,18,641.407,103.576,543.9,28.6263,5.22,2.16,28.9,0.0,-6.4,1.407,1.0,0.94
orders_6_months_synthetic [06/12/2026],06/12/2026,MLP Geometric Scaling (Latency),19,18,977.196,114.775,480.201,25.2737,6.28,1.77,-8.3,-10.8,6.1,0.923,0.902,1.065
orders_6_months_synthetic [06/12/2026],06/12/2026,Bi-Objective (Makespan & Latency),19,18,977.196,114.775,480.201,25.2737,6.28,1.77,-8.3,-10.8,6.1,0.923,0.902,1.065
orders_6_months_synthetic [06/12/2026],06/12/2026,OR-Tools (Guided Local Search),19,18,390.016,99.883,996.723,52.4591,9.79,3.73,56.8,3.6,-94.9,2.314,1.037,0.513
orders_6_months_synthetic [06/15/2026],06/15/2026,Original / Realized Routes,18,16,640.847,100.965,358.538,19.9188,9.86,2.34,0.0,0.0,0.0,1.0,1.0,1.0
orders_6_months_synthetic [06/15/2026],06/15/2026,Min-Max mTSP (Tour Partitioning),18,16,393.522,100.965,366.063,20.3368,14.45,3.75,38.6,0.0,-2.1,1.628,1.0,0.979
orders_6_months_synthetic [06/15/2026],06/15/2026,CVRP ITP (Iterated Partitioning),18,16,275.901,150.972,578.739,32.1522,9.86,3.68,56.9,-49.5,-61.4,2.323,0.669,0.62
orders_6_months_synthetic [06/15/2026],06/15/2026,MLP Geometric Scaling (Latency),18,16,674.357,100.965,342.104,19.0058,9.86,2.45,-5.2,0.0,4.6,0.95,1.0,1.048
orders_6_months_synthetic [06/15/2026],06/15/2026,Bi-Objective (Makespan & Latency),18,16,683.813,100.965,358.217,19.9009,9.86,2.4,-6.7,0.0,0.1,0.937,1.0,1.001
orders_6_months_synthetic [06/15/2026],06/15/2026,OR-Tools (Guided Local Search),18,16,235.79,95.896,625.122,34.729,9.86,3.49,63.2,5.0,-74.4,2.718,1.053,0.574
orders_6_months_synthetic [06/16/2026],06/16/2026,Original / Realized Routes,19,12,644.371,103.576,457.575,24.0829,10.96,3.26,0.0,0.0,0.0,1.0,1.0,1.0
orders_6_months_synthetic [06/16/2026],06/16/2026,Min-Max mTSP (Tour Partitioning),19,12,445.27,103.576,407.482,21.4464,12.92,4.52,30.9,0.0,10.9,1.447,1.0,1.123
orders_6_months_synthetic [06/16/2026],06/16/2026,CVRP ITP (Iterated Partitioning),19,12,350.393,145.085,778.66,40.9821,10.96,4.77,45.6,-40.1,-70.2,1.839,0.714,0.588
orders_6_months_synthetic [06/16/2026],06/16/2026,MLP Geometric Scaling (Latency),19,12,593.75,103.576,410.864,21.6244,11.66,3.36,7.9,0.0,10.2,1.085,1.0,1.114
orders_6_months_synthetic [06/16/2026],06/16/2026,Bi-Objective (Makespan & Latency),19,12,589.949,103.576,378.168,19.9036,10.96,3.22,8.4,0.0,17.4,1.092,1.0,1.21
orders_6_months_synthetic [06/16/2026],06/16/2026,OR-Tools (Guided Local Search),19,12,0.0,0.0,0.0,0.0,0.0,0.0,100.0,100.0,100.0,1.0,1.0,1.0
orders_6_months_synthetic [06/17/2026],06/17/2026,Original / Realized Routes,11,10,339.121,66.962,178.028,16.1844,4.75,1.48,0.0,0.0,0.0,1.0,1.0,1.0
orders_6_months_synthetic [06/17/2026],06/17/2026,Min-Max mTSP (Tour Partitioning),11,10,237.523,66.962,198.251,18.0228,4.75,1.74,30.0,0.0,-11.4,1.428,1.0,0.898
orders_6_months_synthetic [06/17/2026],06/17/2026,CVRP ITP (Iterated Partitioning),11,10,226.369,66.962,227.265,20.6605,4.75,2.11,33.2,0.0,-27.7,1.498,1.0,0.783
orders_6_months_synthetic [06/17/2026],06/17/2026,MLP Geometric Scaling (Latency),11,10,350.418,66.962,171.954,15.6322,4.75,1.48,-3.3,0.0,3.4,0.968,1.0,1.035
orders_6_months_synthetic [06/17/2026],06/17/2026,Bi-Objective (Makespan & Latency),11,10,350.418,66.962,171.954,15.6322,4.75,1.48,-3.3,0.0,3.4,0.968,1.0,1.035
orders_6_months_synthetic [06/17/2026],06/17/2026,OR-Tools (Guided Local Search),11,10,173.299,66.962,316.257,28.7506,8.53,2.93,48.9,0.0,-77.6,1.957,1.0,0.563
orders_6_months_synthetic [06/18/2026],06/18/2026,Original / Realized Routes,13,9,387.996,77.796,284.712,21.9009,4.0,1.16,0.0,0.0,0.0,1.0,1.0,1.0
orders_6_months_synthetic [06/18/2026],06/18/2026,Min-Max mTSP (Tour Partitioning),13,9,308.165,77.796,242.304,18.6388,4.95,1.79,20.6,0.0,14.9,1.259,1.0,1.175
orders_6_months_synthetic [06/18/2026],06/18/2026,CVRP ITP (Iterated Partitioning),13,9,263.983,99.223,343.124,26.3942,4.0,1.79,32.0,-27.5,-20.5,1.47,0.784,0.83
orders_6_months_synthetic [06/18/2026],06/18/2026,MLP Geometric Scaling (Latency),13,9,425.645,77.796,274.36,21.1046,4.66,1.3,-9.7,0.0,3.6,0.912,1.0,1.038
orders_6_months_synthetic [06/18/2026],06/18/2026,Bi-Objective (Makespan & Latency),13,9,425.645,77.796,274.36,21.1046,4.66,1.3,-9.7,0.0,3.6,0.912,1.0,1.038
orders_6_months_synthetic [06/18/2026],06/18/2026,OR-Tools (Guided Local Search),13,9,250.025,77.796,356.118,27.3937,8.83,3.11,35.6,0.0,-25.1,1.552,1.0,0.799
orders_6_months_synthetic [06/19/2026],06/19/2026,Original / Realized Routes,12,12,650.748,103.576,314.66,26.2217,3.55,1.08,0.0,0.0,0.0,1.0,1.0,1.0
orders_6_months_synthetic [06/19/2026],06/19/2026,Min-Max mTSP (Tour Partitioning),12,12,391.475,110.161,347.352,28.946,6.73,2.58,39.8,-6.4,-10.4,1.662,0.94,0.906
orders_6_months_synthetic [06/19/2026],06/19/2026,CVRP ITP (Iterated Partitioning),12,12,532.466,103.576,375.454,31.2878,3.55,1.59,18.2,0.0,-19.3,1.222,1.0,0.838
orders_6_months_synthetic [06/19/2026],06/19/2026,MLP Geometric Scaling (Latency),12,12,650.748,103.576,314.66,26.2217,3.55,1.08,0.0,0.0,0.0,1.0,1.0,1.0
orders_6_months_synthetic [06/19/2026],06/19/2026,Bi-Objective (Makespan & Latency),12,12,650.748,103.576,314.66,26.2217,3.55,1.08,0.0,0.0,0.0,1.0,1.0,1.0
orders_6_months_synthetic [06/19/2026],06/19/2026,OR-Tools (Guided Local Search),12,12,361.218,99.883,658.263,54.8552,8.96,3.18,44.5,3.6,-109.2,1.802,1.037,0.478
orders_6_months_synthetic [06/22/2026],06/22/2026,Original / Realized Routes,30,22,1103.06,100.965,755.064,25.1688,8.63,1.93,0.0,0.0,0.0,1.0,1.0,1.0
orders_6_months_synthetic [06/22/2026],06/22/2026,Min-Max mTSP (Tour Partitioning),30,22,649.486,100.965,697.671,23.2557,14.47,4.04,41.1,0.0,7.6,1.698,1.0,1.082
orders_6_months_synthetic [06/22/2026],06/22/2026,CVRP ITP (Iterated Partitioning),30,22,464.79,150.171,985.453,32.8484,8.63,3.56,57.9,-48.7,-30.5,2.373,0.672,0.766
orders_6_months_synthetic [06/22/2026],06/22/2026,MLP Geometric Scaling (Latency),30,22,1153.508,100.965,682.291,22.743,12.21,2.57,-4.6,0.0,9.6,0.956,1.0,1.107
orders_6_months_synthetic [06/22/2026],06/22/2026,Bi-Objective (Makespan & Latency),30,22,1117.175,100.965,640.203,21.3401,10.29,2.27,-1.3,0.0,15.2,0.987,1.0,1.179
orders_6_months_synthetic [06/22/2026],06/22/2026,OR-Tools (Guided Local Search),30,22,400.615,95.019,986.22,32.874,10.0,4.02,63.7,5.9,-30.6,2.753,1.063,0.766
orders_6_months_synthetic [06/23/2026],06/23/2026,Original / Realized Routes,24,16,886.669,103.576,632.933,26.3722,8.72,2.37,0.0,0.0,0.0,1.0,1.0,1.0
orders_6_months_synthetic [06/23/2026],06/23/2026,Min-Max mTSP (Tour Partitioning),24,16,465.038,103.576,563.12,23.4633,9.68,3.48,47.6,0.0,11.0,1.907,1.0,1.124
orders_6_months_synthetic [06/23/2026],06/23/2026,CVRP ITP (Iterated Partitioning),24,16,474.485,125.446,893.963,37.2485,8.72,3.58,46.5,-21.1,-41.2,1.869,0.826,0.708
orders_6_months_synthetic [06/23/2026],06/23/2026,MLP Geometric Scaling (Latency),24,16,873.909,103.576,577.788,24.0745,9.68,2.54,1.4,0.0,8.7,1.015,1.0,1.095
orders_6_months_synthetic [06/23/2026],06/23/2026,Bi-Objective (Makespan & Latency),24,16,858.41,103.576,553.535,23.064,8.72,2.58,3.2,0.0,12.5,1.033,1.0,1.143
orders_6_months_synthetic [06/23/2026],06/23/2026,OR-Tools (Guided Local Search),24,16,348.698,97.523,1006.883,41.9535,9.98,4.02,60.7,5.8,-59.1,2.543,1.062,0.629
orders_6_months_synthetic [06/24/2026],06/24/2026,Original / Realized Routes,17,16,720.909,103.522,352.048,20.7087,6.82,1.87,0.0,0.0,0.0,1.0,1.0,1.0
orders_6_months_synthetic [06/24/2026],06/24/2026,Min-Max mTSP (Tour Partitioning),17,16,470.917,103.522,370.57,21.7982,12.2,3.16,34.7,0.0,-5.3,1.531,1.0,0.95
orders_6_months_synthetic [06/24/2026],06/24/2026,CVRP ITP (Iterated Partitioning),17,16,370.852,152.184,564.651,33.2148,6.82,2.95,48.6,-47.0,-60.4,1.944,0.68,0.623
orders_6_months_synthetic [06/24/2026],06/24/2026,MLP Geometric Scaling (Latency),17,16,720.264,103.522,351.403,20.6708,6.82,1.86,0.1,0.0,0.2,1.001,1.0,1.002
orders_6_months_synthetic [06/24/2026],06/24/2026,Bi-Objective (Makespan & Latency),17,16,720.187,103.522,351.326,20.6662,6.82,1.86,0.1,0.0,0.2,1.001,1.0,1.002
orders_6_months_synthetic [06/24/2026],06/24/2026,OR-Tools (Guided Local Search),17,16,305.852,99.526,539.052,31.7089,9.98,3.65,57.6,3.9,-53.1,2.357,1.04,0.653
orders_6_months_synthetic [06/25/2026],06/25/2026,Original / Realized Routes,18,12,564.294,106.549,478.792,26.5996,6.11,1.67,0.0,0.0,0.0,1.0,1.0,1.0
orders_6_months_synthetic [06/25/2026],06/25/2026,Min-Max mTSP (Tour Partitioning),18,12,376.59,83.189,424.653,23.5918,13.97,3.99,33.3,21.9,11.3,1.498,1.281,1.127
orders_6_months_synthetic [06/25/2026],06/25/2026,CVRP ITP (Iterated Partitioning),18,12,429.633,107.505,484.958,26.9421,6.11,2.58,23.9,-0.9,-1.3,1.313,0.991,0.987
orders_6_months_synthetic [06/25/2026],06/25/2026,MLP Geometric Scaling (Latency),18,12,645.909,81.995,389.691,21.6495,6.11,1.9,-14.5,23.0,18.6,0.874,1.299,1.229
orders_6_months_synthetic [06/25/2026],06/25/2026,Bi-Objective (Makespan & Latency),18,12,638.656,81.995,392.656,21.8142,6.11,1.76,-13.2,23.0,18.0,0.884,1.299,1.219
orders_6_months_synthetic [06/25/2026],06/25/2026,OR-Tools (Guided Local Search),18,12,346.057,81.287,583.342,32.4079,9.33,3.58,38.7,23.7,-21.8,1.631,1.311,0.821
orders_6_months_synthetic [06/26/2026],06/26/2026,Original / Realized Routes,22,19,930.872,103.576,616.747,28.034,5.64,1.66,0.0,0.0,0.0,1.0,1.0,1.0
orders_6_months_synthetic [06/26/2026],06/26/2026,Min-Max mTSP (Tour Partitioning),22,19,651.995,110.161,556.165,25.2802,13.87,3.64,30.0,-6.4,9.8,1.428,0.94,1.109
orders_6_months_synthetic [06/26/2026],06/26/2026,CVRP ITP (Iterated Partitioning),22,19,644.781,114.499,700.9,31.8591,5.64,2.21,30.7,-10.5,-13.6,1.444,0.905,0.88
orders_6_months_synthetic [06/26/2026],06/26/2026,MLP Geometric Scaling (Latency),22,19,1086.247,114.775,565.089,25.6859,7.79,2.35,-16.7,-10.8,8.4,0.857,0.902,1.091
orders_6_months_synthetic [06/26/2026],06/26/2026,Bi-Objective (Makespan & Latency),22,19,1085.613,114.775,557.939,25.3609,6.76,2.11,-16.6,-10.8,9.5,0.857,0.902,1.105
orders_6_months_synthetic [06/26/2026],06/26/2026,OR-Tools (Guided Local Search),22,19,406.106,99.883,859.921,39.0873,9.95,3.88,56.4,3.6,-39.4,2.292,1.037,0.717
orders_6_months_synthetic [06/29/2026],06/29/2026,Original / Realized Routes,15,12,521.438,71.335,343.843,22.9229,6.53,2.06,0.0,0.0,0.0,1.0,1.0,1.0
orders_6_months_synthetic [06/29/2026],06/29/2026,Min-Max mTSP (Tour Partitioning),15,12,348.478,71.335,301.141,20.0761,11.22,3.3,33.2,0.0,12.4,1.496,1.0,1.142
orders_6_months_synthetic [06/29/2026],06/29/2026,CVRP ITP (Iterated Partitioning),15,12,236.897,79.643,356.796,23.7864,6.53,2.74,54.6,-11.6,-3.8,2.201,0.896,0.964
orders_6_months_synthetic [06/29/2026],06/29/2026,MLP Geometric Scaling (Latency),15,12,558.099,71.335,296.74,19.7827,7.28,2.19,-7.0,0.0,13.7,0.934,1.0,1.159
orders_6_months_synthetic [06/29/2026],06/29/2026,Bi-Objective (Makespan & Latency),15,12,543.533,71.335,282.174,18.8116,7.2,2.17,-4.2,0.0,17.9,0.959,1.0,1.219
orders_6_months_synthetic [06/29/2026],06/29/2026,OR-Tools (Guided Local Search),15,12,214.971,68.019,415.464,27.6976,8.2,3.27,58.8,4.6,-20.8,2.426,1.049,0.828
orders_6_months_synthetic [06/30/2026],06/30/2026,Original / Realized Routes,20,11,572.388,103.576,492.11,24.6055,7.33,2.32,0.0,0.0,0.0,1.0,1.0,1.0
orders_6_months_synthetic [06/30/2026],06/30/2026,Min-Max mTSP (Tour Partitioning),20,11,411.132,103.576,384.134,19.2067,11.54,3.61,28.2,0.0,21.9,1.392,1.0,1.281
orders_6_months_synthetic [06/30/2026],06/30/2026,CVRP ITP (Iterated Partitioning),20,11,368.781,129.115,520.717,26.0358,6.52,3.12,35.6,-24.7,-5.8,1.552,0.802,0.945
orders_6_months_synthetic [06/30/2026],06/30/2026,MLP Geometric Scaling (Latency),20,11,570.141,114.775,427.379,21.3689,8.7,2.45,0.4,-10.8,13.2,1.004,0.902,1.151
orders_6_months_synthetic [06/30/2026],06/30/2026,Bi-Objective (Makespan & Latency),20,11,592.218,114.775,501.508,25.0754,8.7,2.43,-3.5,-10.8,-1.9,0.967,0.902,0.981
orders_6_months_synthetic [06/30/2026],06/30/2026,OR-Tools (Guided Local Search),20,11,274.104,97.523,912.4,45.62,9.49,3.92,52.1,5.8,-85.4,2.088,1.062,0.539
