Instance,Date,Algorithm,Total Stops,Trucks,Total Distance (km),Makespan (km),Total Latency (km-stops),Avg Latency (km),Max Load,Load StdDev,Dist Imprv (%),Makespan Imprv (%),Latency Imprv (%),Dist Ratio (Orig/Algo),Makespan Ratio (Orig/Algo),Latency Ratio (Orig/Algo)
Orders Jan-Jun2026 [1/12/2026],1/12/2026,Original / Realized Routes,146,31,1833.865,108.58,4241.59,29.052,25.5,4.9,0.0,0.0,0.0,1.0,1.0,1.0
Orders Jan-Jun2026 [1/12/2026],1/12/2026,Min-Max mTSP (Tour Partitioning),146,31,1397.173,99.453,1905.85,25.4113,19.8,5.52,23.8,8.4,55.1,1.313,1.092,2.226
Orders Jan-Jun2026 [1/12/2026],1/12/2026,CVRP ITP (Iterated Partitioning),146,31,900.655,128.304,2993.817,39.9176,20.8,7.51,50.9,-18.2,29.4,2.036,0.846,1.417
Orders Jan-Jun2026 [1/12/2026],1/12/2026,MLP Geometric Scaling (Latency),146,31,1599.71,126.475,5136.3,35.1801,21.99,7.86,12.8,-16.5,-21.1,1.146,0.859,0.826
Orders Jan-Jun2026 [1/12/2026],1/12/2026,Bi-Objective (Makespan & Latency),146,31,1397.586,132.841,2198.385,29.3118,41.47,8.07,23.8,-22.3,48.2,1.312,0.817,1.929
Orders Jan-Jun2026 [1/12/2026],1/12/2026,OR-Tools (Guided Local Search),146,31,0.0,0.0,0.0,0.0,0.0,0.0,100.0,100.0,100.0,1.0,1.0,1.0
Orders Jan-Jun2026 [1/13/2026],1/13/2026,Original / Realized Routes,169,33,1995.478,144.286,5321.391,31.4875,71.46,13.34,0.0,0.0,0.0,1.0,1.0,1.0
Orders Jan-Jun2026 [1/13/2026],1/13/2026,Min-Max mTSP (Tour Partitioning),169,33,1657.988,126.586,2403.032,26.7004,33.7,8.47,16.9,12.3,54.8,1.204,1.14,2.214
Orders Jan-Jun2026 [1/13/2026],1/13/2026,CVRP ITP (Iterated Partitioning),169,33,872.318,171.578,4850.452,53.8939,33.7,9.99,56.3,-18.9,8.8,2.288,0.841,1.097
Orders Jan-Jun2026 [1/13/2026],1/13/2026,MLP Geometric Scaling (Latency),169,33,1637.742,195.96,6632.106,39.2432,33.7,11.37,17.9,-35.8,-24.6,1.218,0.736,0.802
Orders Jan-Jun2026 [1/13/2026],1/13/2026,Bi-Objective (Makespan & Latency),169,33,1494.163,212.578,3633.701,40.3745,36.76,10.03,25.1,-47.3,31.7,1.336,0.679,1.464
Orders Jan-Jun2026 [1/13/2026],1/13/2026,OR-Tools (Guided Local Search),169,33,0.0,0.0,0.0,0.0,0.0,0.0,100.0,100.0,100.0,1.0,1.0,1.0
Orders Jan-Jun2026 [1/14/2026],1/14/2026,Original / Realized Routes,151,34,1653.721,105.163,4281.685,28.3555,74.67,14.43,0.0,0.0,0.0,1.0,1.0,1.0
Orders Jan-Jun2026 [1/14/2026],1/14/2026,Min-Max mTSP (Tour Partitioning),151,34,1302.827,96.883,1898.359,23.4365,51.55,9.73,21.2,7.9,55.7,1.269,1.085,2.255
Orders Jan-Jun2026 [1/14/2026],1/14/2026,CVRP ITP (Iterated Partitioning),151,34,930.76,105.807,2458.278,30.3491,51.55,10.53,43.7,-0.6,42.6,1.777,0.994,1.742
Orders Jan-Jun2026 [1/14/2026],1/14/2026,MLP Geometric Scaling (Latency),151,34,2037.756,162.753,5044.805,33.4093,51.55,10.01,-23.2,-54.8,-17.8,0.812,0.646,0.849
Orders Jan-Jun2026 [1/14/2026],1/14/2026,Bi-Objective (Makespan & Latency),151,34,1457.876,146.935,2748.05,33.9265,51.55,10.41,11.8,-39.7,35.8,1.134,0.716,1.558
Orders Jan-Jun2026 [1/14/2026],1/14/2026,OR-Tools (Guided Local Search),151,34,0.0,0.0,0.0,0.0,0.0,0.0,100.0,100.0,100.0,1.0,1.0,1.0
Orders Jan-Jun2026 [1/15/2026],1/15/2026,Original / Realized Routes,135,30,1675.656,108.173,4173.686,30.9162,57.26,15.54,0.0,0.0,0.0,1.0,1.0,1.0
Orders Jan-Jun2026 [1/15/2026],1/15/2026,Min-Max mTSP (Tour Partitioning),135,30,1389.043,125.718,1843.749,25.2568,28.63,8.61,17.1,-16.2,55.8,1.206,0.86,2.264
Orders Jan-Jun2026 [1/15/2026],1/15/2026,CVRP ITP (Iterated Partitioning),135,30,785.136,184.156,3435.371,47.0599,28.63,9.78,53.1,-70.2,17.7,2.134,0.587,1.215
Orders Jan-Jun2026 [1/15/2026],1/15/2026,MLP Geometric Scaling (Latency),135,30,1776.187,186.277,5228.672,38.7309,28.63,9.04,-6.0,-72.2,-25.3,0.943,0.581,0.798
Orders Jan-Jun2026 [1/15/2026],1/15/2026,Bi-Objective (Makespan & Latency),135,30,1603.12,152.127,2626.797,35.9835,81.7,15.74,4.3,-40.6,37.1,1.045,0.711,1.589
Orders Jan-Jun2026 [1/15/2026],1/15/2026,OR-Tools (Guided Local Search),135,30,0.0,0.0,0.0,0.0,0.0,0.0,100.0,100.0,100.0,1.0,1.0,1.0
Orders Jan-Jun2026 [1/16/2026],1/16/2026,Original / Realized Routes,130,23,1324.111,123.504,4080.4,31.3877,78.59,21.9,0.0,0.0,0.0,1.0,1.0,1.0
Orders Jan-Jun2026 [1/16/2026],1/16/2026,Min-Max mTSP (Tour Partitioning),130,23,1126.647,106.371,1643.174,24.8966,24.56,8.72,14.9,13.9,59.7,1.175,1.161,2.483
Orders Jan-Jun2026 [1/16/2026],1/16/2026,CVRP ITP (Iterated Partitioning),130,23,849.564,137.328,2502.781,37.9209,24.56,9.15,35.8,-11.2,38.7,1.559,0.899,1.63
Orders Jan-Jun2026 [1/16/2026],1/16/2026,MLP Geometric Scaling (Latency),130,23,1534.543,168.792,4656.097,35.8161,38.05,6.33,-15.9,-36.7,-14.1,0.863,0.732,0.876
Orders Jan-Jun2026 [1/16/2026],1/16/2026,Bi-Objective (Makespan & Latency),130,23,859.425,154.745,2715.87,41.1495,83.2,17.92,35.1,-25.3,33.4,1.541,0.798,1.502
Orders Jan-Jun2026 [1/16/2026],1/16/2026,OR-Tools (Guided Local Search),130,23,0.0,0.0,0.0,0.0,0.0,0.0,100.0,100.0,100.0,1.0,1.0,1.0
Orders Jan-Jun2026 [1/19/2026],1/19/2026,Original / Realized Routes,5,2,48.591,29.555,55.432,11.0864,32.76,21.96,0.0,0.0,0.0,1.0,1.0,1.0
Orders Jan-Jun2026 [1/19/2026],1/19/2026,Min-Max mTSP (Tour Partitioning),5,2,34.91,34.91,28.399,14.1995,16.95,11.99,28.2,-18.1,48.8,1.392,0.847,1.952
Orders Jan-Jun2026 [1/19/2026],1/19/2026,CVRP ITP (Iterated Partitioning),5,2,34.91,34.91,28.399,14.1995,16.95,11.99,28.2,-18.1,48.8,1.392,0.847,1.952
Orders Jan-Jun2026 [1/19/2026],1/19/2026,MLP Geometric Scaling (Latency),5,2,64.465,34.91,60.787,12.1574,18.09,1.21,-32.7,-18.1,-9.7,0.754,0.847,0.912
Orders Jan-Jun2026 [1/19/2026],1/19/2026,Bi-Objective (Makespan & Latency),5,2,34.91,34.91,28.399,14.1995,16.95,11.99,28.2,-18.1,48.8,1.392,0.847,1.952
Orders Jan-Jun2026 [1/19/2026],1/19/2026,OR-Tools (Guided Local Search),5,2,48.591,29.555,55.432,11.0864,32.76,21.96,0.0,0.0,0.0,1.0,1.0,1.0
Orders Jan-Jun2026 [1/20/2026],1/20/2026,Original / Realized Routes,173,32,1794.128,145.781,5849.234,33.8106,40.67,8.52,0.0,0.0,0.0,1.0,1.0,1.0
Orders Jan-Jun2026 [1/20/2026],1/20/2026,Min-Max mTSP (Tour Partitioning),173,32,1619.665,132.204,2283.983,25.0987,28.4,6.21,9.7,9.3,61.0,1.108,1.103,2.561
Orders Jan-Jun2026 [1/20/2026],1/20/2026,CVRP ITP (Iterated Partitioning),173,32,941.102,177.144,3798.086,41.7372,28.4,8.18,47.5,-21.5,35.1,1.906,0.823,1.54
Orders Jan-Jun2026 [1/20/2026],1/20/2026,MLP Geometric Scaling (Latency),173,32,1852.016,256.204,6315.107,36.5035,28.4,8.5,-3.2,-75.7,-8.0,0.969,0.569,0.926
Orders Jan-Jun2026 [1/20/2026],1/20/2026,Bi-Objective (Makespan & Latency),173,32,1433.937,251.226,5919.313,65.0474,53.41,10.3,20.1,-72.3,-1.2,1.251,0.58,0.988
Orders Jan-Jun2026 [1/20/2026],1/20/2026,OR-Tools (Guided Local Search),173,32,0.0,0.0,0.0,0.0,0.0,0.0,100.0,100.0,100.0,1.0,1.0,1.0
Orders Jan-Jun2026 [1/21/2026],1/21/2026,Original / Realized Routes,146,30,1572.682,95.682,3997.509,27.3802,31.09,5.72,0.0,0.0,0.0,1.0,1.0,1.0
Orders Jan-Jun2026 [1/21/2026],1/21/2026,Min-Max mTSP (Tour Partitioning),146,30,1333.407,105.76,1905.865,24.1249,28.95,5.83,15.2,-10.5,52.3,1.179,0.905,2.097
Orders Jan-Jun2026 [1/21/2026],1/21/2026,CVRP ITP (Iterated Partitioning),146,30,736.194,124.439,3105.652,39.3121,28.95,7.81,53.2,-30.1,22.3,2.136,0.769,1.287
Orders Jan-Jun2026 [1/21/2026],1/21/2026,MLP Geometric Scaling (Latency),146,30,1619.25,194.738,6105.54,41.8188,28.95,8.45,-3.0,-103.5,-52.7,0.971,0.491,0.655
Orders Jan-Jun2026 [1/21/2026],1/21/2026,Bi-Objective (Makespan & Latency),146,30,1302.501,173.339,2752.12,34.837,28.95,6.23,17.2,-81.2,31.2,1.207,0.552,1.453
Orders Jan-Jun2026 [1/21/2026],1/21/2026,OR-Tools (Guided Local Search),146,30,0.0,0.0,0.0,0.0,0.0,0.0,100.0,100.0,100.0,1.0,1.0,1.0
Orders Jan-Jun2026 [1/22/2026],1/22/2026,Original / Realized Routes,131,29,1738.87,122.519,4593.753,35.0668,47.72,12.1,0.0,0.0,0.0,1.0,1.0,1.0
Orders Jan-Jun2026 [1/22/2026],1/22/2026,Min-Max mTSP (Tour Partitioning),131,29,1428.167,114.69,1899.318,25.3242,46.34,9.4,17.9,6.4,58.7,1.218,1.068,2.419
Orders Jan-Jun2026 [1/22/2026],1/22/2026,CVRP ITP (Iterated Partitioning),131,29,875.909,176.149,3294.709,43.9295,46.34,10.49,49.6,-43.8,28.3,1.985,0.696,1.394
Orders Jan-Jun2026 [1/22/2026],1/22/2026,MLP Geometric Scaling (Latency),131,29,1476.019,144.332,4785.231,36.5285,46.34,10.75,15.1,-17.8,-4.2,1.178,0.849,0.96
Orders Jan-Jun2026 [1/22/2026],1/22/2026,Bi-Objective (Makespan & Latency),131,29,1508.734,152.954,2755.45,36.7393,89.34,16.75,13.2,-24.8,40.0,1.153,0.801,1.667
Orders Jan-Jun2026 [1/22/2026],1/22/2026,OR-Tools (Guided Local Search),131,29,0.0,0.0,0.0,0.0,0.0,0.0,100.0,100.0,100.0,1.0,1.0,1.0
Orders Jan-Jun2026 [1/23/2026],1/23/2026,Original / Realized Routes,123,21,1165.842,205.902,4361.021,35.4555,54.8,17.47,0.0,0.0,0.0,1.0,1.0,1.0
Orders Jan-Jun2026 [1/23/2026],1/23/2026,Min-Max mTSP (Tour Partitioning),123,21,881.465,94.411,1351.957,20.7993,24.62,7.29,24.4,54.1,69.0,1.323,2.181,3.226
Orders Jan-Jun2026 [1/23/2026],1/23/2026,CVRP ITP (Iterated Partitioning),123,21,572.696,140.033,3149.312,48.451,24.62,8.18,50.9,32.0,27.8,2.036,1.47,1.385
Orders Jan-Jun2026 [1/23/2026],1/23/2026,MLP Geometric Scaling (Latency),123,21,912.182,109.119,4222.413,34.3286,24.62,9.23,21.8,47.0,3.2,1.278,1.887,1.033
Orders Jan-Jun2026 [1/23/2026],1/23/2026,Bi-Objective (Makespan & Latency),123,21,927.356,116.726,1562.354,24.0362,24.62,6.89,20.5,43.3,64.2,1.257,1.764,2.791
Orders Jan-Jun2026 [1/23/2026],1/23/2026,OR-Tools (Guided Local Search),123,21,0.0,0.0,0.0,0.0,0.0,0.0,100.0,100.0,100.0,1.0,1.0,1.0
Orders Jan-Jun2026 [1/26/2026],1/26/2026,Original / Realized Routes,29,11,531.42,84.879,739.224,25.4905,6.28,2.14,0.0,0.0,0.0,1.0,1.0,1.0
Orders Jan-Jun2026 [1/26/2026],1/26/2026,Min-Max mTSP (Tour Partitioning),29,11,370.717,73.391,365.237,22.8273,5.87,1.74,30.2,13.5,50.6,1.433,1.157,2.024
Orders Jan-Jun2026 [1/26/2026],1/26/2026,CVRP ITP (Iterated Partitioning),29,11,171.759,171.759,1164.366,72.7729,14.33,4.32,67.7,-102.4,-57.5,3.094,0.494,0.635
Orders Jan-Jun2026 [1/26/2026],1/26/2026,MLP Geometric Scaling (Latency),29,11,269.616,191.376,1754.203,60.4898,21.98,6.61,49.3,-125.5,-137.3,1.971,0.444,0.421
Orders Jan-Jun2026 [1/26/2026],1/26/2026,Bi-Objective (Makespan & Latency),29,11,442.124,80.927,368.66,23.0413,3.93,1.24,16.8,4.7,50.1,1.202,1.049,2.005
Orders Jan-Jun2026 [1/26/2026],1/26/2026,OR-Tools (Guided Local Search),29,11,308.502,67.519,813.569,28.0541,12.54,3.93,41.9,20.5,-10.1,1.723,1.257,0.909
Orders Jan-Jun2026 [1/27/2026],1/27/2026,Original / Realized Routes,13,9,550.275,93.367,478.867,36.8359,16.19,5.45,0.0,0.0,0.0,1.0,1.0,1.0
Orders Jan-Jun2026 [1/27/2026],1/27/2026,Min-Max mTSP (Tour Partitioning),13,9,441.186,90.56,304.28,25.3567,21.47,6.55,19.8,3.0,36.5,1.247,1.031,1.574
Orders Jan-Jun2026 [1/27/2026],1/27/2026,CVRP ITP (Iterated Partitioning),13,9,285.397,95.988,388.671,32.3892,21.47,10.39,48.1,-2.8,18.8,1.928,0.973,1.232
Orders Jan-Jun2026 [1/27/2026],1/27/2026,MLP Geometric Scaling (Latency),13,9,386.997,128.395,540.886,41.6066,21.97,10.67,29.7,-37.5,-13.0,1.422,0.727,0.885
Orders Jan-Jun2026 [1/27/2026],1/27/2026,Bi-Objective (Makespan & Latency),13,9,409.997,95.426,311.545,25.9621,25.87,8.06,25.5,-2.2,34.9,1.342,0.978,1.537
Orders Jan-Jun2026 [1/27/2026],1/27/2026,OR-Tools (Guided Local Search),13,9,300.065,82.606,420.196,32.3228,21.87,8.81,45.5,11.5,12.3,1.834,1.13,1.14
Orders Jan-Jun2026 [1/28/2026],1/28/2026,Original / Realized Routes,153,33,1672.053,88.305,4201.46,27.4605,37.03,5.8,0.0,0.0,0.0,1.0,1.0,1.0
Orders Jan-Jun2026 [1/28/2026],1/28/2026,Min-Max mTSP (Tour Partitioning),153,33,1246.176,106.21,1893.859,23.0958,21.48,4.58,25.5,-20.3,54.9,1.342,0.831,2.218
Orders Jan-Jun2026 [1/28/2026],1/28/2026,CVRP ITP (Iterated Partitioning),153,33,622.867,118.445,3099.046,37.7932,21.85,7.1,62.7,-34.1,26.2,2.684,0.746,1.356
Orders Jan-Jun2026 [1/28/2026],1/28/2026,MLP Geometric Scaling (Latency),153,33,1240.094,173.107,5848.109,38.2229,21.95,8.3,25.8,-96.0,-39.2,1.348,0.51,0.718
Orders Jan-Jun2026 [1/28/2026],1/28/2026,Bi-Objective (Makespan & Latency),153,33,1368.649,117.957,2283.898,27.8524,28.2,5.58,18.1,-33.6,45.6,1.222,0.749,1.84
Orders Jan-Jun2026 [1/28/2026],1/28/2026,OR-Tools (Guided Local Search),153,33,1020.109,85.982,5631.774,36.809,40.1,9.06,39.0,2.6,-34.0,1.639,1.027,0.746
Orders Jan-Jun2026 [1/29/2026],1/29/2026,Original / Realized Routes,133,26,1492.821,138.262,4550.354,34.2132,31.73,6.68,0.0,0.0,0.0,1.0,1.0,1.0
Orders Jan-Jun2026 [1/29/2026],1/29/2026,Min-Max mTSP (Tour Partitioning),133,26,960.637,108.32,1755.441,25.4412,16.34,4.3,35.6,21.7,61.4,1.554,1.276,2.592
Orders Jan-Jun2026 [1/29/2026],1/29/2026,CVRP ITP (Iterated Partitioning),133,26,605.489,158.234,3359.333,48.686,21.97,7.05,59.4,-14.4,26.2,2.465,0.874,1.355
Orders Jan-Jun2026 [1/29/2026],1/29/2026,MLP Geometric Scaling (Latency),133,26,1267.164,166.532,5324.09,40.0308,21.98,8.32,15.1,-20.4,-17.0,1.178,0.83,0.855
Orders Jan-Jun2026 [1/29/2026],1/29/2026,Bi-Objective (Makespan & Latency),133,26,1262.365,185.471,3022.315,43.8017,26.73,5.35,15.4,-34.1,33.6,1.183,0.745,1.506
Orders Jan-Jun2026 [1/29/2026],1/29/2026,OR-Tools (Guided Local Search),133,26,0.0,0.0,0.0,0.0,0.0,0.0,100.0,100.0,100.0,1.0,1.0,1.0
Orders Jan-Jun2026 [1/30/2026],1/30/2026,Original / Realized Routes,133,22,1279.253,106.73,4650.91,34.9692,80.21,19.32,0.0,0.0,0.0,1.0,1.0,1.0
Orders Jan-Jun2026 [1/30/2026],1/30/2026,Min-Max mTSP (Tour Partitioning),133,22,1004.023,110.442,1783.075,25.8417,26.05,6.85,21.5,-3.5,61.7,1.274,0.966,2.608
Orders Jan-Jun2026 [1/30/2026],1/30/2026,CVRP ITP (Iterated Partitioning),133,22,623.148,155.421,3023.658,43.8211,26.05,8.31,51.3,-45.6,35.0,2.053,0.687,1.538
Orders Jan-Jun2026 [1/30/2026],1/30/2026,MLP Geometric Scaling (Latency),133,22,1179.647,186.864,5692.401,42.8,26.05,10.61,7.8,-75.1,-22.4,1.084,0.571,0.817
Orders Jan-Jun2026 [1/30/2026],1/30/2026,Bi-Objective (Makespan & Latency),133,22,1146.177,121.971,1795.888,26.0274,26.05,5.62,10.4,-14.3,61.4,1.116,0.875,2.59
Orders Jan-Jun2026 [1/30/2026],1/30/2026,OR-Tools (Guided Local Search),133,22,0.0,0.0,0.0,0.0,0.0,0.0,100.0,100.0,100.0,1.0,1.0,1.0
Orders Jan-Jun2026 [1/5/2026],1/5/2026,Original / Realized Routes,97,21,1249.384,109.017,3102.051,31.9799,10.38,1.77,0.0,0.0,0.0,1.0,1.0,1.0
Orders Jan-Jun2026 [1/5/2026],1/5/2026,Min-Max mTSP (Tour Partitioning),97,21,829.592,82.447,1378.596,25.0654,16.85,4.71,33.6,24.4,55.6,1.506,1.322,2.25
Orders Jan-Jun2026 [1/5/2026],1/5/2026,CVRP ITP (Iterated Partitioning),97,21,573.132,137.335,2428.636,44.157,21.82,7.8,54.1,-26.0,21.7,2.18,0.794,1.277
Orders Jan-Jun2026 [1/5/2026],1/5/2026,MLP Geometric Scaling (Latency),97,21,868.392,148.903,4230.357,43.6119,21.98,8.86,30.5,-36.6,-36.4,1.439,0.732,0.733
Orders Jan-Jun2026 [1/5/2026],1/5/2026,Bi-Objective (Makespan & Latency),97,21,1104.838,109.656,1778.288,32.3325,21.34,5.05,11.6,-0.6,42.7,1.131,0.994,1.744
Orders Jan-Jun2026 [1/5/2026],1/5/2026,OR-Tools (Guided Local Search),97,21,613.046,78.104,3146.093,32.4339,23.96,8.42,50.9,28.4,-1.4,2.038,1.396,0.986
Orders Jan-Jun2026 [1/6/2026],1/6/2026,Original / Realized Routes,134,35,1990.83,132.822,4177.264,31.1736,51.08,8.2,0.0,0.0,0.0,1.0,1.0,1.0
Orders Jan-Jun2026 [1/6/2026],1/6/2026,Min-Max mTSP (Tour Partitioning),134,35,1462.832,126.586,1753.09,25.7807,25.54,5.47,26.5,4.7,58.0,1.361,1.049,2.383
Orders Jan-Jun2026 [1/6/2026],1/6/2026,CVRP ITP (Iterated Partitioning),134,35,810.01,148.623,2617.564,38.4936,25.54,7.45,59.3,-11.9,37.3,2.458,0.894,1.596
Orders Jan-Jun2026 [1/6/2026],1/6/2026,MLP Geometric Scaling (Latency),134,35,1646.133,156.821,4618.989,34.4701,25.54,8.13,17.3,-18.1,-10.6,1.209,0.847,0.904
Orders Jan-Jun2026 [1/6/2026],1/6/2026,Bi-Objective (Makespan & Latency),134,35,1098.141,273.217,4151.512,61.0516,60.0,10.65,44.8,-105.7,0.6,1.813,0.486,1.006
Orders Jan-Jun2026 [1/6/2026],1/6/2026,OR-Tools (Guided Local Search),134,35,0.0,0.0,0.0,0.0,0.0,0.0,100.0,100.0,100.0,1.0,1.0,1.0
Orders Jan-Jun2026 [1/7/2026],1/7/2026,Original / Realized Routes,133,34,1940.268,159.316,4360.219,32.7836,78.72,12.9,0.0,0.0,0.0,1.0,1.0,1.0
Orders Jan-Jun2026 [1/7/2026],1/7/2026,Min-Max mTSP (Tour Partitioning),133,34,1261.623,105.843,1836.125,25.5017,21.81,5.44,35.0,33.6,57.9,1.538,1.505,2.375
Orders Jan-Jun2026 [1/7/2026],1/7/2026,CVRP ITP (Iterated Partitioning),133,34,765.686,154.733,3863.507,53.6598,21.81,7.47,60.5,2.9,11.4,2.534,1.03,1.129
Orders Jan-Jun2026 [1/7/2026],1/7/2026,MLP Geometric Scaling (Latency),133,34,1710.95,150.389,4343.004,32.6542,22.0,7.62,11.8,5.6,0.4,1.134,1.059,1.004
Orders Jan-Jun2026 [1/7/2026],1/7/2026,Bi-Objective (Makespan & Latency),133,34,1828.072,103.632,1956.869,27.1787,21.81,4.92,5.8,35.0,55.1,1.061,1.537,2.228
Orders Jan-Jun2026 [1/7/2026],1/7/2026,OR-Tools (Guided Local Search),133,34,1121.564,84.465,4150.08,31.2036,29.69,8.95,42.2,47.0,4.8,1.73,1.886,1.051
Orders Jan-Jun2026 [1/8/2026],1/8/2026,Original / Realized Routes,137,34,1961.119,125.393,4445.108,32.446,71.92,20.09,0.0,0.0,0.0,1.0,1.0,1.0
Orders Jan-Jun2026 [1/8/2026],1/8/2026,Min-Max mTSP (Tour Partitioning),137,34,1595.111,103.412,1856.516,26.1481,48.38,11.1,18.7,17.5,58.2,1.229,1.213,2.394
Orders Jan-Jun2026 [1/8/2026],1/8/2026,CVRP ITP (Iterated Partitioning),137,34,840.324,132.171,2918.686,41.1083,48.38,12.0,57.2,-5.4,34.3,2.334,0.949,1.523
Orders Jan-Jun2026 [1/8/2026],1/8/2026,MLP Geometric Scaling (Latency),137,34,1698.585,145.935,5442.842,39.7288,48.38,12.82,13.4,-16.4,-22.4,1.155,0.859,0.817
Orders Jan-Jun2026 [1/8/2026],1/8/2026,Bi-Objective (Makespan & Latency),137,34,1819.435,117.965,2015.304,28.3846,52.54,12.72,7.2,5.9,54.7,1.078,1.063,2.206
Orders Jan-Jun2026 [1/8/2026],1/8/2026,OR-Tools (Guided Local Search),137,34,0.0,0.0,0.0,0.0,0.0,0.0,100.0,100.0,100.0,1.0,1.0,1.0
Orders Jan-Jun2026 [1/9/2026],1/9/2026,Original / Realized Routes,139,26,1537.0,119.979,4674.016,33.626,69.56,15.28,0.0,0.0,0.0,1.0,1.0,1.0
Orders Jan-Jun2026 [1/9/2026],1/9/2026,Min-Max mTSP (Tour Partitioning),139,26,1129.059,102.053,1593.486,22.7641,31.57,6.94,26.5,14.9,65.9,1.361,1.176,2.933
Orders Jan-Jun2026 [1/9/2026],1/9/2026,CVRP ITP (Iterated Partitioning),139,26,700.881,107.246,2217.283,31.6755,31.57,8.49,54.4,10.6,52.6,2.193,1.119,2.108
Orders Jan-Jun2026 [1/9/2026],1/9/2026,MLP Geometric Scaling (Latency),139,26,1535.942,113.526,3957.999,28.4748,31.57,8.03,0.1,5.4,15.3,1.001,1.057,1.181
Orders Jan-Jun2026 [1/9/2026],1/9/2026,Bi-Objective (Makespan & Latency),139,26,931.566,148.344,2487.156,35.5308,74.53,14.49,39.4,-23.6,46.8,1.65,0.809,1.879
Orders Jan-Jun2026 [1/9/2026],1/9/2026,OR-Tools (Guided Local Search),139,26,0.0,0.0,0.0,0.0,0.0,0.0,100.0,100.0,100.0,1.0,1.0,1.0
Orders Jan-Jun2026 [2/10/2026],2/10/2026,Original / Realized Routes,182,41,2326.058,127.853,5546.576,30.4757,12.45,2.53,0.0,0.0,0.0,1.0,1.0,1.0
Orders Jan-Jun2026 [2/10/2026],2/10/2026,Min-Max mTSP (Tour Partitioning),182,41,1730.313,108.1,2473.834,26.6004,20.83,4.52,25.6,15.4,55.4,1.344,1.183,2.242
Orders Jan-Jun2026 [2/10/2026],2/10/2026,CVRP ITP (Iterated Partitioning),182,41,992.797,189.172,4015.754,43.1802,21.87,6.59,57.3,-48.0,27.6,2.343,0.676,1.381
Orders Jan-Jun2026 [2/10/2026],2/10/2026,MLP Geometric Scaling (Latency),182,41,1484.793,180.67,8122.686,44.6301,22.0,7.56,36.2,-41.3,-46.4,1.567,0.708,0.683
Orders Jan-Jun2026 [2/10/2026],2/10/2026,Bi-Objective (Makespan & Latency),182,41,2032.042,151.008,2787.967,29.9781,13.43,3.32,12.6,-18.1,49.7,1.145,0.847,1.989
Orders Jan-Jun2026 [2/10/2026],2/10/2026,OR-Tools (Guided Local Search),182,41,1252.826,102.864,6288.371,34.5515,23.57,6.5,46.1,19.5,-13.4,1.857,1.243,0.882
Orders Jan-Jun2026 [2/11/2026],2/11/2026,Original / Realized Routes,201,37,2029.305,116.295,5978.335,29.743,31.06,6.41,0.0,0.0,0.0,1.0,1.0,1.0
Orders Jan-Jun2026 [2/11/2026],2/11/2026,Min-Max mTSP (Tour Partitioning),201,37,1822.13,105.843,2732.16,23.9663,20.52,5.78,10.2,9.0,54.3,1.114,1.099,2.188
Orders Jan-Jun2026 [2/11/2026],2/11/2026,CVRP ITP (Iterated Partitioning),201,37,1136.285,137.035,4540.874,39.8322,21.96,7.83,44.0,-17.8,24.0,1.786,0.849,1.317
Orders Jan-Jun2026 [2/11/2026],2/11/2026,MLP Geometric Scaling (Latency),201,37,1771.614,168.486,7696.654,38.2918,22.0,8.38,12.7,-44.9,-28.7,1.145,0.69,0.777
Orders Jan-Jun2026 [2/11/2026],2/11/2026,Bi-Objective (Makespan & Latency),201,37,1877.54,153.927,3197.774,28.0506,42.72,7.67,7.5,-32.4,46.5,1.081,0.756,1.87
Orders Jan-Jun2026 [2/11/2026],2/11/2026,OR-Tools (Guided Local Search),201,37,0.0,0.0,0.0,0.0,0.0,0.0,100.0,100.0,100.0,1.0,1.0,1.0
Orders Jan-Jun2026 [2/17/2026],2/17/2026,Original / Realized Routes,142,30,1740.265,138.638,4190.747,29.5123,34.11,6.48,0.0,0.0,0.0,1.0,1.0,1.0
Orders Jan-Jun2026 [2/17/2026],2/17/2026,Min-Max mTSP (Tour Partitioning),142,30,1355.4,132.204,1885.024,26.1809,20.59,4.73,22.1,4.6,55.0,1.284,1.049,2.223
Orders Jan-Jun2026 [2/17/2026],2/17/2026,CVRP ITP (Iterated Partitioning),142,30,837.908,174.002,3752.1,52.1125,21.54,7.09,51.9,-25.5,10.5,2.077,0.797,1.117
Orders Jan-Jun2026 [2/17/2026],2/17/2026,MLP Geometric Scaling (Latency),142,30,1426.558,147.965,5491.647,38.6736,21.99,7.86,18.0,-6.7,-31.0,1.22,0.937,0.763
Orders Jan-Jun2026 [2/17/2026],2/17/2026,Bi-Objective (Makespan & Latency),142,30,1424.557,216.441,2854.526,39.6462,17.16,3.83,18.1,-56.1,31.9,1.222,0.641,1.468
Orders Jan-Jun2026 [2/17/2026],2/17/2026,OR-Tools (Guided Local Search),142,30,813.571,125.2,5200.317,36.622,40.71,11.43,53.3,9.7,-24.1,2.139,1.107,0.806
Orders Jan-Jun2026 [2/18/2026],2/18/2026,Original / Realized Routes,110,26,1266.297,81.398,2985.558,27.1414,67.38,18.59,0.0,0.0,0.0,1.0,1.0,1.0
Orders Jan-Jun2026 [2/18/2026],2/18/2026,Min-Max mTSP (Tour Partitioning),110,26,1088.679,97.616,1288.957,22.2234,39.24,11.06,14.0,-19.9,56.8,1.163,0.834,2.316
Orders Jan-Jun2026 [2/18/2026],2/18/2026,CVRP ITP (Iterated Partitioning),110,26,790.22,118.865,1902.604,32.8035,39.24,11.41,37.6,-46.0,36.3,1.602,0.685,1.569
Orders Jan-Jun2026 [2/18/2026],2/18/2026,MLP Geometric Scaling (Latency),110,26,1521.358,144.78,3858.118,35.0738,39.24,10.73,-20.1,-77.9,-29.2,0.832,0.562,0.774
Orders Jan-Jun2026 [2/18/2026],2/18/2026,Bi-Objective (Makespan & Latency),110,26,1082.163,158.696,1880.326,32.4194,48.98,13.46,14.5,-95.0,37.0,1.17,0.513,1.588
Orders Jan-Jun2026 [2/18/2026],2/18/2026,OR-Tools (Guided Local Search),110,26,0.0,0.0,0.0,0.0,0.0,0.0,100.0,100.0,100.0,1.0,1.0,1.0
Orders Jan-Jun2026 [2/19/2026],2/19/2026,Original / Realized Routes,179,35,2101.976,118.452,6231.8,34.8145,154.98,25.92,0.0,0.0,0.0,1.0,1.0,1.0
Orders Jan-Jun2026 [2/19/2026],2/19/2026,Min-Max mTSP (Tour Partitioning),179,35,1588.619,107.935,2510.345,25.6158,77.49,13.53,24.4,8.9,59.7,1.323,1.097,2.482
Orders Jan-Jun2026 [2/19/2026],2/19/2026,CVRP ITP (Iterated Partitioning),179,35,1034.994,156.013,4881.235,49.8085,77.49,14.4,50.8,-31.7,21.7,2.031,0.759,1.277
Orders Jan-Jun2026 [2/19/2026],2/19/2026,MLP Geometric Scaling (Latency),179,35,1843.879,173.543,6768.838,37.8147,77.49,17.94,12.3,-46.5,-8.6,1.14,0.683,0.921
Orders Jan-Jun2026 [2/19/2026],2/19/2026,Bi-Objective (Makespan & Latency),179,35,1754.257,186.894,5102.008,52.0613,77.49,16.91,16.5,-57.8,18.1,1.198,0.634,1.221
Orders Jan-Jun2026 [2/19/2026],2/19/2026,OR-Tools (Guided Local Search),179,35,0.0,0.0,0.0,0.0,0.0,0.0,100.0,100.0,100.0,1.0,1.0,1.0
Orders Jan-Jun2026 [2/2/2026],2/2/2026,Original / Realized Routes,168,30,1552.048,99.167,5115.135,30.4472,12.06,3.01,0.0,0.0,0.0,1.0,1.0,1.0
Orders Jan-Jun2026 [2/2/2026],2/2/2026,Min-Max mTSP (Tour Partitioning),168,30,1107.885,85.958,1689.3,23.1411,16.64,4.13,28.6,13.3,67.0,1.401,1.154,3.028
Orders Jan-Jun2026 [2/2/2026],2/2/2026,CVRP ITP (Iterated Partitioning),168,30,540.966,154.849,3818.601,52.3096,21.72,6.64,65.1,-56.1,25.3,2.869,0.64,1.34
Orders Jan-Jun2026 [2/2/2026],2/2/2026,MLP Geometric Scaling (Latency),168,30,1052.419,129.553,6702.926,39.8984,22.0,8.14,32.2,-30.6,-31.0,1.475,0.765,0.763
Orders Jan-Jun2026 [2/2/2026],2/2/2026,Bi-Objective (Makespan & Latency),168,30,1336.403,119.217,1920.871,26.3133,12.44,3.27,13.9,-20.2,62.4,1.161,0.832,2.663
Orders Jan-Jun2026 [2/2/2026],2/2/2026,OR-Tools (Guided Local Search),168,30,891.096,82.68,5629.094,33.5065,22.87,7.64,42.6,16.6,-10.0,1.742,1.199,0.909
Orders Jan-Jun2026 [2/20/2026],2/20/2026,Original / Realized Routes,132,23,1483.572,203.958,4606.431,34.8972,20.02,5.0,0.0,0.0,0.0,1.0,1.0,1.0
Orders Jan-Jun2026 [2/20/2026],2/20/2026,Min-Max mTSP (Tour Partitioning),132,23,902.56,92.686,1711.428,24.449,14.97,3.88,39.2,54.6,62.8,1.644,2.201,2.692
Orders Jan-Jun2026 [2/20/2026],2/20/2026,CVRP ITP (Iterated Partitioning),132,23,475.266,192.474,3897.196,55.6742,21.8,7.57,68.0,5.6,15.4,3.122,1.06,1.182
Orders Jan-Jun2026 [2/20/2026],2/20/2026,MLP Geometric Scaling (Latency),132,23,876.719,178.416,5802.358,43.9573,21.97,8.7,40.9,12.5,-26.0,1.692,1.143,0.794
Orders Jan-Jun2026 [2/20/2026],2/20/2026,Bi-Objective (Makespan & Latency),132,23,1196.266,106.713,1712.597,24.4657,8.25,2.01,19.4,47.7,62.8,1.24,1.911,2.69
Orders Jan-Jun2026 [2/20/2026],2/20/2026,OR-Tools (Guided Local Search),132,23,746.727,85.505,4090.515,30.9887,26.91,7.74,49.7,58.1,11.2,1.987,2.385,1.126
Orders Jan-Jun2026 [2/23/2026],2/23/2026,Original / Realized Routes,124,24,1410.263,168.866,4523.971,36.4836,8.8,2.29,0.0,0.0,0.0,1.0,1.0,1.0
Orders Jan-Jun2026 [2/23/2026],2/23/2026,Min-Max mTSP (Tour Partitioning),124,24,923.255,87.934,1722.456,24.2599,9.92,2.8,34.5,47.9,61.9,1.527,1.92,2.626
Orders Jan-Jun2026 [2/23/2026],2/23/2026,CVRP ITP (Iterated Partitioning),124,24,345.859,170.441,4022.457,56.6543,21.95,7.38,75.5,-0.9,11.1,4.078,0.991,1.125
Orders Jan-Jun2026 [2/23/2026],2/23/2026,MLP Geometric Scaling (Latency),124,24,590.131,152.874,6260.053,50.4843,21.97,8.41,58.2,9.5,-38.4,2.39,1.105,0.723
Orders Jan-Jun2026 [2/23/2026],2/23/2026,Bi-Objective (Makespan & Latency),124,24,982.075,141.563,2334.152,32.8754,17.75,3.77,30.4,16.2,48.4,1.436,1.193,1.938
Orders Jan-Jun2026 [2/23/2026],2/23/2026,OR-Tools (Guided Local Search),124,24,839.717,83.212,4145.296,33.4298,12.55,4.66,40.5,50.7,8.4,1.679,2.029,1.091
Orders Jan-Jun2026 [2/24/2026],2/24/2026,Original / Realized Routes,19,11,514.187,92.939,488.756,25.724,22.98,7.18,0.0,0.0,0.0,1.0,1.0,1.0
Orders Jan-Jun2026 [2/24/2026],2/24/2026,Min-Max mTSP (Tour Partitioning),19,11,352.542,87.016,352.87,22.0544,22.77,7.7,31.4,6.4,27.8,1.459,1.068,1.385
Orders Jan-Jun2026 [2/24/2026],2/24/2026,CVRP ITP (Iterated Partitioning),19,11,298.273,108.196,446.75,27.9219,22.77,8.87,42.0,-16.4,8.6,1.724,0.859,1.094
Orders Jan-Jun2026 [2/24/2026],2/24/2026,MLP Geometric Scaling (Latency),19,11,352.016,170.499,929.28,48.9095,22.77,9.95,31.5,-83.5,-90.1,1.461,0.545,0.526
Orders Jan-Jun2026 [2/24/2026],2/24/2026,Bi-Objective (Makespan & Latency),19,11,331.355,111.172,348.943,21.8089,22.77,7.99,35.6,-19.6,28.6,1.552,0.836,1.401
Orders Jan-Jun2026 [2/24/2026],2/24/2026,OR-Tools (Guided Local Search),19,11,0.0,0.0,0.0,0.0,0.0,0.0,100.0,100.0,100.0,1.0,1.0,1.0
Orders Jan-Jun2026 [2/25/2026],2/25/2026,Original / Realized Routes,63,14,721.093,95.914,1843.473,29.2615,20.83,5.68,0.0,0.0,0.0,1.0,1.0,1.0
Orders Jan-Jun2026 [2/25/2026],2/25/2026,Min-Max mTSP (Tour Partitioning),63,14,666.435,87.085,1008.777,25.8661,20.83,5.91,7.6,9.2,45.3,1.082,1.101,1.827
Orders Jan-Jun2026 [2/25/2026],2/25/2026,CVRP ITP (Iterated Partitioning),63,14,381.449,175.849,2445.834,62.7137,21.87,8.99,47.1,-83.3,-32.7,1.89,0.545,0.754
Orders Jan-Jun2026 [2/25/2026],2/25/2026,MLP Geometric Scaling (Latency),63,14,577.232,179.726,3012.569,47.8186,21.99,10.26,20.0,-87.4,-63.4,1.249,0.534,0.612
Orders Jan-Jun2026 [2/25/2026],2/25/2026,Bi-Objective (Makespan & Latency),63,14,691.876,176.678,1548.49,39.7049,24.58,7.92,4.1,-84.2,16.0,1.042,0.543,1.19
Orders Jan-Jun2026 [2/25/2026],2/25/2026,OR-Tools (Guided Local Search),63,14,488.152,78.289,2278.432,36.1656,21.64,7.66,32.3,18.4,-23.6,1.477,1.225,0.809
Orders Jan-Jun2026 [2/26/2026],2/26/2026,Original / Realized Routes,37,16,858.445,140.834,1028.687,27.8024,10.2,3.38,0.0,0.0,0.0,1.0,1.0,1.0
Orders Jan-Jun2026 [2/26/2026],2/26/2026,Min-Max mTSP (Tour Partitioning),37,16,545.795,100.995,658.154,26.3262,10.7,4.04,36.4,28.3,36.0,1.573,1.394,1.563
Orders Jan-Jun2026 [2/26/2026],2/26/2026,CVRP ITP (Iterated Partitioning),37,16,392.778,151.376,1451.28,58.0512,21.82,6.43,54.2,-7.5,-41.1,2.186,0.93,0.709
Orders Jan-Jun2026 [2/26/2026],2/26/2026,MLP Geometric Scaling (Latency),37,16,450.77,223.575,2657.985,71.8374,21.82,6.81,47.5,-58.8,-158.4,1.904,0.63,0.387
Orders Jan-Jun2026 [2/26/2026],2/26/2026,Bi-Objective (Makespan & Latency),37,16,658.527,159.935,1058.002,42.3201,23.65,5.89,23.3,-13.6,-2.8,1.304,0.881,0.972
Orders Jan-Jun2026 [2/26/2026],2/26/2026,OR-Tools (Guided Local Search),37,16,287.465,93.814,1309.999,35.4054,18.08,6.16,66.5,33.4,-27.3,2.986,1.501,0.785
Orders Jan-Jun2026 [2/27/2026],2/27/2026,Original / Realized Routes,74,14,1116.779,190.428,4494.594,60.7378,72.4,17.4,0.0,0.0,0.0,1.0,1.0,1.0
Orders Jan-Jun2026 [2/27/2026],2/27/2026,Min-Max mTSP (Tour Partitioning),74,14,653.607,98.883,941.926,22.4268,36.2,9.91,41.5,48.1,79.0,1.709,1.926,4.772
Orders Jan-Jun2026 [2/27/2026],2/27/2026,CVRP ITP (Iterated Partitioning),74,14,583.381,107.557,1126.289,26.8164,36.2,10.86,47.8,43.5,74.9,1.914,1.77,3.991
Orders Jan-Jun2026 [2/27/2026],2/27/2026,MLP Geometric Scaling (Latency),74,14,1042.325,215.616,2944.218,39.7867,36.2,10.68,6.7,-13.2,34.5,1.071,0.883,1.527
Orders Jan-Jun2026 [2/27/2026],2/27/2026,Bi-Objective (Makespan & Latency),74,14,682.379,91.691,1082.468,25.773,36.2,9.94,38.9,51.9,75.9,1.637,2.077,4.152
Orders Jan-Jun2026 [2/27/2026],2/27/2026,OR-Tools (Guided Local Search),74,14,0.0,0.0,0.0,0.0,0.0,0.0,100.0,100.0,100.0,1.0,1.0,1.0
Orders Jan-Jun2026 [2/3/2026],2/3/2026,Original / Realized Routes,235,37,2498.721,185.192,8879.131,37.7835,65.17,10.12,0.0,0.0,0.0,1.0,1.0,1.0
Orders Jan-Jun2026 [2/3/2026],2/3/2026,Min-Max mTSP (Tour Partitioning),235,37,1631.767,126.586,2558.623,24.841,15.19,3.82,34.7,31.6,71.2,1.531,1.463,3.47
Orders Jan-Jun2026 [2/3/2026],2/3/2026,CVRP ITP (Iterated Partitioning),235,37,750.243,252.205,6792.728,65.9488,21.98,6.74,70.0,-36.2,23.5,3.331,0.734,1.307
Orders Jan-Jun2026 [2/3/2026],2/3/2026,MLP Geometric Scaling (Latency),235,37,1635.476,147.911,8188.077,34.8429,22.0,7.83,34.5,20.1,7.8,1.528,1.252,1.084
Orders Jan-Jun2026 [2/3/2026],2/3/2026,Bi-Objective (Makespan & Latency),235,37,1536.049,233.281,4189.242,40.6723,23.87,4.86,38.5,-26.0,52.8,1.627,0.794,2.12
Orders Jan-Jun2026 [2/3/2026],2/3/2026,OR-Tools (Guided Local Search),235,37,0.0,0.0,0.0,0.0,0.0,0.0,100.0,100.0,100.0,1.0,1.0,1.0
Orders Jan-Jun2026 [2/4/2026],2/4/2026,Original / Realized Routes,157,36,1800.299,88.99,4663.646,29.7048,54.88,10.51,0.0,0.0,0.0,1.0,1.0,1.0
Orders Jan-Jun2026 [2/4/2026],2/4/2026,Min-Max mTSP (Tour Partitioning),157,36,1456.638,105.843,2124.519,24.1423,27.44,6.31,19.1,-18.9,54.4,1.236,0.841,2.195
Orders Jan-Jun2026 [2/4/2026],2/4/2026,CVRP ITP (Iterated Partitioning),157,36,839.521,124.43,3560.935,40.4652,27.44,8.17,53.4,-39.8,23.6,2.144,0.715,1.31
Orders Jan-Jun2026 [2/4/2026],2/4/2026,MLP Geometric Scaling (Latency),157,36,1552.799,123.362,4994.735,31.8136,27.44,7.93,13.7,-38.6,-7.1,1.159,0.721,0.934
Orders Jan-Jun2026 [2/4/2026],2/4/2026,Bi-Objective (Makespan & Latency),157,36,1674.166,160.807,2709.831,30.7935,27.44,6.66,7.0,-80.7,41.9,1.075,0.553,1.721
Orders Jan-Jun2026 [2/4/2026],2/4/2026,OR-Tools (Guided Local Search),157,36,0.0,0.0,0.0,0.0,0.0,0.0,100.0,100.0,100.0,1.0,1.0,1.0
Orders Jan-Jun2026 [2/5/2026],2/5/2026,Original / Realized Routes,142,31,1948.891,210.295,5781.629,40.7157,43.82,9.09,0.0,0.0,0.0,1.0,1.0,1.0
Orders Jan-Jun2026 [2/5/2026],2/5/2026,Min-Max mTSP (Tour Partitioning),142,31,1389.762,106.539,1917.337,23.9667,21.91,6.58,28.7,49.3,66.8,1.402,1.974,3.015
Orders Jan-Jun2026 [2/5/2026],2/5/2026,CVRP ITP (Iterated Partitioning),142,31,1051.737,119.164,2915.137,36.4392,21.96,7.84,46.0,43.3,49.6,1.853,1.765,1.983
Orders Jan-Jun2026 [2/5/2026],2/5/2026,MLP Geometric Scaling (Latency),142,31,1523.696,120.218,4734.0,33.338,21.93,7.54,21.8,42.8,18.1,1.279,1.749,1.221
Orders Jan-Jun2026 [2/5/2026],2/5/2026,Bi-Objective (Makespan & Latency),142,31,1364.668,168.509,3064.006,38.3001,55.79,10.82,30.0,19.9,47.0,1.428,1.248,1.887
Orders Jan-Jun2026 [2/5/2026],2/5/2026,OR-Tools (Guided Local Search),142,31,0.0,0.0,0.0,0.0,0.0,0.0,100.0,100.0,100.0,1.0,1.0,1.0
Orders Jan-Jun2026 [2/6/2026],2/6/2026,Original / Realized Routes,126,28,1587.419,113.077,3888.507,30.8612,37.58,9.1,0.0,0.0,0.0,1.0,1.0,1.0
Orders Jan-Jun2026 [2/6/2026],2/6/2026,Min-Max mTSP (Tour Partitioning),126,28,1294.812,107.477,1463.728,21.8467,20.45,5.78,18.4,5.0,62.4,1.226,1.052,2.657
Orders Jan-Jun2026 [2/6/2026],2/6/2026,CVRP ITP (Iterated Partitioning),126,28,921.549,104.408,2438.526,36.3959,21.63,7.06,41.9,7.7,37.3,1.723,1.083,1.595
Orders Jan-Jun2026 [2/6/2026],2/6/2026,MLP Geometric Scaling (Latency),126,28,1470.688,112.391,4155.517,32.9803,22.0,7.62,7.4,0.6,-6.9,1.079,1.006,0.936
Orders Jan-Jun2026 [2/6/2026],2/6/2026,Bi-Objective (Makespan & Latency),126,28,1204.955,132.222,2210.844,32.9977,58.5,11.1,24.1,-16.9,43.1,1.317,0.855,1.759
Orders Jan-Jun2026 [2/6/2026],2/6/2026,OR-Tools (Guided Local Search),126,28,943.253,81.691,3330.714,26.4342,51.97,12.66,40.6,27.8,14.3,1.683,1.384,1.167
Orders Jan-Jun2026 [2/9/2026],2/9/2026,Original / Realized Routes,132,25,1336.418,101.049,3904.352,29.5784,10.49,2.35,0.0,0.0,0.0,1.0,1.0,1.0
Orders Jan-Jun2026 [2/9/2026],2/9/2026,Min-Max mTSP (Tour Partitioning),132,25,1051.166,97.227,1762.188,24.1396,10.98,3.38,21.3,3.8,54.9,1.271,1.039,2.216
Orders Jan-Jun2026 [2/9/2026],2/9/2026,CVRP ITP (Iterated Partitioning),132,25,560.621,127.234,3083.733,42.2429,21.98,7.36,58.1,-25.9,21.0,2.384,0.794,1.266
Orders Jan-Jun2026 [2/9/2026],2/9/2026,MLP Geometric Scaling (Latency),132,25,846.203,127.038,5945.108,45.0387,22.0,8.5,36.7,-25.7,-52.3,1.579,0.795,0.657
Orders Jan-Jun2026 [2/9/2026],2/9/2026,Bi-Objective (Makespan & Latency),132,25,1101.842,184.97,3531.609,48.3782,40.31,7.72,17.6,-83.0,9.5,1.213,0.546,1.106
Orders Jan-Jun2026 [2/9/2026],2/9/2026,OR-Tools (Guided Local Search),132,25,751.289,77.369,4239.241,32.1155,20.23,6.29,43.8,23.4,-8.6,1.779,1.306,0.921
Orders Jan-Jun2026 [3/10/2026],3/10/2026,Original / Realized Routes,190,38,2068.552,108.955,5318.318,27.9911,38.64,8.38,0.0,0.0,0.0,1.0,1.0,1.0
Orders Jan-Jun2026 [3/10/2026],3/10/2026,Min-Max mTSP (Tour Partitioning),190,38,1361.667,106.004,2221.524,24.147,16.81,4.09,34.2,2.7,58.2,1.519,1.028,2.394
Orders Jan-Jun2026 [3/10/2026],3/10/2026,CVRP ITP (Iterated Partitioning),190,38,688.807,176.73,5319.249,57.8179,21.3,6.97,66.7,-62.2,-0.0,3.003,0.617,1.0
Orders Jan-Jun2026 [3/10/2026],3/10/2026,MLP Geometric Scaling (Latency),190,38,1581.735,154.141,7533.758,39.6514,21.99,7.68,23.5,-41.5,-41.7,1.308,0.707,0.706
Orders Jan-Jun2026 [3/10/2026],3/10/2026,Bi-Objective (Makespan & Latency),190,38,1613.871,140.4,2495.542,27.1255,16.94,4.07,22.0,-28.9,53.1,1.282,0.776,2.131
Orders Jan-Jun2026 [3/10/2026],3/10/2026,OR-Tools (Guided Local Search),190,38,0.0,0.0,0.0,0.0,0.0,0.0,100.0,100.0,100.0,1.0,1.0,1.0
Orders Jan-Jun2026 [3/11/2026],3/11/2026,Original / Realized Routes,162,35,1843.8,100.639,4632.464,28.5955,58.08,9.76,0.0,0.0,0.0,1.0,1.0,1.0
Orders Jan-Jun2026 [3/11/2026],3/11/2026,Min-Max mTSP (Tour Partitioning),162,35,1487.236,105.843,2021.772,23.2388,14.52,3.84,19.3,-5.2,56.4,1.24,0.951,2.291
Orders Jan-Jun2026 [3/11/2026],3/11/2026,CVRP ITP (Iterated Partitioning),162,35,807.257,117.069,2761.148,31.7373,21.9,7.26,56.2,-16.3,40.4,2.284,0.86,1.678
Orders Jan-Jun2026 [3/11/2026],3/11/2026,MLP Geometric Scaling (Latency),162,35,1825.668,139.747,5886.981,36.3394,22.0,7.81,1.0,-38.9,-27.1,1.01,0.72,0.787
Orders Jan-Jun2026 [3/11/2026],3/11/2026,Bi-Objective (Makespan & Latency),162,35,1499.633,179.231,2996.339,34.4407,31.96,5.88,18.7,-78.1,35.3,1.23,0.562,1.546
Orders Jan-Jun2026 [3/11/2026],3/11/2026,OR-Tools (Guided Local Search),162,35,0.0,0.0,0.0,0.0,0.0,0.0,100.0,100.0,100.0,1.0,1.0,1.0
Orders Jan-Jun2026 [3/12/2026],3/12/2026,Original / Realized Routes,139,30,1938.056,178.552,5157.265,37.1026,48.0,10.96,0.0,0.0,0.0,1.0,1.0,1.0
Orders Jan-Jun2026 [3/12/2026],3/12/2026,Min-Max mTSP (Tour Partitioning),139,30,1343.721,106.189,1893.219,24.9108,24.0,5.06,30.7,40.5,63.3,1.442,1.681,2.724
Orders Jan-Jun2026 [3/12/2026],3/12/2026,CVRP ITP (Iterated Partitioning),139,30,718.77,133.756,3450.438,45.4005,24.0,7.98,62.9,25.1,33.1,2.696,1.335,1.495
Orders Jan-Jun2026 [3/12/2026],3/12/2026,MLP Geometric Scaling (Latency),139,30,1597.986,156.179,5930.835,42.6679,24.0,8.99,17.5,12.5,-15.0,1.213,1.143,0.87
Orders Jan-Jun2026 [3/12/2026],3/12/2026,Bi-Objective (Makespan & Latency),139,30,1467.532,191.428,3520.235,46.3189,39.65,8.23,24.3,-7.2,31.7,1.321,0.933,1.465
Orders Jan-Jun2026 [3/12/2026],3/12/2026,OR-Tools (Guided Local Search),139,30,0.0,0.0,0.0,0.0,0.0,0.0,100.0,100.0,100.0,1.0,1.0,1.0
Orders Jan-Jun2026 [3/13/2026],3/13/2026,Original / Realized Routes,123,24,1136.447,114.526,3292.118,26.7652,14.31,3.4,0.0,0.0,0.0,1.0,1.0,1.0
Orders Jan-Jun2026 [3/13/2026],3/13/2026,Min-Max mTSP (Tour Partitioning),123,24,920.96,97.435,1371.049,22.4762,11.38,3.24,19.0,14.9,58.4,1.234,1.175,2.401
Orders Jan-Jun2026 [3/13/2026],3/13/2026,CVRP ITP (Iterated Partitioning),123,24,421.94,179.256,3726.965,61.0978,21.59,6.7,62.9,-56.5,-13.2,2.693,0.639,0.883
Orders Jan-Jun2026 [3/13/2026],3/13/2026,MLP Geometric Scaling (Latency),123,24,736.468,207.436,6711.929,54.5685,21.98,8.55,35.2,-81.1,-103.9,1.543,0.552,0.49
Orders Jan-Jun2026 [3/13/2026],3/13/2026,Bi-Objective (Makespan & Latency),123,24,1032.484,129.914,1970.609,32.3051,17.82,3.99,9.1,-13.4,40.1,1.101,0.882,1.671
Orders Jan-Jun2026 [3/13/2026],3/13/2026,OR-Tools (Guided Local Search),123,24,695.015,77.19,4585.762,37.2826,18.15,6.83,38.8,32.6,-39.3,1.635,1.484,0.718
Orders Jan-Jun2026 [3/16/2026],3/16/2026,Original / Realized Routes,116,20,1054.536,96.372,3523.636,30.3762,9.18,2.27,0.0,0.0,0.0,1.0,1.0,1.0
Orders Jan-Jun2026 [3/16/2026],3/16/2026,Min-Max mTSP (Tour Partitioning),116,20,854.655,87.934,1529.22,24.2733,13.29,3.42,19.0,8.8,56.6,1.234,1.096,2.304
Orders Jan-Jun2026 [3/16/2026],3/16/2026,CVRP ITP (Iterated Partitioning),116,20,355.99,162.916,3397.926,53.9353,21.34,6.77,66.2,-69.0,3.6,2.962,0.592,1.037
Orders Jan-Jun2026 [3/16/2026],3/16/2026,MLP Geometric Scaling (Latency),116,20,552.714,213.049,8475.193,73.062,21.98,8.91,47.6,-121.1,-140.5,1.908,0.452,0.416
Orders Jan-Jun2026 [3/16/2026],3/16/2026,Bi-Objective (Makespan & Latency),116,20,1034.626,94.477,1582.991,25.1268,10.81,2.11,1.9,2.0,55.1,1.019,1.02,2.226
Orders Jan-Jun2026 [3/16/2026],3/16/2026,OR-Tools (Guided Local Search),116,20,515.443,83.471,3903.062,33.6471,16.86,6.3,51.1,13.4,-10.8,2.046,1.155,0.903
Orders Jan-Jun2026 [3/17/2026],3/17/2026,Original / Realized Routes,164,36,1881.621,110.24,4883.241,29.7759,13.86,3.01,0.0,0.0,0.0,1.0,1.0,1.0
Orders Jan-Jun2026 [3/17/2026],3/17/2026,Min-Max mTSP (Tour Partitioning),164,36,1336.38,108.1,2102.174,24.7315,13.74,3.27,29.0,1.9,57.0,1.408,1.02,2.323
Orders Jan-Jun2026 [3/17/2026],3/17/2026,CVRP ITP (Iterated Partitioning),164,36,562.752,190.138,4464.56,52.5242,21.93,7.02,70.1,-72.5,8.6,3.344,0.58,1.094
Orders Jan-Jun2026 [3/17/2026],3/17/2026,MLP Geometric Scaling (Latency),164,36,989.009,136.769,7145.372,43.5693,21.98,7.64,47.4,-24.1,-46.3,1.903,0.806,0.683
Orders Jan-Jun2026 [3/17/2026],3/17/2026,Bi-Objective (Makespan & Latency),164,36,1580.66,153.687,2469.467,29.0526,15.89,3.63,16.0,-39.4,49.4,1.19,0.717,1.977
Orders Jan-Jun2026 [3/17/2026],3/17/2026,OR-Tools (Guided Local Search),164,36,1074.658,103.259,6161.129,37.5679,20.31,5.36,42.9,6.3,-26.2,1.751,1.068,0.793
Orders Jan-Jun2026 [3/18/2026],3/18/2026,Original / Realized Routes,153,34,1715.684,92.887,4268.444,27.8983,102.55,16.84,0.0,0.0,0.0,1.0,1.0,1.0
Orders Jan-Jun2026 [3/18/2026],3/18/2026,Min-Max mTSP (Tour Partitioning),153,34,1373.789,103.999,2053.211,23.6001,62.71,11.07,19.9,-12.0,51.9,1.249,0.893,2.079
Orders Jan-Jun2026 [3/18/2026],3/18/2026,CVRP ITP (Iterated Partitioning),153,34,744.457,114.207,3426.783,39.3883,62.71,12.35,56.6,-23.0,19.7,2.305,0.813,1.246
Orders Jan-Jun2026 [3/18/2026],3/18/2026,MLP Geometric Scaling (Latency),153,34,1291.606,146.07,5491.133,35.8898,62.71,12.41,24.7,-57.3,-28.6,1.328,0.636,0.777
Orders Jan-Jun2026 [3/18/2026],3/18/2026,Bi-Objective (Makespan & Latency),153,34,1388.612,163.953,2815.02,32.3566,62.71,11.81,19.1,-76.5,34.1,1.236,0.567,1.516
Orders Jan-Jun2026 [3/18/2026],3/18/2026,OR-Tools (Guided Local Search),153,34,0.0,0.0,0.0,0.0,0.0,0.0,100.0,100.0,100.0,1.0,1.0,1.0
Orders Jan-Jun2026 [3/19/2026],3/19/2026,Original / Realized Routes,146,27,2184.426,205.584,6989.445,47.8729,33.34,7.96,0.0,0.0,0.0,1.0,1.0,1.0
Orders Jan-Jun2026 [3/19/2026],3/19/2026,Min-Max mTSP (Tour Partitioning),146,27,1385.463,126.586,2305.53,28.1162,21.38,5.57,36.6,38.4,67.0,1.577,1.624,3.032
Orders Jan-Jun2026 [3/19/2026],3/19/2026,CVRP ITP (Iterated Partitioning),146,27,871.718,163.336,3430.388,41.834,20.76,6.84,60.1,20.6,50.9,2.506,1.259,2.038
Orders Jan-Jun2026 [3/19/2026],3/19/2026,MLP Geometric Scaling (Latency),146,27,1773.297,222.516,6626.36,45.386,22.0,8.38,18.8,-8.2,5.2,1.232,0.924,1.055
Orders Jan-Jun2026 [3/19/2026],3/19/2026,Bi-Objective (Makespan & Latency),146,27,1693.852,142.205,2496.987,30.4511,16.54,4.35,22.5,30.8,64.3,1.29,1.446,2.799
Orders Jan-Jun2026 [3/19/2026],3/19/2026,OR-Tools (Guided Local Search),146,27,0.0,0.0,0.0,0.0,0.0,0.0,100.0,100.0,100.0,1.0,1.0,1.0
Orders Jan-Jun2026 [3/2/2026],3/2/2026,Original / Realized Routes,109,23,1191.087,97.741,3395.991,31.1559,50.11,13.27,0.0,0.0,0.0,1.0,1.0,1.0
Orders Jan-Jun2026 [3/2/2026],3/2/2026,Min-Max mTSP (Tour Partitioning),109,23,1111.853,87.001,1438.636,23.2038,50.11,14.08,6.7,11.0,57.6,1.071,1.123,2.361
Orders Jan-Jun2026 [3/2/2026],3/2/2026,CVRP ITP (Iterated Partitioning),109,23,646.108,126.838,3024.168,48.7769,50.11,15.14,45.8,-29.8,10.9,1.843,0.771,1.123
Orders Jan-Jun2026 [3/2/2026],3/2/2026,MLP Geometric Scaling (Latency),109,23,973.062,126.114,4147.818,38.0534,50.11,15.13,18.3,-29.0,-22.1,1.224,0.775,0.819
Orders Jan-Jun2026 [3/2/2026],3/2/2026,Bi-Objective (Makespan & Latency),109,23,948.39,160.795,2384.551,38.4605,67.57,17.43,20.4,-64.5,29.8,1.256,0.608,1.424
Orders Jan-Jun2026 [3/2/2026],3/2/2026,OR-Tools (Guided Local Search),109,23,0.0,0.0,0.0,0.0,0.0,0.0,100.0,100.0,100.0,1.0,1.0,1.0
Orders Jan-Jun2026 [3/20/2026],3/20/2026,Original / Realized Routes,129,24,1427.92,156.328,4200.732,32.5638,25.57,5.75,0.0,0.0,0.0,1.0,1.0,1.0
Orders Jan-Jun2026 [3/20/2026],3/20/2026,Min-Max mTSP (Tour Partitioning),129,24,990.086,126.586,1797.304,25.3141,12.75,4.03,30.7,19.0,57.2,1.442,1.235,2.337
Orders Jan-Jun2026 [3/20/2026],3/20/2026,CVRP ITP (Iterated Partitioning),129,24,518.201,241.322,4721.553,66.5007,21.82,7.15,63.7,-54.4,-12.4,2.756,0.648,0.89
Orders Jan-Jun2026 [3/20/2026],3/20/2026,MLP Geometric Scaling (Latency),129,24,1065.803,179.029,5099.127,39.5281,22.0,8.55,25.4,-14.5,-21.4,1.34,0.873,0.824
Orders Jan-Jun2026 [3/20/2026],3/20/2026,Bi-Objective (Makespan & Latency),129,24,991.324,212.97,4172.004,58.7606,32.82,6.95,30.6,-36.2,0.7,1.44,0.734,1.007
Orders Jan-Jun2026 [3/20/2026],3/20/2026,OR-Tools (Guided Local Search),129,24,658.924,121.348,4290.694,33.2612,38.69,11.45,53.9,22.4,-2.1,2.167,1.288,0.979
Orders Jan-Jun2026 [3/23/2026],3/23/2026,Original / Realized Routes,120,25,1359.479,123.971,3524.769,29.3731,29.2,6.43,0.0,0.0,0.0,1.0,1.0,1.0
Orders Jan-Jun2026 [3/23/2026],3/23/2026,Min-Max mTSP (Tour Partitioning),120,25,858.961,86.989,1520.07,23.0314,18.21,4.87,36.8,29.8,56.9,1.583,1.425,2.319
Orders Jan-Jun2026 [3/23/2026],3/23/2026,CVRP ITP (Iterated Partitioning),120,25,464.128,125.427,2566.522,38.8867,21.33,7.24,65.9,-1.2,27.2,2.929,0.988,1.373
Orders Jan-Jun2026 [3/23/2026],3/23/2026,MLP Geometric Scaling (Latency),120,25,1001.675,149.227,4993.596,41.6133,22.0,8.52,26.3,-20.4,-41.7,1.357,0.831,0.706
Orders Jan-Jun2026 [3/23/2026],3/23/2026,Bi-Objective (Makespan & Latency),120,25,993.607,130.047,2007.507,30.4168,16.69,4.06,26.9,-4.9,43.0,1.368,0.953,1.756
Orders Jan-Jun2026 [3/23/2026],3/23/2026,OR-Tools (Guided Local Search),120,25,0.0,0.0,0.0,0.0,0.0,0.0,100.0,100.0,100.0,1.0,1.0,1.0
Orders Jan-Jun2026 [3/24/2026],3/24/2026,Original / Realized Routes,200,39,2566.117,146.305,7750.994,38.755,49.79,9.15,0.0,0.0,0.0,1.0,1.0,1.0
Orders Jan-Jun2026 [3/24/2026],3/24/2026,Min-Max mTSP (Tour Partitioning),200,39,1541.454,126.586,2438.188,24.1405,19.41,4.93,39.9,13.5,68.5,1.665,1.156,3.179
Orders Jan-Jun2026 [3/24/2026],3/24/2026,CVRP ITP (Iterated Partitioning),200,39,912.964,168.177,4619.8,45.7406,21.72,6.75,64.4,-14.9,40.4,2.811,0.87,1.678
Orders Jan-Jun2026 [3/24/2026],3/24/2026,MLP Geometric Scaling (Latency),200,39,2457.204,159.035,7548.123,37.7406,22.0,7.26,4.2,-8.7,2.6,1.044,0.92,1.027
Orders Jan-Jun2026 [3/24/2026],3/24/2026,Bi-Objective (Makespan & Latency),200,39,1637.571,191.129,3140.241,31.0915,26.98,5.02,36.2,-30.6,59.5,1.567,0.765,2.468
Orders Jan-Jun2026 [3/24/2026],3/24/2026,OR-Tools (Guided Local Search),200,39,1496.457,125.95,8231.379,41.1569,30.38,9.18,41.7,13.9,-6.2,1.715,1.162,0.942
Orders Jan-Jun2026 [3/25/2026],3/25/2026,Original / Realized Routes,141,30,1471.138,105.007,3917.34,27.7826,19.18,3.67,0.0,0.0,0.0,1.0,1.0,1.0
Orders Jan-Jun2026 [3/25/2026],3/25/2026,Min-Max mTSP (Tour Partitioning),141,30,1031.802,102.369,1687.522,23.1167,14.71,4.07,29.9,2.5,56.9,1.426,1.026,2.321
Orders Jan-Jun2026 [3/25/2026],3/25/2026,CVRP ITP (Iterated Partitioning),141,30,545.099,174.702,3898.924,53.4099,21.88,7.01,62.9,-66.4,0.5,2.699,0.601,1.005
Orders Jan-Jun2026 [3/25/2026],3/25/2026,MLP Geometric Scaling (Latency),141,30,886.678,138.97,5231.619,37.1037,21.98,8.15,39.7,-32.3,-33.6,1.659,0.756,0.749
Orders Jan-Jun2026 [3/25/2026],3/25/2026,Bi-Objective (Makespan & Latency),141,30,1337.326,144.685,2076.027,28.4387,20.29,3.93,9.1,-37.8,47.0,1.1,0.726,1.887
Orders Jan-Jun2026 [3/25/2026],3/25/2026,OR-Tools (Guided Local Search),141,30,817.171,84.864,4467.351,31.6833,20.23,5.89,44.5,19.2,-14.0,1.8,1.237,0.877
Orders Jan-Jun2026 [3/26/2026],3/26/2026,Original / Realized Routes,154,31,1834.859,126.031,5219.017,33.8897,49.64,8.53,0.0,0.0,0.0,1.0,1.0,1.0
Orders Jan-Jun2026 [3/26/2026],3/26/2026,Min-Max mTSP (Tour Partitioning),154,31,1198.79,106.123,2014.935,23.9873,21.43,5.66,34.7,15.8,61.4,1.531,1.188,2.59
Orders Jan-Jun2026 [3/26/2026],3/26/2026,CVRP ITP (Iterated Partitioning),154,31,839.057,124.773,3592.684,42.77,21.7,6.94,54.3,1.0,31.2,2.187,1.01,1.453
Orders Jan-Jun2026 [3/26/2026],3/26/2026,MLP Geometric Scaling (Latency),154,31,1602.822,172.982,5914.111,38.4033,22.0,8.06,12.6,-37.3,-13.3,1.145,0.729,0.882
Orders Jan-Jun2026 [3/26/2026],3/26/2026,Bi-Objective (Makespan & Latency),154,31,1386.274,224.439,4610.416,54.8859,47.85,8.91,24.4,-78.1,11.7,1.324,0.562,1.132
Orders Jan-Jun2026 [3/26/2026],3/26/2026,OR-Tools (Guided Local Search),154,31,1232.933,93.739,4506.47,29.2628,20.98,5.7,32.8,25.6,13.7,1.488,1.344,1.158
Orders Jan-Jun2026 [3/27/2026],3/27/2026,Original / Realized Routes,124,23,1279.097,97.031,3841.584,30.9805,44.04,11.74,0.0,0.0,0.0,1.0,1.0,1.0
Orders Jan-Jun2026 [3/27/2026],3/27/2026,Min-Max mTSP (Tour Partitioning),124,23,936.758,89.962,1501.047,23.4539,34.58,8.8,26.8,7.3,60.9,1.365,1.079,2.559
Orders Jan-Jun2026 [3/27/2026],3/27/2026,CVRP ITP (Iterated Partitioning),124,23,672.552,187.468,2809.176,43.8934,34.58,9.32,47.4,-93.2,26.9,1.902,0.518,1.368
Orders Jan-Jun2026 [3/27/2026],3/27/2026,MLP Geometric Scaling (Latency),124,23,1093.867,129.617,4048.936,32.6527,34.58,9.9,14.5,-33.6,-5.4,1.169,0.749,0.949
Orders Jan-Jun2026 [3/27/2026],3/27/2026,Bi-Objective (Makespan & Latency),124,23,794.964,143.849,2351.855,36.7477,36.53,10.8,37.8,-48.3,38.8,1.609,0.675,1.633
Orders Jan-Jun2026 [3/27/2026],3/27/2026,OR-Tools (Guided Local Search),124,23,0.0,0.0,0.0,0.0,0.0,0.0,100.0,100.0,100.0,1.0,1.0,1.0
Orders Jan-Jun2026 [3/3/2026],3/3/2026,Original / Realized Routes,189,35,2122.253,180.512,6181.414,32.7059,36.29,8.12,0.0,0.0,0.0,1.0,1.0,1.0
Orders Jan-Jun2026 [3/3/2026],3/3/2026,Min-Max mTSP (Tour Partitioning),189,35,1549.179,132.468,2601.178,25.5017,21.2,5.86,27.0,26.6,57.9,1.37,1.363,2.376
Orders Jan-Jun2026 [3/3/2026],3/3/2026,CVRP ITP (Iterated Partitioning),189,35,816.555,178.861,3987.659,39.0947,21.2,7.13,61.5,0.9,35.5,2.599,1.009,1.55
Orders Jan-Jun2026 [3/3/2026],3/3/2026,MLP Geometric Scaling (Latency),189,35,1563.617,198.696,7384.097,39.0693,22.0,8.46,26.3,-10.1,-19.5,1.357,0.908,0.837
Orders Jan-Jun2026 [3/3/2026],3/3/2026,Bi-Objective (Makespan & Latency),189,35,1432.673,305.064,6145.463,60.2496,34.8,7.61,32.5,-69.0,0.6,1.481,0.592,1.006
Orders Jan-Jun2026 [3/3/2026],3/3/2026,OR-Tools (Guided Local Search),189,35,0.0,0.0,0.0,0.0,0.0,0.0,100.0,100.0,100.0,1.0,1.0,1.0
Orders Jan-Jun2026 [3/30/2026],3/30/2026,Original / Realized Routes,137,27,1556.54,122.05,4259.397,31.0905,15.92,3.45,0.0,0.0,0.0,1.0,1.0,1.0
Orders Jan-Jun2026 [3/30/2026],3/30/2026,Min-Max mTSP (Tour Partitioning),137,27,1189.09,95.278,1770.726,23.6097,15.73,4.21,23.6,21.9,58.4,1.309,1.281,2.405
Orders Jan-Jun2026 [3/30/2026],3/30/2026,CVRP ITP (Iterated Partitioning),137,27,557.546,127.417,2963.091,39.5079,21.68,7.37,64.2,-4.4,30.4,2.792,0.958,1.437
Orders Jan-Jun2026 [3/30/2026],3/30/2026,MLP Geometric Scaling (Latency),137,27,1044.81,162.815,6001.455,43.8062,21.98,8.32,32.9,-33.4,-40.9,1.49,0.75,0.71
Orders Jan-Jun2026 [3/30/2026],3/30/2026,Bi-Objective (Makespan & Latency),137,27,1186.634,158.86,3124.733,41.6631,48.98,9.25,23.8,-30.2,26.6,1.312,0.768,1.363
Orders Jan-Jun2026 [3/30/2026],3/30/2026,OR-Tools (Guided Local Search),137,27,0.0,0.0,0.0,0.0,0.0,0.0,100.0,100.0,100.0,1.0,1.0,1.0
Orders Jan-Jun2026 [3/31/2026],3/31/2026,Original / Realized Routes,154,33,1599.989,98.961,4394.3,28.5344,32.37,7.34,0.0,0.0,0.0,1.0,1.0,1.0
Orders Jan-Jun2026 [3/31/2026],3/31/2026,Min-Max mTSP (Tour Partitioning),154,33,1356.052,111.297,1968.788,23.7203,32.37,8.31,15.2,-12.5,55.2,1.18,0.889,2.232
Orders Jan-Jun2026 [3/31/2026],3/31/2026,CVRP ITP (Iterated Partitioning),154,33,873.736,144.816,3713.159,44.7369,32.37,9.67,45.4,-46.3,15.5,1.831,0.683,1.183
Orders Jan-Jun2026 [3/31/2026],3/31/2026,MLP Geometric Scaling (Latency),154,33,1412.903,159.906,5536.718,35.9527,32.37,9.64,11.7,-61.6,-26.0,1.132,0.619,0.794
Orders Jan-Jun2026 [3/31/2026],3/31/2026,Bi-Objective (Makespan & Latency),154,33,1353.337,196.134,3086.008,37.1808,50.92,10.47,15.4,-98.2,29.8,1.182,0.505,1.424
Orders Jan-Jun2026 [3/31/2026],3/31/2026,OR-Tools (Guided Local Search),154,33,0.0,0.0,0.0,0.0,0.0,0.0,100.0,100.0,100.0,1.0,1.0,1.0
Orders Jan-Jun2026 [3/4/2026],3/4/2026,Original / Realized Routes,181,35,1837.435,135.892,5417.438,29.9306,41.6,10.39,0.0,0.0,0.0,1.0,1.0,1.0
Orders Jan-Jun2026 [3/4/2026],3/4/2026,Min-Max mTSP (Tour Partitioning),181,35,1563.186,107.613,2109.365,24.2456,33.03,9.42,14.9,20.8,61.1,1.175,1.263,2.568
Orders Jan-Jun2026 [3/4/2026],3/4/2026,CVRP ITP (Iterated Partitioning),181,35,900.296,167.106,3815.285,43.8539,33.03,9.96,51.0,-23.0,29.6,2.041,0.813,1.42
Orders Jan-Jun2026 [3/4/2026],3/4/2026,MLP Geometric Scaling (Latency),181,35,1539.098,148.715,6872.924,37.972,33.03,10.63,16.2,-9.4,-26.9,1.194,0.914,0.788
Orders Jan-Jun2026 [3/4/2026],3/4/2026,Bi-Objective (Makespan & Latency),181,35,1632.071,163.295,2963.467,34.0628,67.34,13.23,11.2,-20.2,45.3,1.126,0.832,1.828
Orders Jan-Jun2026 [3/4/2026],3/4/2026,OR-Tools (Guided Local Search),181,35,0.0,0.0,0.0,0.0,0.0,0.0,100.0,100.0,100.0,1.0,1.0,1.0
Orders Jan-Jun2026 [3/5/2026],3/5/2026,Original / Realized Routes,200,33,2421.592,174.591,9507.48,47.5374,63.64,14.56,0.0,0.0,0.0,1.0,1.0,1.0
Orders Jan-Jun2026 [3/5/2026],3/5/2026,Min-Max mTSP (Tour Partitioning),200,33,1395.888,106.923,2279.804,27.8025,26.92,6.25,42.4,38.8,76.0,1.735,1.633,4.17
Orders Jan-Jun2026 [3/5/2026],3/5/2026,CVRP ITP (Iterated Partitioning),200,33,677.799,178.609,4417.382,53.8705,26.92,8.25,72.0,-2.3,53.5,3.573,0.978,2.152
Orders Jan-Jun2026 [3/5/2026],3/5/2026,MLP Geometric Scaling (Latency),200,33,1698.682,134.76,7821.466,39.1073,26.92,8.9,29.9,22.8,17.7,1.426,1.296,1.216
Orders Jan-Jun2026 [3/5/2026],3/5/2026,Bi-Objective (Makespan & Latency),200,33,1692.173,123.015,2566.989,31.3047,47.94,8.73,30.1,29.5,73.0,1.431,1.419,3.704
Orders Jan-Jun2026 [3/5/2026],3/5/2026,OR-Tools (Guided Local Search),200,33,0.0,0.0,0.0,0.0,0.0,0.0,100.0,100.0,100.0,1.0,1.0,1.0
Orders Jan-Jun2026 [3/6/2026],3/6/2026,Original / Realized Routes,146,30,1565.294,122.067,4558.102,31.2199,49.58,9.26,0.0,0.0,0.0,1.0,1.0,1.0
Orders Jan-Jun2026 [3/6/2026],3/6/2026,Min-Max mTSP (Tour Partitioning),146,30,1223.788,102.438,1521.926,20.8483,23.77,5.45,21.8,16.1,66.6,1.279,1.192,2.995
Orders Jan-Jun2026 [3/6/2026],3/6/2026,CVRP ITP (Iterated Partitioning),146,30,759.016,149.903,2909.83,39.8607,23.77,7.89,51.5,-22.8,36.2,2.062,0.814,1.566
Orders Jan-Jun2026 [3/6/2026],3/6/2026,MLP Geometric Scaling (Latency),146,30,1369.298,148.368,4715.517,32.2981,23.77,9.38,12.5,-21.5,-3.5,1.143,0.823,0.967
Orders Jan-Jun2026 [3/6/2026],3/6/2026,Bi-Objective (Makespan & Latency),146,30,1090.094,127.682,2043.12,27.9879,49.27,8.94,30.4,-4.6,55.2,1.436,0.956,2.231
Orders Jan-Jun2026 [3/6/2026],3/6/2026,OR-Tools (Guided Local Search),146,30,0.0,0.0,0.0,0.0,0.0,0.0,100.0,100.0,100.0,1.0,1.0,1.0
Orders Jan-Jun2026 [3/9/2026],3/9/2026,Original / Realized Routes,134,27,1546.713,116.315,4146.946,30.9474,19.83,4.15,0.0,0.0,0.0,1.0,1.0,1.0
Orders Jan-Jun2026 [3/9/2026],3/9/2026,Min-Max mTSP (Tour Partitioning),134,27,1110.326,84.481,1719.503,24.9203,21.59,4.96,28.2,27.4,58.5,1.393,1.377,2.412
Orders Jan-Jun2026 [3/9/2026],3/9/2026,CVRP ITP (Iterated Partitioning),134,27,549.076,110.09,2789.672,40.43,21.59,7.63,64.5,5.4,32.7,2.817,1.057,1.487
Orders Jan-Jun2026 [3/9/2026],3/9/2026,MLP Geometric Scaling (Latency),134,27,1180.675,194.088,4985.144,37.2026,21.99,8.18,23.7,-66.9,-20.2,1.31,0.599,0.832
Orders Jan-Jun2026 [3/9/2026],3/9/2026,Bi-Objective (Makespan & Latency),134,27,1267.872,122.636,2154.665,31.227,29.8,6.41,18.0,-5.4,48.0,1.22,0.948,1.925
Orders Jan-Jun2026 [3/9/2026],3/9/2026,OR-Tools (Guided Local Search),134,27,0.0,0.0,0.0,0.0,0.0,0.0,100.0,100.0,100.0,1.0,1.0,1.0
Orders Jan-Jun2026 [4/1/2026],4/1/2026,Original / Realized Routes,170,42,2041.569,109.342,4942.373,29.0728,35.86,7.59,0.0,0.0,0.0,1.0,1.0,1.0
Orders Jan-Jun2026 [4/1/2026],4/1/2026,Min-Max mTSP (Tour Partitioning),170,42,1658.942,91.254,2117.248,22.0547,20.24,5.45,18.7,16.5,57.2,1.231,1.198,2.334
Orders Jan-Jun2026 [4/1/2026],4/1/2026,CVRP ITP (Iterated Partitioning),170,42,1223.5,103.971,2787.164,29.033,21.72,7.05,40.1,4.9,43.6,1.669,1.052,1.773
Orders Jan-Jun2026 [4/1/2026],4/1/2026,MLP Geometric Scaling (Latency),170,42,1800.31,126.472,5719.33,33.6431,22.0,7.5,11.8,-15.7,-15.7,1.134,0.865,0.864
Orders Jan-Jun2026 [4/1/2026],4/1/2026,Bi-Objective (Makespan & Latency),170,42,1854.165,135.593,2589.586,26.9749,71.41,11.39,9.2,-24.0,47.6,1.101,0.806,1.909
Orders Jan-Jun2026 [4/1/2026],4/1/2026,OR-Tools (Guided Local Search),170,42,1491.243,92.317,5729.856,33.705,35.72,8.48,27.0,15.6,-15.9,1.369,1.184,0.863
Orders Jan-Jun2026 [4/10/2026],4/10/2026,Original / Realized Routes,121,23,1295.792,93.142,3423.968,28.2973,24.84,7.0,0.0,0.0,0.0,1.0,1.0,1.0
Orders Jan-Jun2026 [4/10/2026],4/10/2026,Min-Max mTSP (Tour Partitioning),121,23,876.372,99.57,1631.839,26.7515,18.73,4.71,32.4,-6.9,52.3,1.479,0.935,2.098
Orders Jan-Jun2026 [4/10/2026],4/10/2026,CVRP ITP (Iterated Partitioning),121,23,444.284,140.007,3061.455,50.1878,21.7,8.09,65.7,-50.3,10.6,2.917,0.665,1.118
Orders Jan-Jun2026 [4/10/2026],4/10/2026,MLP Geometric Scaling (Latency),121,23,950.96,153.865,4095.105,33.8438,22.0,8.11,26.6,-65.2,-19.6,1.363,0.605,0.836
Orders Jan-Jun2026 [4/10/2026],4/10/2026,Bi-Objective (Makespan & Latency),121,23,979.682,126.931,1802.056,29.5419,22.46,5.07,24.4,-36.3,47.4,1.323,0.734,1.9
Orders Jan-Jun2026 [4/10/2026],4/10/2026,OR-Tools (Guided Local Search),121,23,710.231,73.354,3925.496,32.4421,39.6,10.92,45.2,21.2,-14.6,1.824,1.27,0.872
Orders Jan-Jun2026 [4/13/2026],4/13/2026,Original / Realized Routes,143,28,1529.439,109.017,3755.467,26.262,87.28,17.48,0.0,0.0,0.0,1.0,1.0,1.0
Orders Jan-Jun2026 [4/13/2026],4/13/2026,Min-Max mTSP (Tour Partitioning),143,28,1346.522,103.312,1781.124,23.4358,48.78,9.69,12.0,5.2,52.6,1.136,1.055,2.108
Orders Jan-Jun2026 [4/13/2026],4/13/2026,CVRP ITP (Iterated Partitioning),143,28,770.21,127.924,3316.963,43.6442,48.78,10.96,49.6,-17.3,11.7,1.986,0.852,1.132
Orders Jan-Jun2026 [4/13/2026],4/13/2026,MLP Geometric Scaling (Latency),143,28,1185.791,179.747,5540.154,38.7423,48.78,11.7,22.5,-64.9,-47.5,1.29,0.607,0.678
Orders Jan-Jun2026 [4/13/2026],4/13/2026,Bi-Objective (Makespan & Latency),143,28,1137.406,145.782,2866.667,37.7193,59.81,13.89,25.6,-33.7,23.7,1.345,0.748,1.31
Orders Jan-Jun2026 [4/13/2026],4/13/2026,OR-Tools (Guided Local Search),143,28,0.0,0.0,0.0,0.0,0.0,0.0,100.0,100.0,100.0,1.0,1.0,1.0
Orders Jan-Jun2026 [4/14/2026],4/14/2026,Original / Realized Routes,184,34,1865.145,144.129,5504.869,29.9178,22.26,4.13,0.0,0.0,0.0,1.0,1.0,1.0
Orders Jan-Jun2026 [4/14/2026],4/14/2026,Min-Max mTSP (Tour Partitioning),184,34,1336.265,132.204,2200.844,23.665,12.0,3.42,28.4,8.3,60.0,1.396,1.09,2.501
Orders Jan-Jun2026 [4/14/2026],4/14/2026,CVRP ITP (Iterated Partitioning),184,34,671.876,188.548,6370.951,68.5048,22.0,6.98,64.0,-30.8,-15.7,2.776,0.764,0.864
Orders Jan-Jun2026 [4/14/2026],4/14/2026,MLP Geometric Scaling (Latency),184,34,1593.702,194.99,7236.377,39.3281,22.0,7.9,14.6,-35.3,-31.5,1.17,0.739,0.761
Orders Jan-Jun2026 [4/14/2026],4/14/2026,Bi-Objective (Makespan & Latency),184,34,1523.375,238.735,5156.344,55.4446,40.14,6.69,18.3,-65.6,6.3,1.224,0.604,1.068
Orders Jan-Jun2026 [4/14/2026],4/14/2026,OR-Tools (Guided Local Search),184,34,1138.841,127.191,8103.286,44.0396,25.68,7.91,38.9,11.8,-47.2,1.638,1.133,0.679
Orders Jan-Jun2026 [4/15/2026],4/15/2026,Original / Realized Routes,157,35,1765.021,95.371,4650.787,29.6228,73.84,12.06,0.0,0.0,0.0,1.0,1.0,1.0
Orders Jan-Jun2026 [4/15/2026],4/15/2026,Min-Max mTSP (Tour Partitioning),157,35,1206.847,100.899,1923.654,23.4592,73.84,12.74,31.6,-5.8,58.6,1.463,0.945,2.418
Orders Jan-Jun2026 [4/15/2026],4/15/2026,CVRP ITP (Iterated Partitioning),157,35,638.002,118.434,3561.04,43.4273,73.84,13.64,63.9,-24.2,23.4,2.766,0.805,1.306
Orders Jan-Jun2026 [4/15/2026],4/15/2026,MLP Geometric Scaling (Latency),157,35,1377.722,147.676,5830.429,37.1365,73.84,13.71,21.9,-54.8,-25.4,1.281,0.646,0.798
Orders Jan-Jun2026 [4/15/2026],4/15/2026,Bi-Objective (Makespan & Latency),157,35,1559.45,119.501,2297.253,28.0153,73.84,12.45,11.6,-25.3,50.6,1.132,0.798,2.024
Orders Jan-Jun2026 [4/15/2026],4/15/2026,OR-Tools (Guided Local Search),157,35,0.0,0.0,0.0,0.0,0.0,0.0,100.0,100.0,100.0,1.0,1.0,1.0
Orders Jan-Jun2026 [4/16/2026],4/16/2026,Original / Realized Routes,152,28,1540.123,116.886,5005.082,32.9282,44.62,7.77,0.0,0.0,0.0,1.0,1.0,1.0
Orders Jan-Jun2026 [4/16/2026],4/16/2026,Min-Max mTSP (Tour Partitioning),152,28,1244.954,103.412,2216.384,26.3855,22.31,5.73,19.2,11.5,55.7,1.237,1.13,2.258
Orders Jan-Jun2026 [4/16/2026],4/16/2026,CVRP ITP (Iterated Partitioning),152,28,782.046,175.243,3854.042,45.8815,22.31,7.26,49.2,-49.9,23.0,1.969,0.667,1.299
Orders Jan-Jun2026 [4/16/2026],4/16/2026,MLP Geometric Scaling (Latency),152,28,1323.991,177.555,6111.628,40.2081,22.31,8.22,14.0,-51.9,-22.1,1.163,0.658,0.819
Orders Jan-Jun2026 [4/16/2026],4/16/2026,Bi-Objective (Makespan & Latency),152,28,1537.158,107.93,2357.276,28.0628,22.31,5.07,0.2,7.7,52.9,1.002,1.083,2.123
Orders Jan-Jun2026 [4/16/2026],4/16/2026,OR-Tools (Guided Local Search),152,28,0.0,0.0,0.0,0.0,0.0,0.0,100.0,100.0,100.0,1.0,1.0,1.0
Orders Jan-Jun2026 [4/17/2026],4/17/2026,Original / Realized Routes,116,22,1128.218,151.55,3761.301,32.425,52.0,11.35,0.0,0.0,0.0,1.0,1.0,1.0
Orders Jan-Jun2026 [4/17/2026],4/17/2026,Min-Max mTSP (Tour Partitioning),116,22,917.566,93.74,1378.435,21.8799,12.17,3.74,18.7,38.1,63.4,1.23,1.617,2.729
Orders Jan-Jun2026 [4/17/2026],4/17/2026,CVRP ITP (Iterated Partitioning),116,22,459.007,124.309,3071.682,48.7569,21.79,7.44,59.3,18.0,18.3,2.458,1.219,1.225
Orders Jan-Jun2026 [4/17/2026],4/17/2026,MLP Geometric Scaling (Latency),116,22,1129.002,127.006,4682.322,40.3648,22.0,8.39,-0.1,16.2,-24.5,0.999,1.193,0.803
Orders Jan-Jun2026 [4/17/2026],4/17/2026,Bi-Objective (Makespan & Latency),116,22,894.326,154.163,2755.096,43.7317,42.01,8.73,20.7,-1.7,26.8,1.262,0.983,1.365
Orders Jan-Jun2026 [4/17/2026],4/17/2026,OR-Tools (Guided Local Search),116,22,662.71,78.437,3333.528,28.7373,74.73,16.06,41.3,48.2,11.4,1.702,1.932,1.128
Orders Jan-Jun2026 [4/2/2026],4/2/2026,Original / Realized Routes,135,23,1508.964,113.894,4675.831,34.6358,12.36,3.33,0.0,0.0,0.0,1.0,1.0,1.0
Orders Jan-Jun2026 [4/2/2026],4/2/2026,Min-Max mTSP (Tour Partitioning),135,23,999.014,107.935,1867.172,27.0605,15.31,4.28,33.8,5.2,60.1,1.51,1.055,2.504
Orders Jan-Jun2026 [4/2/2026],4/2/2026,CVRP ITP (Iterated Partitioning),135,23,471.369,138.077,3365.32,48.7728,21.89,7.41,68.8,-21.2,28.0,3.201,0.825,1.389
Orders Jan-Jun2026 [4/2/2026],4/2/2026,MLP Geometric Scaling (Latency),135,23,822.464,204.745,6813.681,50.4717,21.98,8.65,45.5,-79.8,-45.7,1.835,0.556,0.686
Orders Jan-Jun2026 [4/2/2026],4/2/2026,Bi-Objective (Makespan & Latency),135,23,1319.758,112.912,1885.845,27.3311,10.65,2.91,12.5,0.9,59.7,1.143,1.009,2.479
Orders Jan-Jun2026 [4/2/2026],4/2/2026,OR-Tools (Guided Local Search),135,23,821.561,98.432,4364.422,32.3291,14.73,5.38,45.6,13.6,6.7,1.837,1.157,1.071
Orders Jan-Jun2026 [4/20/2026],4/20/2026,Original / Realized Routes,134,25,1356.569,81.785,3590.82,26.7972,97.96,20.24,0.0,0.0,0.0,1.0,1.0,1.0
Orders Jan-Jun2026 [4/20/2026],4/20/2026,Min-Max mTSP (Tour Partitioning),134,25,1064.667,81.853,1668.342,23.1714,46.72,13.54,21.5,-0.1,53.5,1.274,0.999,2.152
Orders Jan-Jun2026 [4/20/2026],4/20/2026,CVRP ITP (Iterated Partitioning),134,25,723.504,133.328,2568.006,35.6668,46.72,14.19,46.7,-63.0,28.5,1.875,0.613,1.398
Orders Jan-Jun2026 [4/20/2026],4/20/2026,MLP Geometric Scaling (Latency),134,25,945.795,116.051,5102.896,38.0813,46.72,15.72,30.3,-41.9,-42.1,1.434,0.705,0.704
Orders Jan-Jun2026 [4/20/2026],4/20/2026,Bi-Objective (Makespan & Latency),134,25,1019.275,173.105,2931.417,40.7141,102.38,21.76,24.9,-111.7,18.4,1.331,0.472,1.225
Orders Jan-Jun2026 [4/20/2026],4/20/2026,OR-Tools (Guided Local Search),134,25,0.0,0.0,0.0,0.0,0.0,0.0,100.0,100.0,100.0,1.0,1.0,1.0
Orders Jan-Jun2026 [4/21/2026],4/21/2026,Original / Realized Routes,176,35,2007.797,120.157,5183.56,29.452,54.3,11.74,0.0,0.0,0.0,1.0,1.0,1.0
Orders Jan-Jun2026 [4/21/2026],4/21/2026,Min-Max mTSP (Tour Partitioning),176,35,1621.514,112.59,2363.274,25.1412,32.72,8.8,19.2,6.3,54.4,1.238,1.067,2.193
Orders Jan-Jun2026 [4/21/2026],4/21/2026,CVRP ITP (Iterated Partitioning),176,35,953.279,150.795,4828.433,51.3663,32.72,9.69,52.5,-25.5,6.9,2.106,0.797,1.074
Orders Jan-Jun2026 [4/21/2026],4/21/2026,MLP Geometric Scaling (Latency),176,35,1554.167,160.612,6692.646,38.0264,32.72,10.75,22.6,-33.7,-29.1,1.292,0.748,0.775
Orders Jan-Jun2026 [4/21/2026],4/21/2026,Bi-Objective (Makespan & Latency),176,35,1606.526,204.882,4161.921,44.2758,32.72,9.75,20.0,-70.5,19.7,1.25,0.586,1.245
Orders Jan-Jun2026 [4/21/2026],4/21/2026,OR-Tools (Guided Local Search),176,35,0.0,0.0,0.0,0.0,0.0,0.0,100.0,100.0,100.0,1.0,1.0,1.0
Orders Jan-Jun2026 [4/22/2026],4/22/2026,Original / Realized Routes,156,30,1600.446,92.236,4769.206,30.5718,17.75,4.33,0.0,0.0,0.0,1.0,1.0,1.0
Orders Jan-Jun2026 [4/22/2026],4/22/2026,Min-Max mTSP (Tour Partitioning),156,30,1417.749,102.281,2180.13,24.7742,16.36,4.69,11.4,-10.9,54.3,1.129,0.902,2.188
Orders Jan-Jun2026 [4/22/2026],4/22/2026,CVRP ITP (Iterated Partitioning),156,30,768.449,138.236,3293.698,37.4284,21.83,6.61,52.0,-49.9,30.9,2.083,0.667,1.448
Orders Jan-Jun2026 [4/22/2026],4/22/2026,MLP Geometric Scaling (Latency),156,30,1237.475,159.929,6712.545,43.0291,21.99,8.02,22.7,-73.4,-40.7,1.293,0.577,0.71
Orders Jan-Jun2026 [4/22/2026],4/22/2026,Bi-Objective (Makespan & Latency),156,30,1296.3,151.233,3665.475,41.6531,28.28,5.77,19.0,-64.0,23.1,1.235,0.61,1.301
Orders Jan-Jun2026 [4/22/2026],4/22/2026,OR-Tools (Guided Local Search),156,30,896.368,87.76,5841.038,37.4426,22.43,7.44,44.0,4.9,-22.5,1.785,1.051,0.816
Orders Jan-Jun2026 [4/23/2026],4/23/2026,Original / Realized Routes,152,30,1728.626,118.116,5269.755,34.6694,19.53,3.69,0.0,0.0,0.0,1.0,1.0,1.0
Orders Jan-Jun2026 [4/23/2026],4/23/2026,Min-Max mTSP (Tour Partitioning),152,30,1216.465,107.519,2097.639,24.6781,13.83,3.48,29.6,9.0,60.2,1.421,1.099,2.512
Orders Jan-Jun2026 [4/23/2026],4/23/2026,CVRP ITP (Iterated Partitioning),152,30,525.07,178.878,4406.609,51.8425,21.44,7.24,69.6,-51.4,16.4,3.292,0.66,1.196
Orders Jan-Jun2026 [4/23/2026],4/23/2026,MLP Geometric Scaling (Latency),152,30,1139.159,148.208,6476.508,42.6086,21.98,8.07,34.1,-25.5,-22.9,1.517,0.797,0.814
Orders Jan-Jun2026 [4/23/2026],4/23/2026,Bi-Objective (Makespan & Latency),152,30,1472.293,232.013,4686.177,55.1315,32.17,5.69,14.8,-96.4,11.1,1.174,0.509,1.125
Orders Jan-Jun2026 [4/23/2026],4/23/2026,OR-Tools (Guided Local Search),152,30,932.33,102.11,5607.118,36.8889,26.11,7.09,46.1,13.6,-6.4,1.854,1.157,0.94
Orders Jan-Jun2026 [4/24/2026],4/24/2026,Original / Realized Routes,125,25,1323.458,101.903,3828.192,30.6255,57.78,14.36,0.0,0.0,0.0,1.0,1.0,1.0
Orders Jan-Jun2026 [4/24/2026],4/24/2026,Min-Max mTSP (Tour Partitioning),125,25,1004.816,97.506,1473.965,23.0307,47.82,9.62,24.1,4.3,61.5,1.317,1.045,2.597
Orders Jan-Jun2026 [4/24/2026],4/24/2026,CVRP ITP (Iterated Partitioning),125,25,499.434,138.13,2517.693,39.339,47.82,10.69,62.3,-35.6,34.2,2.65,0.738,1.521
Orders Jan-Jun2026 [4/24/2026],4/24/2026,MLP Geometric Scaling (Latency),125,25,1038.126,154.737,4696.592,37.5727,47.82,11.1,21.6,-51.8,-22.7,1.275,0.659,0.815
Orders Jan-Jun2026 [4/24/2026],4/24/2026,Bi-Objective (Makespan & Latency),125,25,990.108,147.935,1787.993,27.9374,47.82,9.59,25.2,-45.2,53.3,1.337,0.689,2.141
Orders Jan-Jun2026 [4/24/2026],4/24/2026,OR-Tools (Guided Local Search),125,25,0.0,0.0,0.0,0.0,0.0,0.0,100.0,100.0,100.0,1.0,1.0,1.0
Orders Jan-Jun2026 [4/27/2026],4/27/2026,Original / Realized Routes,140,28,1470.813,96.285,3759.171,26.8512,13.74,3.07,0.0,0.0,0.0,1.0,1.0,1.0
Orders Jan-Jun2026 [4/27/2026],4/27/2026,Min-Max mTSP (Tour Partitioning),140,28,1093.073,107.716,1868.099,24.5802,10.36,3.22,25.7,-11.9,50.3,1.346,0.894,2.012
Orders Jan-Jun2026 [4/27/2026],4/27/2026,CVRP ITP (Iterated Partitioning),140,28,522.895,166.529,4564.488,60.0591,21.69,7.56,64.4,-73.0,-21.4,2.813,0.578,0.824
Orders Jan-Jun2026 [4/27/2026],4/27/2026,MLP Geometric Scaling (Latency),140,28,868.021,166.45,6137.134,43.8367,21.99,8.16,41.0,-72.9,-63.3,1.694,0.578,0.613
Orders Jan-Jun2026 [4/27/2026],4/27/2026,Bi-Objective (Makespan & Latency),140,28,1217.23,148.889,2229.996,29.3421,30.62,5.62,17.2,-54.6,40.7,1.208,0.647,1.686
Orders Jan-Jun2026 [4/27/2026],4/27/2026,OR-Tools (Guided Local Search),140,28,742.45,86.306,5397.211,38.5515,26.04,7.57,49.5,10.4,-43.6,1.981,1.116,0.697
Orders Jan-Jun2026 [4/28/2026],4/28/2026,Original / Realized Routes,169,33,1843.277,155.658,5297.458,31.3459,27.5,6.07,0.0,0.0,0.0,1.0,1.0,1.0
Orders Jan-Jun2026 [4/28/2026],4/28/2026,Min-Max mTSP (Tour Partitioning),169,33,1541.368,132.468,2552.485,26.5884,17.37,4.32,16.4,14.9,51.8,1.196,1.175,2.075
Orders Jan-Jun2026 [4/28/2026],4/28/2026,CVRP ITP (Iterated Partitioning),169,33,812.455,200.164,4808.101,50.0844,21.56,7.13,55.9,-28.6,9.2,2.269,0.778,1.102
Orders Jan-Jun2026 [4/28/2026],4/28/2026,MLP Geometric Scaling (Latency),169,33,1755.931,188.496,6571.589,38.8851,21.99,7.54,4.7,-21.1,-24.1,1.05,0.826,0.806
Orders Jan-Jun2026 [4/28/2026],4/28/2026,Bi-Objective (Makespan & Latency),169,33,1487.266,222.551,5218.543,54.3598,46.0,8.18,19.3,-43.0,1.5,1.239,0.699,1.015
Orders Jan-Jun2026 [4/28/2026],4/28/2026,OR-Tools (Guided Local Search),169,33,0.0,0.0,0.0,0.0,0.0,0.0,100.0,100.0,100.0,1.0,1.0,1.0
Orders Jan-Jun2026 [4/29/2026],4/29/2026,Original / Realized Routes,152,35,1776.986,115.195,4166.552,27.4115,11.5,2.53,0.0,0.0,0.0,1.0,1.0,1.0
Orders Jan-Jun2026 [4/29/2026],4/29/2026,Min-Max mTSP (Tour Partitioning),152,35,1262.672,94.554,2042.728,24.3182,15.14,3.86,28.9,17.9,51.0,1.407,1.218,2.04
Orders Jan-Jun2026 [4/29/2026],4/29/2026,CVRP ITP (Iterated Partitioning),152,35,642.193,138.906,3832.057,45.6197,21.83,7.09,63.9,-20.6,8.0,2.767,0.829,1.087
Orders Jan-Jun2026 [4/29/2026],4/29/2026,MLP Geometric Scaling (Latency),152,35,1178.434,172.824,6758.748,44.4654,21.99,7.83,33.7,-50.0,-62.2,1.508,0.667,0.616
Orders Jan-Jun2026 [4/29/2026],4/29/2026,Bi-Objective (Makespan & Latency),152,35,1605.601,97.132,2268.75,27.0089,17.92,3.41,9.6,15.7,45.5,1.107,1.186,1.836
Orders Jan-Jun2026 [4/29/2026],4/29/2026,OR-Tools (Guided Local Search),152,35,871.03,85.965,5037.119,33.1389,24.21,7.47,51.0,25.4,-20.9,2.04,1.34,0.827
Orders Jan-Jun2026 [4/30/2026],4/30/2026,Original / Realized Routes,127,22,1424.703,130.889,4251.701,33.478,11.06,2.84,0.0,0.0,0.0,1.0,1.0,1.0
Orders Jan-Jun2026 [4/30/2026],4/30/2026,Min-Max mTSP (Tour Partitioning),127,22,992.446,106.253,2091.753,29.0521,8.58,2.85,30.3,18.8,50.8,1.436,1.232,2.033
Orders Jan-Jun2026 [4/30/2026],4/30/2026,CVRP ITP (Iterated Partitioning),127,22,478.338,164.822,4193.413,58.2418,21.81,7.37,66.4,-25.9,1.4,2.978,0.794,1.014
Orders Jan-Jun2026 [4/30/2026],4/30/2026,MLP Geometric Scaling (Latency),127,22,915.66,161.494,6031.884,47.4951,21.99,8.81,35.7,-23.4,-41.9,1.556,0.81,0.705
Orders Jan-Jun2026 [4/30/2026],4/30/2026,Bi-Objective (Makespan & Latency),127,22,1268.305,151.699,2237.215,31.0724,11.64,2.48,11.0,-15.9,47.4,1.123,0.863,1.9
Orders Jan-Jun2026 [4/30/2026],4/30/2026,OR-Tools (Guided Local Search),127,22,636.181,99.004,4345.756,34.2186,21.02,7.47,55.3,24.4,-2.2,2.239,1.322,0.978
Orders Jan-Jun2026 [4/6/2026],4/6/2026,Original / Realized Routes,113,25,1311.817,94.879,3210.811,28.4143,10.0,2.61,0.0,0.0,0.0,1.0,1.0,1.0
Orders Jan-Jun2026 [4/6/2026],4/6/2026,Min-Max mTSP (Tour Partitioning),113,25,1009.881,109.324,1413.628,23.9598,19.49,4.67,23.0,-15.2,56.0,1.299,0.868,2.271
Orders Jan-Jun2026 [4/6/2026],4/6/2026,CVRP ITP (Iterated Partitioning),113,25,568.736,137.074,2746.208,46.5459,21.57,7.12,56.6,-44.5,14.5,2.307,0.692,1.169
Orders Jan-Jun2026 [4/6/2026],4/6/2026,MLP Geometric Scaling (Latency),113,25,806.717,148.501,4539.738,40.1747,21.99,8.43,38.5,-56.5,-41.4,1.626,0.639,0.707
Orders Jan-Jun2026 [4/6/2026],4/6/2026,Bi-Objective (Makespan & Latency),113,25,1191.622,111.54,1561.073,26.4589,18.94,4.09,9.2,-17.6,51.4,1.101,0.851,2.057
Orders Jan-Jun2026 [4/6/2026],4/6/2026,OR-Tools (Guided Local Search),113,25,765.335,82.486,3350.492,29.6504,22.82,6.4,41.7,13.1,-4.4,1.714,1.15,0.958
Orders Jan-Jun2026 [4/7/2026],4/7/2026,Original / Realized Routes,144,28,1499.582,114.18,3793.242,26.342,20.15,4.07,0.0,0.0,0.0,1.0,1.0,1.0
Orders Jan-Jun2026 [4/7/2026],4/7/2026,Min-Max mTSP (Tour Partitioning),144,28,1228.22,108.1,1717.919,24.196,17.63,4.23,18.1,5.3,54.7,1.221,1.056,2.208
Orders Jan-Jun2026 [4/7/2026],4/7/2026,CVRP ITP (Iterated Partitioning),144,28,626.565,151.719,2795.581,39.3744,21.61,6.88,58.2,-32.9,26.3,2.393,0.753,1.357
Orders Jan-Jun2026 [4/7/2026],4/7/2026,MLP Geometric Scaling (Latency),144,28,1078.863,163.618,6194.985,43.0207,22.0,8.25,28.1,-43.3,-63.3,1.39,0.698,0.612
Orders Jan-Jun2026 [4/7/2026],4/7/2026,Bi-Objective (Makespan & Latency),144,28,1244.869,152.709,2068.826,29.1384,17.63,4.39,17.0,-33.7,45.5,1.205,0.748,1.834
Orders Jan-Jun2026 [4/7/2026],4/7/2026,OR-Tools (Guided Local Search),144,28,847.439,102.659,4942.543,34.3232,29.01,7.42,43.5,10.1,-30.3,1.77,1.112,0.767
Orders Jan-Jun2026 [4/8/2026],4/8/2026,Original / Realized Routes,152,29,1407.838,106.143,4142.771,27.2551,8.44,2.04,0.0,0.0,0.0,1.0,1.0,1.0
Orders Jan-Jun2026 [4/8/2026],4/8/2026,Min-Max mTSP (Tour Partitioning),152,29,1113.292,103.544,1914.692,23.9337,9.68,3.05,20.9,2.4,53.8,1.265,1.025,2.164
Orders Jan-Jun2026 [4/8/2026],4/8/2026,CVRP ITP (Iterated Partitioning),152,29,464.192,189.023,4246.71,53.0839,21.67,7.05,67.0,-78.1,-2.5,3.033,0.562,0.976
Orders Jan-Jun2026 [4/8/2026],4/8/2026,MLP Geometric Scaling (Latency),152,29,1072.222,160.555,5616.827,36.9528,21.95,8.14,23.8,-51.3,-35.6,1.313,0.661,0.738
Orders Jan-Jun2026 [4/8/2026],4/8/2026,Bi-Objective (Makespan & Latency),152,29,1201.438,166.847,2590.876,32.3859,22.84,4.06,14.7,-57.2,37.5,1.172,0.636,1.599
Orders Jan-Jun2026 [4/8/2026],4/8/2026,OR-Tools (Guided Local Search),152,29,958.875,87.029,4966.524,32.6745,18.78,6.38,31.9,18.0,-19.9,1.468,1.22,0.834
Orders Jan-Jun2026 [4/9/2026],4/9/2026,Original / Realized Routes,133,26,1603.283,108.774,4640.065,34.8877,9.42,2.17,0.0,0.0,0.0,1.0,1.0,1.0
Orders Jan-Jun2026 [4/9/2026],4/9/2026,Min-Max mTSP (Tour Partitioning),133,26,1044.029,114.69,1988.141,28.402,13.61,3.7,34.9,-5.4,57.2,1.536,0.948,2.334
Orders Jan-Jun2026 [4/9/2026],4/9/2026,CVRP ITP (Iterated Partitioning),133,26,521.596,170.413,4232.371,60.4624,21.93,7.12,67.5,-56.7,8.8,3.074,0.638,1.096
Orders Jan-Jun2026 [4/9/2026],4/9/2026,MLP Geometric Scaling (Latency),133,26,794.269,181.7,6686.288,50.2728,21.99,8.27,50.5,-67.0,-44.1,2.019,0.599,0.694
Orders Jan-Jun2026 [4/9/2026],4/9/2026,Bi-Objective (Makespan & Latency),133,26,1401.753,153.719,2846.334,40.6619,24.21,4.85,12.6,-41.3,38.7,1.144,0.708,1.63
Orders Jan-Jun2026 [4/9/2026],4/9/2026,OR-Tools (Guided Local Search),133,26,771.058,97.063,4981.156,37.4523,17.87,6.25,51.9,10.8,-7.4,2.079,1.121,0.932
Orders Jan-Jun2026 [5/1/2026],5/1/2026,Original / Realized Routes,107,19,1066.971,142.401,3527.184,32.9643,13.84,3.24,0.0,0.0,0.0,1.0,1.0,1.0
Orders Jan-Jun2026 [5/1/2026],5/1/2026,Min-Max mTSP (Tour Partitioning),107,19,629.037,103.76,1321.252,22.7802,8.44,2.94,41.0,27.1,62.5,1.696,1.372,2.67
Orders Jan-Jun2026 [5/1/2026],5/1/2026,CVRP ITP (Iterated Partitioning),107,19,366.63,189.615,3980.551,68.6302,21.98,7.06,65.6,-33.2,-12.9,2.91,0.751,0.886
Orders Jan-Jun2026 [5/1/2026],5/1/2026,MLP Geometric Scaling (Latency),107,19,542.76,168.922,5230.562,48.8838,21.93,9.2,49.1,-18.6,-48.3,1.966,0.843,0.674
Orders Jan-Jun2026 [5/1/2026],5/1/2026,Bi-Objective (Makespan & Latency),107,19,941.722,99.442,1329.926,22.9298,6.55,1.39,11.7,30.2,62.3,1.133,1.432,2.652
Orders Jan-Jun2026 [5/1/2026],5/1/2026,OR-Tools (Guided Local Search),107,19,461.764,106.745,3811.39,35.6205,26.0,8.47,56.7,25.0,-8.1,2.311,1.334,0.925
Orders Jan-Jun2026 [5/11/2026],5/11/2026,Original / Realized Routes,144,27,1467.199,103.506,4191.924,29.1106,13.98,3.34,0.0,0.0,0.0,1.0,1.0,1.0
Orders Jan-Jun2026 [5/11/2026],5/11/2026,Min-Max mTSP (Tour Partitioning),144,27,1010.802,107.496,1763.157,22.6046,19.05,4.4,31.1,-3.9,57.9,1.452,0.963,2.378
Orders Jan-Jun2026 [5/11/2026],5/11/2026,CVRP ITP (Iterated Partitioning),144,27,475.861,144.66,3763.374,48.2484,21.95,7.87,67.6,-39.8,10.2,3.083,0.716,1.114
Orders Jan-Jun2026 [5/11/2026],5/11/2026,MLP Geometric Scaling (Latency),144,27,997.064,121.762,5583.114,38.7716,22.0,8.31,32.0,-17.6,-33.2,1.472,0.85,0.751
Orders Jan-Jun2026 [5/11/2026],5/11/2026,Bi-Objective (Makespan & Latency),144,27,1070.676,165.548,2456.115,31.4887,32.71,6.33,27.0,-59.9,41.4,1.37,0.625,1.707
Orders Jan-Jun2026 [5/11/2026],5/11/2026,OR-Tools (Guided Local Search),144,27,801.248,80.979,5262.828,36.5474,25.16,7.92,45.4,21.8,-25.5,1.831,1.278,0.797
Orders Jan-Jun2026 [5/12/2026],5/12/2026,Original / Realized Routes,177,32,2112.251,138.44,6541.124,36.9555,13.46,3.27,0.0,0.0,0.0,1.0,1.0,1.0
Orders Jan-Jun2026 [5/12/2026],5/12/2026,Min-Max mTSP (Tour Partitioning),177,32,1373.832,132.468,2473.007,27.1759,11.38,3.64,35.0,4.3,62.2,1.537,1.045,2.645
Orders Jan-Jun2026 [5/12/2026],5/12/2026,CVRP ITP (Iterated Partitioning),177,32,667.1,251.643,5477.165,60.1886,21.95,7.25,68.4,-81.8,16.3,3.166,0.55,1.194
Orders Jan-Jun2026 [5/12/2026],5/12/2026,MLP Geometric Scaling (Latency),177,32,1492.729,218.471,7908.896,44.683,22.0,8.05,29.3,-57.8,-20.9,1.415,0.634,0.827
Orders Jan-Jun2026 [5/12/2026],5/12/2026,Bi-Objective (Makespan & Latency),177,32,1475.32,207.094,3353.242,36.8488,21.04,3.92,30.2,-49.6,48.7,1.432,0.668,1.951
Orders Jan-Jun2026 [5/12/2026],5/12/2026,OR-Tools (Guided Local Search),177,32,1044.501,122.432,7406.232,41.8431,23.87,7.59,50.6,11.6,-13.2,2.022,1.131,0.883
Orders Jan-Jun2026 [5/13/2026],5/13/2026,Original / Realized Routes,167,35,1875.158,116.855,5313.807,31.8192,214.3,35.39,0.0,0.0,0.0,1.0,1.0,1.0
Orders Jan-Jun2026 [5/13/2026],5/13/2026,Min-Max mTSP (Tour Partitioning),167,35,1432.076,103.7,2088.842,22.9543,107.15,17.94,23.6,11.3,60.7,1.309,1.127,2.544
Orders Jan-Jun2026 [5/13/2026],5/13/2026,CVRP ITP (Iterated Partitioning),167,35,963.279,174.124,3882.866,42.6689,107.15,18.53,48.6,-49.0,26.9,1.947,0.671,1.369
Orders Jan-Jun2026 [5/13/2026],5/13/2026,MLP Geometric Scaling (Latency),167,35,1670.787,153.378,6198.396,37.1161,107.15,24.62,10.9,-31.3,-16.6,1.122,0.762,0.857
Orders Jan-Jun2026 [5/13/2026],5/13/2026,Bi-Objective (Makespan & Latency),167,35,1485.645,173.137,2832.218,31.1233,107.15,18.64,20.8,-48.2,46.7,1.262,0.675,1.876
Orders Jan-Jun2026 [5/13/2026],5/13/2026,OR-Tools (Guided Local Search),167,35,0.0,0.0,0.0,0.0,0.0,0.0,100.0,100.0,100.0,1.0,1.0,1.0
Orders Jan-Jun2026 [5/14/2026],5/14/2026,Original / Realized Routes,152,36,2149.677,117.295,4947.737,32.5509,39.09,6.36,0.0,0.0,0.0,1.0,1.0,1.0
Orders Jan-Jun2026 [5/14/2026],5/14/2026,Min-Max mTSP (Tour Partitioning),152,36,1383.587,114.69,2106.17,26.3271,13.03,3.9,35.6,2.2,57.4,1.554,1.023,2.349
Orders Jan-Jun2026 [5/14/2026],5/14/2026,CVRP ITP (Iterated Partitioning),152,36,726.715,137.644,4495.127,56.1891,22.0,6.98,66.2,-17.3,9.1,2.958,0.852,1.101
Orders Jan-Jun2026 [5/14/2026],5/14/2026,MLP Geometric Scaling (Latency),152,36,1472.487,183.742,6623.668,43.5768,21.97,7.87,31.5,-56.6,-33.9,1.46,0.638,0.747
Orders Jan-Jun2026 [5/14/2026],5/14/2026,Bi-Objective (Makespan & Latency),152,36,1950.72,122.509,2406.842,30.0855,13.03,2.87,9.3,-4.4,51.4,1.102,0.957,2.056
Orders Jan-Jun2026 [5/14/2026],5/14/2026,OR-Tools (Guided Local Search),152,36,0.0,0.0,0.0,0.0,0.0,0.0,100.0,100.0,100.0,1.0,1.0,1.0
Orders Jan-Jun2026 [5/15/2026],5/15/2026,Original / Realized Routes,123,23,1266.844,138.957,3384.925,27.5197,31.2,6.58,0.0,0.0,0.0,1.0,1.0,1.0
Orders Jan-Jun2026 [5/15/2026],5/15/2026,Min-Max mTSP (Tour Partitioning),123,23,832.109,104.022,1329.067,21.788,13.34,3.8,34.3,25.1,60.7,1.522,1.336,2.547
Orders Jan-Jun2026 [5/15/2026],5/15/2026,CVRP ITP (Iterated Partitioning),123,23,359.899,152.762,2906.52,47.6479,21.98,6.86,71.6,-9.9,14.1,3.52,0.91,1.165
Orders Jan-Jun2026 [5/15/2026],5/15/2026,MLP Geometric Scaling (Latency),123,23,820.887,114.949,4052.473,32.9469,21.99,8.59,35.2,17.3,-19.7,1.543,1.209,0.835
Orders Jan-Jun2026 [5/15/2026],5/15/2026,Bi-Objective (Makespan & Latency),123,23,956.074,150.084,2361.47,38.7126,20.77,4.42,24.5,-8.0,30.2,1.325,0.926,1.433
Orders Jan-Jun2026 [5/15/2026],5/15/2026,OR-Tools (Guided Local Search),123,23,623.341,73.505,3584.561,29.1428,43.77,10.29,50.8,47.1,-5.9,2.032,1.89,0.944
Orders Jan-Jun2026 [5/18/2026],5/18/2026,Original / Realized Routes,147,29,1729.881,189.453,5446.663,37.0521,13.78,2.88,0.0,0.0,0.0,1.0,1.0,1.0
Orders Jan-Jun2026 [5/18/2026],5/18/2026,Min-Max mTSP (Tour Partitioning),147,29,1281.629,110.092,1956.26,25.406,15.34,4.02,25.9,41.9,64.1,1.35,1.721,2.784
Orders Jan-Jun2026 [5/18/2026],5/18/2026,CVRP ITP (Iterated Partitioning),147,29,619.048,126.549,2722.576,35.3581,21.89,7.31,64.2,33.2,50.0,2.794,1.497,2.001
Orders Jan-Jun2026 [5/18/2026],5/18/2026,MLP Geometric Scaling (Latency),147,29,1058.533,178.393,5754.787,39.1482,21.99,8.18,38.8,5.8,-5.7,1.634,1.062,0.946
Orders Jan-Jun2026 [5/18/2026],5/18/2026,Bi-Objective (Makespan & Latency),147,29,1362.529,211.519,2852.217,37.0418,22.63,4.54,21.2,-11.6,47.6,1.27,0.896,1.91
Orders Jan-Jun2026 [5/18/2026],5/18/2026,OR-Tools (Guided Local Search),147,29,909.278,99.06,5383.894,36.6251,19.48,6.48,47.4,47.7,1.2,1.902,1.913,1.012
Orders Jan-Jun2026 [5/19/2026],5/19/2026,Original / Realized Routes,179,40,2349.252,140.698,5364.817,29.971,30.62,5.57,0.0,0.0,0.0,1.0,1.0,1.0
Orders Jan-Jun2026 [5/19/2026],5/19/2026,Min-Max mTSP (Tour Partitioning),179,40,1583.948,126.586,2403.14,25.2962,21.33,4.88,32.6,10.0,55.2,1.483,1.111,2.232
Orders Jan-Jun2026 [5/19/2026],5/19/2026,CVRP ITP (Iterated Partitioning),179,40,944.202,178.653,3708.452,39.0363,21.93,6.41,59.8,-27.0,30.9,2.488,0.788,1.447
Orders Jan-Jun2026 [5/19/2026],5/19/2026,MLP Geometric Scaling (Latency),179,40,1887.961,185.185,8031.838,44.8706,21.98,7.67,19.6,-31.6,-49.7,1.244,0.76,0.668
Orders Jan-Jun2026 [5/19/2026],5/19/2026,Bi-Objective (Makespan & Latency),179,40,1864.974,171.842,2836.907,29.8622,21.3,4.25,20.6,-22.1,47.1,1.26,0.819,1.891
Orders Jan-Jun2026 [5/19/2026],5/19/2026,OR-Tools (Guided Local Search),179,40,1357.821,122.448,6788.374,37.9239,27.98,8.12,42.2,13.0,-26.5,1.73,1.149,0.79
Orders Jan-Jun2026 [5/20/2026],5/20/2026,Original / Realized Routes,164,36,2019.095,118.696,5085.871,31.0114,47.6,7.61,0.0,0.0,0.0,1.0,1.0,1.0
Orders Jan-Jun2026 [5/20/2026],5/20/2026,Min-Max mTSP (Tour Partitioning),164,36,1506.483,107.175,2302.751,24.2395,23.8,5.01,25.4,9.7,54.7,1.34,1.107,2.209
Orders Jan-Jun2026 [5/20/2026],5/20/2026,CVRP ITP (Iterated Partitioning),164,36,895.702,98.703,2950.374,31.0566,23.8,6.49,55.6,16.8,42.0,2.254,1.203,1.724
Orders Jan-Jun2026 [5/20/2026],5/20/2026,MLP Geometric Scaling (Latency),164,36,1573.029,131.793,5671.265,34.5809,23.8,8.3,22.1,-11.0,-11.5,1.284,0.901,0.897
Orders Jan-Jun2026 [5/20/2026],5/20/2026,Bi-Objective (Makespan & Latency),164,36,1569.685,146.566,3135.326,33.0034,51.7,9.09,22.3,-23.5,38.4,1.286,0.81,1.622
Orders Jan-Jun2026 [5/20/2026],5/20/2026,OR-Tools (Guided Local Search),164,36,0.0,0.0,0.0,0.0,0.0,0.0,100.0,100.0,100.0,1.0,1.0,1.0
Orders Jan-Jun2026 [5/21/2026],5/21/2026,Original / Realized Routes,150,36,1886.015,107.746,4131.494,27.5433,90.1,14.71,0.0,0.0,0.0,1.0,1.0,1.0
Orders Jan-Jun2026 [5/21/2026],5/21/2026,Min-Max mTSP (Tour Partitioning),150,36,1400.979,114.69,1738.753,22.5812,45.05,8.75,25.7,-6.4,57.9,1.346,0.939,2.376
Orders Jan-Jun2026 [5/21/2026],5/21/2026,CVRP ITP (Iterated Partitioning),150,36,891.86,195.887,3732.217,48.4704,45.05,10.44,52.7,-81.8,9.7,2.115,0.55,1.107
Orders Jan-Jun2026 [5/21/2026],5/21/2026,MLP Geometric Scaling (Latency),150,36,1491.577,129.118,5167.096,34.4473,45.05,12.07,20.9,-19.8,-25.1,1.264,0.834,0.8
Orders Jan-Jun2026 [5/21/2026],5/21/2026,Bi-Objective (Makespan & Latency),150,36,1700.571,118.032,1885.724,24.4899,45.05,9.52,9.8,-9.5,54.4,1.109,0.913,2.191
Orders Jan-Jun2026 [5/21/2026],5/21/2026,OR-Tools (Guided Local Search),150,36,0.0,0.0,0.0,0.0,0.0,0.0,100.0,100.0,100.0,1.0,1.0,1.0
Orders Jan-Jun2026 [5/22/2026],5/22/2026,Original / Realized Routes,107,21,1058.559,99.186,3195.914,29.8684,22.59,4.05,0.0,0.0,0.0,1.0,1.0,1.0
Orders Jan-Jun2026 [5/22/2026],5/22/2026,Min-Max mTSP (Tour Partitioning),107,21,820.323,98.056,1380.554,21.9136,16.93,5.03,22.5,1.1,56.8,1.29,1.012,2.315
Orders Jan-Jun2026 [5/22/2026],5/22/2026,CVRP ITP (Iterated Partitioning),107,21,465.706,142.879,2024.24,32.1308,21.71,7.98,56.0,-44.1,36.7,2.273,0.694,1.579
Orders Jan-Jun2026 [5/22/2026],5/22/2026,MLP Geometric Scaling (Latency),107,21,790.135,149.37,3340.194,31.2168,22.0,8.91,25.4,-50.6,-4.5,1.34,0.664,0.957
Orders Jan-Jun2026 [5/22/2026],5/22/2026,Bi-Objective (Makespan & Latency),107,21,1007.472,94.411,1395.274,22.1472,16.93,3.95,4.8,4.8,56.3,1.051,1.051,2.291
Orders Jan-Jun2026 [5/22/2026],5/22/2026,OR-Tools (Guided Local Search),107,21,666.532,77.102,3349.515,31.3039,23.89,7.8,37.0,22.3,-4.8,1.588,1.286,0.954
Orders Jan-Jun2026 [5/26/2026],5/26/2026,Original / Realized Routes,200,36,2102.116,175.039,6034.213,30.1711,22.49,4.81,0.0,0.0,0.0,1.0,1.0,1.0
Orders Jan-Jun2026 [5/26/2026],5/26/2026,Min-Max mTSP (Tour Partitioning),200,36,1392.752,106.581,2583.107,24.3689,18.22,4.03,33.7,39.1,57.2,1.509,1.642,2.336
Orders Jan-Jun2026 [5/26/2026],5/26/2026,CVRP ITP (Iterated Partitioning),200,36,787.894,151.91,4515.958,42.6034,21.96,6.94,62.5,13.2,25.2,2.668,1.152,1.336
Orders Jan-Jun2026 [5/26/2026],5/26/2026,MLP Geometric Scaling (Latency),200,36,1416.79,158.502,7472.664,37.3633,21.98,7.75,32.6,9.4,-23.8,1.484,1.104,0.808
Orders Jan-Jun2026 [5/26/2026],5/26/2026,Bi-Objective (Makespan & Latency),200,36,1415.154,236.483,5053.66,47.676,34.64,5.78,32.7,-35.1,16.2,1.485,0.74,1.194
Orders Jan-Jun2026 [5/26/2026],5/26/2026,OR-Tools (Guided Local Search),200,36,1440.141,113.097,9332.228,46.6611,20.71,6.6,31.5,35.4,-54.7,1.46,1.548,0.647
Orders Jan-Jun2026 [5/27/2026],5/27/2026,Original / Realized Routes,150,36,1837.736,120.356,4155.929,27.7062,13.8,2.63,0.0,0.0,0.0,1.0,1.0,1.0
Orders Jan-Jun2026 [5/27/2026],5/27/2026,Min-Max mTSP (Tour Partitioning),150,36,1316.673,105.541,1841.818,23.0227,11.73,3.56,28.4,12.3,55.7,1.396,1.14,2.256
Orders Jan-Jun2026 [5/27/2026],5/27/2026,CVRP ITP (Iterated Partitioning),150,36,656.698,154.204,3298.511,41.2314,20.65,6.88,64.3,-28.1,20.6,2.798,0.78,1.26
Orders Jan-Jun2026 [5/27/2026],5/27/2026,MLP Geometric Scaling (Latency),150,36,1385.323,138.605,5516.575,36.7772,22.0,7.79,24.6,-15.2,-32.7,1.327,0.868,0.753
Orders Jan-Jun2026 [5/27/2026],5/27/2026,Bi-Objective (Makespan & Latency),150,36,1635.603,127.728,1901.167,23.7646,11.88,3.04,11.0,-6.1,54.3,1.124,0.942,2.186
Orders Jan-Jun2026 [5/27/2026],5/27/2026,OR-Tools (Guided Local Search),150,36,1022.935,86.476,4567.005,30.4467,21.18,6.49,44.3,28.1,-9.9,1.797,1.392,0.91
Orders Jan-Jun2026 [5/28/2026],5/28/2026,Original / Realized Routes,171,38,2192.334,105.231,4969.499,29.0614,40.0,6.23,0.0,0.0,0.0,1.0,1.0,1.0
Orders Jan-Jun2026 [5/28/2026],5/28/2026,Min-Max mTSP (Tour Partitioning),171,38,1542.776,106.822,2242.576,24.3758,10.68,3.48,29.6,-1.5,54.9,1.421,0.985,2.216
Orders Jan-Jun2026 [5/28/2026],5/28/2026,CVRP ITP (Iterated Partitioning),171,38,829.922,120.517,3168.619,34.4415,20.73,6.4,62.1,-14.5,36.2,2.642,0.873,1.568
Orders Jan-Jun2026 [5/28/2026],5/28/2026,MLP Geometric Scaling (Latency),171,38,2044.453,179.772,6372.99,37.2689,22.0,7.59,6.7,-70.8,-28.2,1.072,0.585,0.78
Orders Jan-Jun2026 [5/28/2026],5/28/2026,Bi-Objective (Makespan & Latency),171,38,1885.565,151.967,3293.737,35.8015,39.36,6.35,14.0,-44.4,33.7,1.163,0.692,1.509
Orders Jan-Jun2026 [5/28/2026],5/28/2026,OR-Tools (Guided Local Search),171,38,1265.897,98.396,5330.363,31.1717,24.29,8.43,42.3,6.5,-7.3,1.732,1.069,0.932
Orders Jan-Jun2026 [5/29/2026],5/29/2026,Original / Realized Routes,147,26,1539.381,165.819,5111.486,34.772,33.97,7.95,0.0,0.0,0.0,1.0,1.0,1.0
Orders Jan-Jun2026 [5/29/2026],5/29/2026,Min-Max mTSP (Tour Partitioning),147,26,1024.003,96.221,1821.51,23.9672,15.92,4.66,33.5,42.0,64.4,1.503,1.723,2.806
Orders Jan-Jun2026 [5/29/2026],5/29/2026,CVRP ITP (Iterated Partitioning),147,26,591.031,150.07,3700.797,48.6947,21.74,7.91,61.6,9.5,27.6,2.605,1.105,1.381
Orders Jan-Jun2026 [5/29/2026],5/29/2026,MLP Geometric Scaling (Latency),147,26,1494.105,128.466,6008.276,40.8726,21.99,7.72,2.9,22.5,-17.5,1.03,1.291,0.851
Orders Jan-Jun2026 [5/29/2026],5/29/2026,Bi-Objective (Makespan & Latency),147,26,1020.816,151.765,2702.708,35.5619,28.19,5.64,33.7,8.5,47.1,1.508,1.093,1.891
Orders Jan-Jun2026 [5/29/2026],5/29/2026,OR-Tools (Guided Local Search),147,26,0.0,0.0,0.0,0.0,0.0,0.0,100.0,100.0,100.0,1.0,1.0,1.0
Orders Jan-Jun2026 [5/4/2026],5/4/2026,Original / Realized Routes,146,28,1544.153,105.521,4553.897,31.1911,12.52,2.96,0.0,0.0,0.0,1.0,1.0,1.0
Orders Jan-Jun2026 [5/4/2026],5/4/2026,Min-Max mTSP (Tour Partitioning),146,28,1029.184,86.989,1893.95,23.9741,21.04,4.84,33.3,17.6,58.4,1.5,1.213,2.404
Orders Jan-Jun2026 [5/4/2026],5/4/2026,CVRP ITP (Iterated Partitioning),146,28,556.452,115.384,3249.618,41.1344,21.62,7.19,64.0,-9.3,28.6,2.775,0.915,1.401
Orders Jan-Jun2026 [5/4/2026],5/4/2026,MLP Geometric Scaling (Latency),146,28,937.473,137.482,5603.92,38.383,21.97,8.21,39.3,-30.3,-23.1,1.647,0.768,0.813
Orders Jan-Jun2026 [5/4/2026],5/4/2026,Bi-Objective (Makespan & Latency),146,28,1171.771,129.294,2280.715,28.8698,32.88,6.09,24.1,-22.5,49.9,1.318,0.816,1.997
Orders Jan-Jun2026 [5/4/2026],5/4/2026,OR-Tools (Guided Local Search),146,28,810.667,82.485,4846.698,33.1966,28.77,8.25,47.5,21.8,-6.4,1.905,1.279,0.94
Orders Jan-Jun2026 [5/5/2026],5/5/2026,Original / Realized Routes,178,36,1980.154,161.179,5567.972,31.2807,25.94,4.82,0.0,0.0,0.0,1.0,1.0,1.0
Orders Jan-Jun2026 [5/5/2026],5/5/2026,Min-Max mTSP (Tour Partitioning),178,36,1456.391,132.204,2276.462,25.294,25.94,5.21,26.5,18.0,59.1,1.36,1.219,2.446
Orders Jan-Jun2026 [5/5/2026],5/5/2026,CVRP ITP (Iterated Partitioning),178,36,888.746,148.706,3436.904,38.1878,25.94,6.91,55.1,7.7,38.3,2.228,1.084,1.62
Orders Jan-Jun2026 [5/5/2026],5/5/2026,MLP Geometric Scaling (Latency),178,36,1390.152,181.043,7874.677,44.2398,25.94,8.45,29.8,-12.3,-41.4,1.424,0.89,0.707
Orders Jan-Jun2026 [5/5/2026],5/5/2026,Bi-Objective (Makespan & Latency),178,36,1632.564,231.687,3313.203,36.8134,33.1,6.73,17.6,-43.7,40.5,1.213,0.696,1.681
Orders Jan-Jun2026 [5/5/2026],5/5/2026,OR-Tools (Guided Local Search),178,36,0.0,0.0,0.0,0.0,0.0,0.0,100.0,100.0,100.0,1.0,1.0,1.0
Orders Jan-Jun2026 [5/6/2026],5/6/2026,Original / Realized Routes,149,32,1758.75,172.86,4442.385,29.8147,17.51,4.03,0.0,0.0,0.0,1.0,1.0,1.0
Orders Jan-Jun2026 [5/6/2026],5/6/2026,Min-Max mTSP (Tour Partitioning),149,32,1487.611,132.204,1979.151,25.0525,18.48,4.76,15.4,23.5,55.4,1.182,1.308,2.245
Orders Jan-Jun2026 [5/6/2026],5/6/2026,CVRP ITP (Iterated Partitioning),149,32,811.707,179.813,4113.464,52.0692,21.49,7.09,53.8,-4.0,7.4,2.167,0.961,1.08
Orders Jan-Jun2026 [5/6/2026],5/6/2026,MLP Geometric Scaling (Latency),149,32,1379.353,169.341,5793.105,38.8799,21.98,7.98,21.6,2.0,-30.4,1.275,1.021,0.767
Orders Jan-Jun2026 [5/6/2026],5/6/2026,Bi-Objective (Makespan & Latency),149,32,1568.336,198.836,2471.435,31.284,24.9,5.05,10.8,-15.0,44.4,1.121,0.869,1.797
Orders Jan-Jun2026 [5/6/2026],5/6/2026,OR-Tools (Guided Local Search),149,32,1027.615,126.018,4930.346,33.0896,21.43,7.3,41.6,27.1,-11.0,1.711,1.372,0.901
Orders Jan-Jun2026 [5/7/2026],5/7/2026,Original / Realized Routes,140,30,1715.574,110.828,4401.72,31.4409,25.62,4.55,0.0,0.0,0.0,1.0,1.0,1.0
Orders Jan-Jun2026 [5/7/2026],5/7/2026,Min-Max mTSP (Tour Partitioning),140,30,1159.459,106.255,1855.466,24.7395,10.43,2.86,32.4,4.1,57.8,1.48,1.043,2.372
Orders Jan-Jun2026 [5/7/2026],5/7/2026,CVRP ITP (Iterated Partitioning),140,30,569.356,200.293,4447.197,59.296,21.8,7.09,66.8,-80.7,-1.0,3.013,0.553,0.99
Orders Jan-Jun2026 [5/7/2026],5/7/2026,MLP Geometric Scaling (Latency),140,30,1073.828,152.816,5699.759,40.7126,22.0,8.07,37.4,-37.9,-29.5,1.598,0.725,0.772
Orders Jan-Jun2026 [5/7/2026],5/7/2026,Bi-Objective (Makespan & Latency),140,30,1497.57,154.539,2673.011,35.6401,27.45,4.91,12.7,-39.4,39.3,1.146,0.717,1.647
Orders Jan-Jun2026 [5/7/2026],5/7/2026,OR-Tools (Guided Local Search),140,30,895.247,99.526,4743.528,33.8823,25.62,7.44,47.8,10.2,-7.8,1.916,1.114,0.928
Orders Jan-Jun2026 [5/8/2026],5/8/2026,Original / Realized Routes,147,28,1532.33,124.424,4257.838,28.9649,22.76,4.97,0.0,0.0,0.0,1.0,1.0,1.0
Orders Jan-Jun2026 [5/8/2026],5/8/2026,Min-Max mTSP (Tour Partitioning),147,28,1021.572,101.118,1838.688,24.5158,22.0,5.49,33.3,18.7,56.8,1.5,1.23,2.316
Orders Jan-Jun2026 [5/8/2026],5/8/2026,CVRP ITP (Iterated Partitioning),147,28,571.429,147.072,2707.773,36.1036,21.92,7.22,62.7,-18.2,36.4,2.682,0.846,1.572
Orders Jan-Jun2026 [5/8/2026],5/8/2026,MLP Geometric Scaling (Latency),147,28,1160.554,118.112,4833.95,32.884,21.94,8.3,24.3,5.1,-13.5,1.32,1.053,0.881
Orders Jan-Jun2026 [5/8/2026],5/8/2026,Bi-Objective (Makespan & Latency),147,28,1226.401,207.609,3235.814,43.1442,19.8,4.65,20.0,-66.9,24.0,1.249,0.599,1.316
Orders Jan-Jun2026 [5/8/2026],5/8/2026,OR-Tools (Guided Local Search),147,28,923.747,86.361,4303.959,29.2786,37.56,8.85,39.7,30.6,-1.1,1.659,1.441,0.989
Orders Jan-Jun2026 [6/1/2026],6/1/2026,Original / Realized Routes,121,24,1124.377,88.192,3270.873,27.032,203.3,40.99,0.0,0.0,0.0,1.0,1.0,1.0
Orders Jan-Jun2026 [6/1/2026],6/1/2026,Min-Max mTSP (Tour Partitioning),121,24,945.219,107.101,1336.562,23.4485,40.02,8.72,15.9,-21.4,59.1,1.19,0.823,2.447
Orders Jan-Jun2026 [6/1/2026],6/1/2026,CVRP ITP (Iterated Partitioning),121,24,381.068,188.142,3882.503,68.1141,40.02,10.4,66.1,-113.3,-18.7,2.951,0.469,0.842
Orders Jan-Jun2026 [6/1/2026],6/1/2026,MLP Geometric Scaling (Latency),121,24,894.075,145.859,4478.031,37.0085,40.02,15.99,20.5,-65.4,-36.9,1.258,0.605,0.73
Orders Jan-Jun2026 [6/1/2026],6/1/2026,Bi-Objective (Makespan & Latency),121,24,1103.502,131.638,1672.749,29.3465,40.02,8.29,1.9,-49.3,48.9,1.019,0.67,1.955
Orders Jan-Jun2026 [6/1/2026],6/1/2026,OR-Tools (Guided Local Search),121,24,0.0,0.0,0.0,0.0,0.0,0.0,100.0,100.0,100.0,1.0,1.0,1.0
Orders Jan-Jun2026 [6/10/2026],6/10/2026,Original / Realized Routes,171,35,1939.093,105.923,4829.264,28.2413,49.23,8.01,0.0,0.0,0.0,1.0,1.0,1.0
Orders Jan-Jun2026 [6/10/2026],6/10/2026,Min-Max mTSP (Tour Partitioning),171,35,1481.942,103.632,2311.391,24.5893,49.23,8.31,23.6,2.2,52.1,1.308,1.022,2.089
Orders Jan-Jun2026 [6/10/2026],6/10/2026,CVRP ITP (Iterated Partitioning),171,35,748.861,148.21,4345.541,46.2292,49.23,9.79,61.4,-39.9,10.0,2.589,0.715,1.111
Orders Jan-Jun2026 [6/10/2026],6/10/2026,MLP Geometric Scaling (Latency),171,35,1377.746,151.322,7370.277,43.101,49.23,10.73,28.9,-42.9,-52.6,1.407,0.7,0.655
Orders Jan-Jun2026 [6/10/2026],6/10/2026,Bi-Objective (Makespan & Latency),171,35,1615.438,157.832,3228.149,34.342,69.83,11.6,16.7,-49.0,33.2,1.2,0.671,1.496
Orders Jan-Jun2026 [6/10/2026],6/10/2026,OR-Tools (Guided Local Search),171,35,0.0,0.0,0.0,0.0,0.0,0.0,100.0,100.0,100.0,1.0,1.0,1.0
Orders Jan-Jun2026 [6/11/2026],6/11/2026,Original / Realized Routes,146,24,1363.733,121.578,4873.688,33.3814,16.28,3.52,0.0,0.0,0.0,1.0,1.0,1.0
Orders Jan-Jun2026 [6/11/2026],6/11/2026,Min-Max mTSP (Tour Partitioning),146,24,1080.037,107.519,2025.956,27.0127,9.07,3.01,20.8,11.6,58.4,1.263,1.131,2.406
Orders Jan-Jun2026 [6/11/2026],6/11/2026,CVRP ITP (Iterated Partitioning),146,24,461.558,233.268,5620.706,74.9427,21.7,7.11,66.2,-91.9,-15.3,2.955,0.521,0.867
Orders Jan-Jun2026 [6/11/2026],6/11/2026,MLP Geometric Scaling (Latency),146,24,824.59,171.935,6728.222,46.0837,22.0,8.6,39.5,-41.4,-38.1,1.654,0.707,0.724
Orders Jan-Jun2026 [6/11/2026],6/11/2026,Bi-Objective (Makespan & Latency),146,24,1333.814,116.475,2019.157,26.9221,11.04,2.17,2.2,4.2,58.6,1.022,1.044,2.414
Orders Jan-Jun2026 [6/11/2026],6/11/2026,OR-Tools (Guided Local Search),146,24,783.572,97.745,5674.803,38.8685,24.07,7.55,42.5,19.6,-16.4,1.74,1.244,0.859
Orders Jan-Jun2026 [6/12/2026],6/12/2026,Original / Realized Routes,130,23,1225.749,151.708,4055.566,31.1967,44.16,8.67,0.0,0.0,0.0,1.0,1.0,1.0
Orders Jan-Jun2026 [6/12/2026],6/12/2026,Min-Max mTSP (Tour Partitioning),130,23,792.639,97.591,1470.131,22.2747,19.81,4.67,35.3,35.7,63.8,1.546,1.555,2.759
Orders Jan-Jun2026 [6/12/2026],6/12/2026,CVRP ITP (Iterated Partitioning),130,23,428.255,138.121,2900.741,43.9506,21.47,7.45,65.1,9.0,28.5,2.862,1.098,1.398
Orders Jan-Jun2026 [6/12/2026],6/12/2026,MLP Geometric Scaling (Latency),130,23,952.373,141.082,5259.996,40.4615,21.97,8.63,22.3,7.0,-29.7,1.287,1.075,0.771
Orders Jan-Jun2026 [6/12/2026],6/12/2026,Bi-Objective (Makespan & Latency),130,23,871.009,129.785,2226.088,33.7286,27.19,5.42,28.9,14.5,45.1,1.407,1.169,1.822
Orders Jan-Jun2026 [6/12/2026],6/12/2026,OR-Tools (Guided Local Search),130,23,0.0,0.0,0.0,0.0,0.0,0.0,100.0,100.0,100.0,1.0,1.0,1.0
Orders Jan-Jun2026 [6/15/2026],6/15/2026,Original / Realized Routes,137,27,1496.102,109.017,3908.059,28.526,59.26,10.81,0.0,0.0,0.0,1.0,1.0,1.0
Orders Jan-Jun2026 [6/15/2026],6/15/2026,Min-Max mTSP (Tour Partitioning),137,27,1183.705,104.988,1639.616,22.157,21.69,5.75,20.9,3.7,58.0,1.264,1.038,2.384
Orders Jan-Jun2026 [6/15/2026],6/15/2026,CVRP ITP (Iterated Partitioning),137,27,629.151,148.859,3565.191,48.1783,21.98,7.89,57.9,-36.5,8.8,2.378,0.732,1.096
Orders Jan-Jun2026 [6/15/2026],6/15/2026,MLP Geometric Scaling (Latency),137,27,1146.026,141.734,5977.473,43.6312,22.0,8.51,23.4,-30.0,-53.0,1.305,0.769,0.654
Orders Jan-Jun2026 [6/15/2026],6/15/2026,Bi-Objective (Makespan & Latency),137,27,1112.69,159.608,2112.238,28.5438,38.43,8.07,25.6,-46.4,46.0,1.345,0.683,1.85
Orders Jan-Jun2026 [6/15/2026],6/15/2026,OR-Tools (Guided Local Search),137,27,806.974,80.911,4445.354,32.4478,36.85,9.09,46.1,25.8,-13.7,1.854,1.347,0.879
Orders Jan-Jun2026 [6/16/2026],6/16/2026,Original / Realized Routes,158,32,1662.418,118.036,4513.712,28.5678,23.42,4.83,0.0,0.0,0.0,1.0,1.0,1.0
Orders Jan-Jun2026 [6/16/2026],6/16/2026,Min-Max mTSP (Tour Partitioning),158,32,1104.045,103.673,2063.643,24.2782,17.02,4.23,33.6,12.2,54.3,1.506,1.139,2.187
Orders Jan-Jun2026 [6/16/2026],6/16/2026,CVRP ITP (Iterated Partitioning),158,32,668.588,188.242,4392.831,51.6804,20.29,6.88,59.8,-59.5,2.7,2.486,0.627,1.028
Orders Jan-Jun2026 [6/16/2026],6/16/2026,MLP Geometric Scaling (Latency),158,32,1151.948,161.171,6328.215,40.052,22.0,8.05,30.7,-36.5,-40.2,1.443,0.732,0.713
Orders Jan-Jun2026 [6/16/2026],6/16/2026,Bi-Objective (Makespan & Latency),158,32,1414.694,164.852,2720.676,32.008,16.3,3.64,14.9,-39.7,39.7,1.175,0.716,1.659
Orders Jan-Jun2026 [6/16/2026],6/16/2026,OR-Tools (Guided Local Search),158,32,838.755,97.858,5438.965,34.4238,28.87,7.97,49.5,17.1,-20.5,1.982,1.206,0.83
Orders Jan-Jun2026 [6/17/2026],6/17/2026,Original / Realized Routes,152,26,1510.627,124.086,4602.806,30.2816,10.91,2.35,0.0,0.0,0.0,1.0,1.0,1.0
Orders Jan-Jun2026 [6/17/2026],6/17/2026,Min-Max mTSP (Tour Partitioning),152,26,1091.831,87.029,1999.183,24.9898,8.06,2.64,27.7,29.9,56.6,1.384,1.426,2.302
Orders Jan-Jun2026 [6/17/2026],6/17/2026,CVRP ITP (Iterated Partitioning),152,26,451.935,174.29,5018.494,62.7312,21.88,7.01,70.1,-40.5,-9.0,3.343,0.712,0.917
Orders Jan-Jun2026 [6/17/2026],6/17/2026,MLP Geometric Scaling (Latency),152,26,757.957,122.281,6308.47,41.5031,21.98,8.34,49.8,1.5,-37.1,1.993,1.015,0.73
Orders Jan-Jun2026 [6/17/2026],6/17/2026,Bi-Objective (Makespan & Latency),152,26,1409.336,92.642,2148.481,26.856,7.49,1.87,6.7,25.3,53.3,1.072,1.339,2.142
Orders Jan-Jun2026 [6/17/2026],6/17/2026,OR-Tools (Guided Local Search),152,26,687.168,86.376,5188.566,34.1353,19.3,6.53,54.5,30.4,-12.7,2.198,1.437,0.887
Orders Jan-Jun2026 [6/18/2026],6/18/2026,Original / Realized Routes,3,2,70.031,62.23,67.789,22.5963,0.19,0.09,0.0,0.0,0.0,1.0,1.0,1.0
Orders Jan-Jun2026 [6/18/2026],6/18/2026,Min-Max mTSP (Tour Partitioning),3,2,63.679,63.679,37.125,18.5625,0.22,0.16,9.1,-2.3,45.2,1.1,0.977,1.826
Orders Jan-Jun2026 [6/18/2026],6/18/2026,CVRP ITP (Iterated Partitioning),3,2,63.679,63.679,37.125,18.5625,0.22,0.16,9.1,-2.3,45.2,1.1,0.977,1.826
Orders Jan-Jun2026 [6/18/2026],6/18/2026,MLP Geometric Scaling (Latency),3,2,63.679,63.679,70.687,23.5623,0.25,0.18,9.1,-2.3,-4.3,1.1,0.977,0.959
Orders Jan-Jun2026 [6/18/2026],6/18/2026,Bi-Objective (Makespan & Latency),3,2,63.679,63.679,37.125,18.5625,0.22,0.16,9.1,-2.3,45.2,1.1,0.977,1.826
Orders Jan-Jun2026 [6/18/2026],6/18/2026,OR-Tools (Guided Local Search),3,2,61.691,61.691,121.679,40.5597,0.25,0.18,11.9,0.9,-79.5,1.135,1.009,0.557
Orders Jan-Jun2026 [6/2/2026],6/2/2026,Original / Realized Routes,177,32,1815.26,127.11,5529.879,31.2423,10.66,2.45,0.0,0.0,0.0,1.0,1.0,1.0
Orders Jan-Jun2026 [6/2/2026],6/2/2026,Min-Max mTSP (Tour Partitioning),177,32,1265.947,108.113,2199.085,24.7088,9.04,2.83,30.3,14.9,60.2,1.434,1.176,2.515
Orders Jan-Jun2026 [6/2/2026],6/2/2026,CVRP ITP (Iterated Partitioning),177,32,519.637,178.303,6191.565,69.5681,21.83,7.09,71.4,-40.3,-12.0,3.493,0.713,0.893
Orders Jan-Jun2026 [6/2/2026],6/2/2026,MLP Geometric Scaling (Latency),177,32,1033.414,183.778,6906.56,39.0201,22.0,7.92,43.1,-44.6,-24.9,1.757,0.692,0.801
Orders Jan-Jun2026 [6/2/2026],6/2/2026,Bi-Objective (Makespan & Latency),177,32,1356.328,193.373,3454.159,38.8108,21.37,4.06,25.3,-52.1,37.5,1.338,0.657,1.601
Orders Jan-Jun2026 [6/2/2026],6/2/2026,OR-Tools (Guided Local Search),177,32,923.328,108.193,6613.635,37.3652,19.23,6.4,49.1,14.9,-19.6,1.966,1.175,0.836
Orders Jan-Jun2026 [6/22/2026],6/22/2026,Original / Realized Routes,111,22,1192.111,91.042,3221.552,29.023,14.73,2.85,0.0,0.0,0.0,1.0,1.0,1.0
Orders Jan-Jun2026 [6/22/2026],6/22/2026,Min-Max mTSP (Tour Partitioning),111,22,908.244,81.785,1421.21,23.6868,10.98,3.36,23.8,10.2,55.9,1.313,1.113,2.267
Orders Jan-Jun2026 [6/22/2026],6/22/2026,CVRP ITP (Iterated Partitioning),111,22,424.88,148.38,2997.044,49.9507,21.13,7.58,64.4,-63.0,7.0,2.806,0.614,1.075
Orders Jan-Jun2026 [6/22/2026],6/22/2026,MLP Geometric Scaling (Latency),111,22,762.037,147.607,5211.263,46.9483,21.97,8.78,36.1,-62.1,-61.8,1.564,0.617,0.618
Orders Jan-Jun2026 [6/22/2026],6/22/2026,Bi-Objective (Makespan & Latency),111,22,982.576,126.393,1961.182,32.6864,27.92,5.83,17.6,-38.8,39.1,1.213,0.72,1.643
Orders Jan-Jun2026 [6/22/2026],6/22/2026,OR-Tools (Guided Local Search),111,22,466.567,77.941,3818.335,34.3994,28.48,8.99,60.9,14.4,-18.5,2.555,1.168,0.844
Orders Jan-Jun2026 [6/23/2026],6/23/2026,Original / Realized Routes,172,31,2164.555,194.158,6654.903,38.6913,15.9,2.87,0.0,0.0,0.0,1.0,1.0,1.0
Orders Jan-Jun2026 [6/23/2026],6/23/2026,Min-Max mTSP (Tour Partitioning),172,31,1437.335,132.204,2552.34,25.7812,10.9,3.26,33.6,31.9,61.6,1.506,1.469,2.607
Orders Jan-Jun2026 [6/23/2026],6/23/2026,CVRP ITP (Iterated Partitioning),172,31,699.462,198.338,4822.12,48.7083,21.4,7.24,67.7,-2.2,27.5,3.095,0.979,1.38
Orders Jan-Jun2026 [6/23/2026],6/23/2026,MLP Geometric Scaling (Latency),172,31,1470.631,180.656,7764.433,45.1421,21.99,8.02,32.1,7.0,-16.7,1.472,1.075,0.857
Orders Jan-Jun2026 [6/23/2026],6/23/2026,Bi-Objective (Makespan & Latency),172,31,1630.537,152.68,2514.209,25.3961,7.3,1.84,24.7,21.4,62.2,1.328,1.272,2.647
Orders Jan-Jun2026 [6/23/2026],6/23/2026,OR-Tools (Guided Local Search),172,31,1169.6,125.557,6891.31,40.0658,21.63,6.62,46.0,35.3,-3.6,1.851,1.546,0.966
Orders Jan-Jun2026 [6/24/2026],6/24/2026,Original / Realized Routes,148,29,1599.15,101.794,4278.501,28.9088,13.7,2.89,0.0,0.0,0.0,1.0,1.0,1.0
Orders Jan-Jun2026 [6/24/2026],6/24/2026,Min-Max mTSP (Tour Partitioning),148,29,1245.786,103.632,2118.017,24.345,14.62,4.27,22.1,-1.8,50.5,1.284,0.982,2.02
Orders Jan-Jun2026 [6/24/2026],6/24/2026,CVRP ITP (Iterated Partitioning),148,29,706.477,133.98,3621.413,41.6254,21.43,7.23,55.8,-31.6,15.4,2.264,0.76,1.181
Orders Jan-Jun2026 [6/24/2026],6/24/2026,MLP Geometric Scaling (Latency),148,29,1177.858,151.4,6407.915,43.2967,22.0,8.22,26.3,-48.7,-49.8,1.358,0.672,0.668
Orders Jan-Jun2026 [6/24/2026],6/24/2026,Bi-Objective (Makespan & Latency),148,29,1497.163,104.208,2055.447,23.6258,10.55,3.31,6.4,-2.4,52.0,1.068,0.977,2.082
Orders Jan-Jun2026 [6/24/2026],6/24/2026,OR-Tools (Guided Local Search),148,29,0.0,0.0,0.0,0.0,0.0,0.0,100.0,100.0,100.0,1.0,1.0,1.0
Orders Jan-Jun2026 [6/25/2026],6/25/2026,Original / Realized Routes,202,32,2199.128,148.852,7978.018,39.4951,14.1,3.06,0.0,0.0,0.0,1.0,1.0,1.0
Orders Jan-Jun2026 [6/25/2026],6/25/2026,Min-Max mTSP (Tour Partitioning),202,32,1159.245,107.689,2579.134,26.0519,12.03,3.53,47.3,27.7,67.7,1.897,1.382,3.093
Orders Jan-Jun2026 [6/25/2026],6/25/2026,CVRP ITP (Iterated Partitioning),202,32,578.528,268.626,6742.999,68.1111,21.24,6.92,73.7,-80.5,15.5,3.801,0.554,1.183
Orders Jan-Jun2026 [6/25/2026],6/25/2026,MLP Geometric Scaling (Latency),202,32,1350.561,185.588,9894.915,48.9847,21.99,7.97,38.6,-24.7,-24.0,1.628,0.802,0.806
Orders Jan-Jun2026 [6/25/2026],6/25/2026,Bi-Objective (Makespan & Latency),202,32,1769.077,108.71,2634.412,26.6102,9.89,2.43,19.6,27.0,67.0,1.243,1.369,3.028
Orders Jan-Jun2026 [6/25/2026],6/25/2026,OR-Tools (Guided Local Search),202,32,1065.022,101.154,7528.828,37.2714,24.53,6.7,51.6,32.0,5.6,2.065,1.472,1.06
Orders Jan-Jun2026 [6/26/2026],6/26/2026,Original / Realized Routes,124,21,1127.29,121.697,3656.866,29.4909,11.9,2.72,0.0,0.0,0.0,1.0,1.0,1.0
Orders Jan-Jun2026 [6/26/2026],6/26/2026,Min-Max mTSP (Tour Partitioning),124,21,807.481,95.542,1410.742,23.1269,6.42,2.27,28.4,21.5,61.4,1.396,1.274,2.592
Orders Jan-Jun2026 [6/26/2026],6/26/2026,CVRP ITP (Iterated Partitioning),124,21,324.176,144.431,3427.585,56.1899,21.67,6.59,71.2,-18.7,6.3,3.477,0.843,1.067
Orders Jan-Jun2026 [6/26/2026],6/26/2026,MLP Geometric Scaling (Latency),124,21,643.231,149.007,5101.33,41.1398,22.0,8.97,42.9,-22.4,-39.5,1.753,0.817,0.717
Orders Jan-Jun2026 [6/26/2026],6/26/2026,Bi-Objective (Makespan & Latency),124,21,882.337,148.89,1951.615,31.9937,19.05,3.92,21.7,-22.3,46.6,1.278,0.817,1.874
Orders Jan-Jun2026 [6/26/2026],6/26/2026,OR-Tools (Guided Local Search),124,21,0.0,0.0,0.0,0.0,0.0,0.0,100.0,100.0,100.0,1.0,1.0,1.0
Orders Jan-Jun2026 [6/29/2026],6/29/2026,Original / Realized Routes,112,19,884.954,97.816,3277.07,29.2596,15.44,3.35,0.0,0.0,0.0,1.0,1.0,1.0
Orders Jan-Jun2026 [6/29/2026],6/29/2026,Min-Max mTSP (Tour Partitioning),112,19,746.23,108.659,1279.952,22.4553,11.94,3.36,15.7,-11.1,60.9,1.186,0.9,2.56
Orders Jan-Jun2026 [6/29/2026],6/29/2026,CVRP ITP (Iterated Partitioning),112,19,360.357,162.434,3646.47,63.9732,21.86,6.89,59.3,-66.1,-11.3,2.456,0.602,0.899
Orders Jan-Jun2026 [6/29/2026],6/29/2026,MLP Geometric Scaling (Latency),112,19,603.193,161.003,5286.166,47.1979,22.0,9.12,31.8,-64.6,-61.3,1.467,0.608,0.62
Orders Jan-Jun2026 [6/29/2026],6/29/2026,Bi-Objective (Makespan & Latency),112,19,982.923,97.672,1411.549,24.764,8.86,2.2,-11.1,0.1,56.9,0.9,1.001,2.322
Orders Jan-Jun2026 [6/29/2026],6/29/2026,OR-Tools (Guided Local Search),112,19,513.798,81.037,4361.99,38.9463,26.41,8.21,41.9,17.2,-33.1,1.722,1.207,0.751
Orders Jan-Jun2026 [6/3/2026],6/3/2026,Original / Realized Routes,159,31,1588.088,106.523,4641.788,29.1936,54.68,9.27,0.0,0.0,0.0,1.0,1.0,1.0
Orders Jan-Jun2026 [6/3/2026],6/3/2026,Min-Max mTSP (Tour Partitioning),159,31,1152.28,88.305,2138.107,24.5759,27.34,5.42,27.4,17.1,53.9,1.378,1.206,2.171
Orders Jan-Jun2026 [6/3/2026],6/3/2026,CVRP ITP (Iterated Partitioning),159,31,597.314,153.931,4728.624,54.352,27.34,8.39,62.4,-44.5,-1.9,2.659,0.692,0.982
Orders Jan-Jun2026 [6/3/2026],6/3/2026,MLP Geometric Scaling (Latency),159,31,1182.223,151.128,5898.297,37.0962,27.34,8.81,25.6,-41.9,-27.1,1.343,0.705,0.787
Orders Jan-Jun2026 [6/3/2026],6/3/2026,Bi-Objective (Makespan & Latency),159,31,1248.268,166.145,3152.899,36.2402,32.99,7.38,21.4,-56.0,32.1,1.272,0.641,1.472
Orders Jan-Jun2026 [6/3/2026],6/3/2026,OR-Tools (Guided Local Search),159,31,0.0,0.0,0.0,0.0,0.0,0.0,100.0,100.0,100.0,1.0,1.0,1.0
Orders Jan-Jun2026 [6/30/2026],6/30/2026,Original / Realized Routes,155,29,1725.895,155.682,5452.652,35.1784,14.7,3.93,0.0,0.0,0.0,1.0,1.0,1.0
Orders Jan-Jun2026 [6/30/2026],6/30/2026,Min-Max mTSP (Tour Partitioning),155,29,1283.308,132.204,2036.361,26.1072,13.44,3.77,25.6,15.1,62.7,1.345,1.178,2.678
Orders Jan-Jun2026 [6/30/2026],6/30/2026,CVRP ITP (Iterated Partitioning),155,29,646.34,194.336,5085.458,65.1982,21.79,7.04,62.6,-24.8,6.7,2.67,0.801,1.072
Orders Jan-Jun2026 [6/30/2026],6/30/2026,MLP Geometric Scaling (Latency),155,29,1284.848,176.622,7716.96,49.7868,22.0,8.12,25.6,-13.5,-41.5,1.343,0.881,0.707
Orders Jan-Jun2026 [6/30/2026],6/30/2026,Bi-Objective (Makespan & Latency),155,29,1403.45,218.059,3250.53,41.6735,24.74,4.61,18.7,-40.1,40.4,1.23,0.714,1.677
Orders Jan-Jun2026 [6/30/2026],6/30/2026,OR-Tools (Guided Local Search),155,29,1000.814,126.264,6981.636,45.0428,20.56,7.51,42.0,18.9,-28.0,1.724,1.233,0.781
Orders Jan-Jun2026 [6/4/2026],6/4/2026,Original / Realized Routes,140,22,1515.218,123.007,4957.422,35.4102,37.44,7.33,0.0,0.0,0.0,1.0,1.0,1.0
Orders Jan-Jun2026 [6/4/2026],6/4/2026,Min-Max mTSP (Tour Partitioning),140,22,1072.131,109.997,2092.553,28.2777,19.81,4.57,29.2,10.6,57.8,1.413,1.118,2.369
Orders Jan-Jun2026 [6/4/2026],6/4/2026,CVRP ITP (Iterated Partitioning),140,22,583.207,203.54,6702.691,90.5769,22.0,7.71,61.5,-65.5,-35.2,2.598,0.604,0.74
Orders Jan-Jun2026 [6/4/2026],6/4/2026,MLP Geometric Scaling (Latency),140,22,885.324,149.85,6478.526,46.2752,21.98,9.15,41.6,-21.8,-30.7,1.711,0.821,0.765
Orders Jan-Jun2026 [6/4/2026],6/4/2026,Bi-Objective (Makespan & Latency),140,22,1326.516,178.831,3142.884,42.4714,18.72,4.69,12.5,-45.4,36.6,1.142,0.688,1.577
Orders Jan-Jun2026 [6/4/2026],6/4/2026,OR-Tools (Guided Local Search),140,22,819.361,99.577,5273.965,37.6712,32.4,9.1,45.9,19.0,-6.4,1.849,1.235,0.94
Orders Jan-Jun2026 [6/5/2026],6/5/2026,Original / Realized Routes,142,24,1394.078,213.815,5078.625,35.765,20.3,4.64,0.0,0.0,0.0,1.0,1.0,1.0
Orders Jan-Jun2026 [6/5/2026],6/5/2026,Min-Max mTSP (Tour Partitioning),142,24,892.84,98.991,1765.626,23.8598,11.99,3.65,36.0,53.7,65.2,1.561,2.16,2.876
Orders Jan-Jun2026 [6/5/2026],6/5/2026,CVRP ITP (Iterated Partitioning),142,24,419.28,150.436,3747.287,50.639,21.74,7.33,69.9,29.6,26.2,3.325,1.421,1.355
Orders Jan-Jun2026 [6/5/2026],6/5/2026,MLP Geometric Scaling (Latency),142,24,897.241,156.637,4768.576,33.5815,21.99,8.65,35.6,26.7,6.1,1.554,1.365,1.065
Orders Jan-Jun2026 [6/5/2026],6/5/2026,Bi-Objective (Makespan & Latency),142,24,1190.807,102.133,1714.317,23.1664,10.21,2.4,14.6,52.2,66.2,1.171,2.093,2.962
Orders Jan-Jun2026 [6/5/2026],6/5/2026,OR-Tools (Guided Local Search),142,24,0.0,0.0,0.0,0.0,0.0,0.0,100.0,100.0,100.0,1.0,1.0,1.0
Orders Jan-Jun2026 [6/8/2026],6/8/2026,Original / Realized Routes,144,25,1268.363,88.515,3801.784,26.4013,38.22,7.04,0.0,0.0,0.0,1.0,1.0,1.0
Orders Jan-Jun2026 [6/8/2026],6/8/2026,Min-Max mTSP (Tour Partitioning),144,25,888.425,104.988,1629.157,22.3172,33.28,6.74,30.0,-18.6,57.1,1.428,0.843,2.334
Orders Jan-Jun2026 [6/8/2026],6/8/2026,CVRP ITP (Iterated Partitioning),144,25,544.517,116.881,3420.947,46.8623,33.28,8.89,57.1,-32.0,10.0,2.329,0.757,1.111
Orders Jan-Jun2026 [6/8/2026],6/8/2026,MLP Geometric Scaling (Latency),144,25,817.236,152.053,5768.574,40.0595,33.28,9.7,35.6,-71.8,-51.7,1.552,0.582,0.659
Orders Jan-Jun2026 [6/8/2026],6/8/2026,Bi-Objective (Makespan & Latency),144,25,990.423,167.47,3132.053,42.9048,33.28,8.35,21.9,-89.2,17.6,1.281,0.529,1.214
Orders Jan-Jun2026 [6/8/2026],6/8/2026,OR-Tools (Guided Local Search),144,25,0.0,0.0,0.0,0.0,0.0,0.0,100.0,100.0,100.0,1.0,1.0,1.0
Orders Jan-Jun2026 [6/9/2026],6/9/2026,Original / Realized Routes,202,34,1982.539,152.67,6563.416,32.4922,11.1,2.35,0.0,0.0,0.0,1.0,1.0,1.0
Orders Jan-Jun2026 [6/9/2026],6/9/2026,Min-Max mTSP (Tour Partitioning),202,34,1474.596,132.204,2778.516,27.2404,9.61,2.51,25.6,13.4,57.7,1.344,1.155,2.362
Orders Jan-Jun2026 [6/9/2026],6/9/2026,CVRP ITP (Iterated Partitioning),202,34,608.086,249.03,7532.786,73.8508,21.97,6.8,69.3,-63.1,-14.8,3.26,0.613,0.871
Orders Jan-Jun2026 [6/9/2026],6/9/2026,MLP Geometric Scaling (Latency),202,34,1193.47,209.188,10127.111,50.1342,22.0,7.79,39.8,-37.0,-54.3,1.661,0.73,0.648
Orders Jan-Jun2026 [6/9/2026],6/9/2026,Bi-Objective (Makespan & Latency),202,34,1983.978,137.109,2894.374,28.3762,8.2,1.87,-0.1,10.2,55.9,0.999,1.113,2.268
Orders Jan-Jun2026 [6/9/2026],6/9/2026,OR-Tools (Guided Local Search),202,34,1019.872,125.837,8605.759,42.6028,21.11,6.43,48.6,17.6,-31.1,1.944,1.213,0.763
