Work Order Number,Customer Number,Name,Address,City,State,OrderDate,DayOfWeek,Latitude,Longitude,Rt,Food Pallets,Pet Food Pallets,Chemical Pallets,Total Pallets,Seq
900025,091,Customer 091,8921 Main Street,Queens,NY,01/05/2026,Monday,40.69772873982824,-73.8341823153853,45,0.7,0.0,0.25,0.95,1
900001,001,Customer 001,3239 Main Street,Bronx,NY,01/05/2026,Monday,40.82393494763585,-73.90903906592717,45,4.33,0.0,0.0,4.33,2
900002,003,Customer 003,1335 Main Street,Bronx,NY,01/05/2026,Monday,40.86555164559,-73.88702973397817,19,8.01,0.0,0.0,8.01,1
900003,005,Customer 005,341 Main Street,Queens,NY,01/05/2026,Monday,40.69747391202919,-73.82905390354207,25,2.8,0.08,0.0,2.88,1
900004,010,Customer 010,6309 Main Street,Brooklyn,NY,01/05/2026,Monday,40.65654070000209,-73.91897014191731,6,0.45,0.0,0.25,0.7,1
900020,059,Customer 059,6758 Main Street,Brooklyn,NY,01/05/2026,Monday,40.67755950741335,-73.91187495774679,6,0.42,0.16,0.0,0.58,2
900005,011,Customer 011,4773 Main Street,Brooklyn,NY,01/05/2026,Monday,40.652082455862505,-73.92481650340132,18,1.53,0.0,0.0,1.53,1
900010,021,Customer 021,9662 Main Street,Brooklyn,NY,01/05/2026,Monday,40.68093339365346,-73.94670663597643,18,1.46,0.0,0.0,1.46,2
900006,015,Customer 015,1058 Main Street,Bronx,NY,01/05/2026,Monday,40.82239448550935,-73.91429829435131,21,0.56,0.0,0.0,0.56,1
900007,016,Customer 016,9671 Main Street,Bronx,NY,01/05/2026,Monday,40.854973107257365,-73.86437656576189,21,0.54,0.0,0.25,0.79,2
900008,018,Customer 018,3144 Main Street,Bronx,NY,01/05/2026,Monday,40.84297611177931,-73.84592385676613,31,4.27,0.35,0.0,4.62,1
900009,020,Customer 020,9433 Main Street,Queens,NY,01/05/2026,Monday,40.70811449489744,-73.79898444261066,32,0.6,0.0,0.0,0.6,1
900011,022,Customer 022,5247 Main Street,Queens,NY,01/05/2026,Monday,40.70649711069442,-73.756756602347,2,0.56,0.0,0.0,0.56,1
900019,056,Customer 056,753 Main Street,Queens,NY,01/05/2026,Monday,40.7572560717902,-73.91514119505781,2,0.74,0.0,0.0,0.74,2
900012,027,Customer 027,9324 Main Street,Brooklyn,NY,01/05/2026,Monday,40.687360434885576,-73.98066195659537,9,0.71,0.35,0.0,1.06,1
900013,033,Customer 033,9000 Main Street,Bronx,NY,01/05/2026,Monday,40.88677507240233,-73.85199192252,7,1.0,0.0,0.0,1.0,1
900014,034,Customer 034,228 Main Street,Manhattan,NY,01/05/2026,Monday,40.768896755175966,-73.95610818925888,3,1.63,0.0,0.08,1.71,1
900016,046,Customer 046,7039 Main Street,Manhattan,NY,01/05/2026,Monday,40.773204917119784,-73.95678092820883,3,1.51,0.0,0.0,1.51,2
900015,045,Customer 045,8380 Main Street,Brooklyn,NY,01/05/2026,Monday,40.63550402142037,-74.13303054062014,Bronx,0.81,0.0,0.0,0.81,1
900017,052,Customer 052,1932 Main Street,Bronx,NY,01/05/2026,Monday,40.84586642009279,-73.89820757611032,14,1.43,0.0,0.0,1.43,1
900022,067,Customer 067,1871 Main Street,Bronx,NY,01/05/2026,Monday,40.86604266971237,-73.92623623009767,14,0.93,0.0,0.0,0.93,2
900018,053,Customer 053,6149 Main Street,Queens,NY,01/05/2026,Monday,40.7618627220245,-73.88916852512102,5,2.51,0.0,0.0,2.51,1
900021,066,Customer 066,6845 Main Street,Brooklyn,NY,01/05/2026,Monday,40.66065294279969,-73.87876303673895,1,0.73,0.06,0.0,0.79,1
900023,070,Customer 070,3828 Main Street,Brooklyn,NY,01/05/2026,Monday,40.67439672491399,-73.9226282137167,11,0.95,0.0,0.0,0.95,1
900024,084,Customer 084,9874 Main Street,Brooklyn,NY,01/05/2026,Monday,40.66480658774192,-73.9572281363883,15,0.59,0.31,0.25,1.15,1
900026,094,Customer 094,5509 Main Street,Queens,NY,01/05/2026,Monday,40.69384632036886,-73.84342565090739,37,3.71,0.0,0.0,3.71,1
900027,095,Customer 095,8408 Main Street,Queens,NY,01/05/2026,Monday,40.68727132626413,-73.82300862324279,38,4.89,0.0,0.0,4.89,1
900028,002,Customer 002,6988 Main Street,Queens,NY,01/06/2026,Tuesday,40.70595191172637,-73.75457110312014,25,0.63,0.04,0.0,0.67,1
900029,011,Customer 011,7338 Main Street,Brooklyn,NY,01/06/2026,Tuesday,40.652082455862505,-73.92481650340132,18,1.81,0.0,0.0,1.81,1
900034,036,Customer 036,8370 Main Street,New York,NY,01/06/2026,Tuesday,40.80325822563249,-73.93591692391615,14,0.53,0.0,0.46,0.99,1
900030,013,Customer 013,2880 Main Street,New York,NY,01/06/2026,Tuesday,40.81574307418728,-73.9379714247544,14,0.65,0.0,0.0,0.65,2
900033,029,Customer 029,7711 Main Street,Bronx,NY,01/06/2026,Tuesday,40.853619797063494,-73.90831990645347,14,1.63,0.0,0.0,1.63,3
900042,067,Customer 067,7664 Main Street,Bronx,NY,01/06/2026,Tuesday,40.86604266971237,-73.92623623009767,14,0.86,0.35,0.0,1.21,4
900035,041,Customer 041,4643 Main Street,New York,NY,01/06/2026,Tuesday,40.759382235947626,-73.93895415268634,21,0.5,0.0,0.0,0.5,1
900031,015,Customer 015,3948 Main Street,Bronx,NY,01/06/2026,Tuesday,40.82239448550935,-73.91429829435131,21,0.55,0.0,0.0,0.55,2
900032,028,Customer 028,1846 Main Street,Queens,NY,01/06/2026,Tuesday,40.71519521264396,-73.74349772371512,2,0.45,0.0,0.25,0.7,1
900038,056,Customer 056,196 Main Street,Queens,NY,01/06/2026,Tuesday,40.7572560717902,-73.91514119505781,2,0.94,0.0,0.0,0.94,2
900036,044,Customer 044,4551 Main Street,Brooklyn,NY,01/06/2026,Tuesday,40.685443993544496,-73.943950969423,73,0.46,0.35,0.0,0.81,1
900037,047,Customer 047,3605 Main Street,Manhattan,NY,01/06/2026,Tuesday,40.71773283828544,-73.98411846097412,3,0.43,0.0,0.0,0.43,1
900039,058,Customer 058,8918 Main Street,Manhattan,NY,01/06/2026,Tuesday,40.71874598664543,-73.98172887364404,3,0.49,0.05,0.0,0.54,2
900041,063,Customer 063,2191 Main Street,Brooklyn,NY,01/06/2026,Tuesday,40.689007393638555,-73.9173641706466,10,3.14,0.0,0.0,3.14,1
900040,062,Customer 062,5607 Main Street,Brooklyn,NY,01/06/2026,Tuesday,40.689239848977614,-73.91777406506378,10,1.88,0.0,0.25,2.13,2
900043,072,Customer 072,7006 Main Street,Brooklyn,NY,01/06/2026,Tuesday,40.65171110205392,-73.9191771105472,9,0.6,0.0,0.0,0.6,1
900044,075,Customer 075,1224 Main Street,Manhattan,NY,01/06/2026,Tuesday,40.70710965261643,-73.94500754484459,6,1.44,0.18,0.0,1.62,1
900045,077,Customer 077,433 Main Street,Brooklyn,NY,01/06/2026,Tuesday,40.68010726771517,-73.91396093950846,23,1.03,0.23,0.0,1.26,1
900046,081,Customer 081,6143 Main Street,Brooklyn,NY,01/06/2026,Tuesday,40.68024236564245,-73.93137158188019,17,1.31,0.0,0.0,1.31,1
900047,083,Customer 083,5196 Main Street,Brooklyn,NY,01/06/2026,Tuesday,40.63287188101084,-74.16028394578468,16,4.18,0.0,0.0,4.18,1
900048,084,Customer 084,6249 Main Street,Brooklyn,NY,01/06/2026,Tuesday,40.66480658774192,-73.9572281363883,15,0.45,0.21,0.0,0.66,1
900049,087,Customer 087,5041 Main Street,Brooklyn,NY,01/06/2026,Tuesday,40.66150707860249,-73.87346498223229,99,9.76,0.0,0.0,9.76,1
900050,089,Customer 089,5788 Main Street,Bronx,NY,01/06/2026,Tuesday,40.830728643622344,-73.89126472129591,33,5.81,0.0,0.0,5.81,1
900051,094,Customer 094,6034 Main Street,Queens,NY,01/06/2026,Tuesday,40.69384632036886,-73.84342565090739,37,4.12,0.0,0.0,4.12,1
900052,012,Customer 012,7485 Main Street,Brooklyn,NY,01/07/2026,Wednesday,40.636920669008184,-74.1652722110478,16,0.59,0.0,0.0,0.59,1
900053,014,Customer 014,5425 Main Street,Manhattan,NY,01/07/2026,Wednesday,40.76099884306126,-73.94084004193822,5,0.63,0.0,0.25,0.88,1
900062,041,Customer 041,7927 Main Street,New York,NY,01/07/2026,Wednesday,40.759382235947626,-73.93895415268634,21,0.5,0.0,0.25,0.75,1
900054,015,Customer 015,9867 Main Street,Bronx,NY,01/07/2026,Wednesday,40.82239448550935,-73.91429829435131,21,0.45,0.0,0.0,0.45,2
900060,032,Customer 032,3039 Main Street,Bronx,NY,01/07/2026,Wednesday,40.853589534832395,-73.89464414584027,21,0.42,0.0,0.0,0.42,3
900055,019,Customer 019,7900 Main Street,Manhattan,NY,01/07/2026,Wednesday,40.778836484045,-73.98329931044094,4,0.87,0.0,0.0,0.87,1
900056,021,Customer 021,4086 Main Street,Brooklyn,NY,01/07/2026,Wednesday,40.68093339365346,-73.94670663597643,18,1.58,0.35,0.0,1.93,1
900057,024,Customer 024,5519 Main Street,Bronx,NY,01/07/2026,Wednesday,40.896883630705474,-73.85135085346376,7,0.72,0.0,0.0,0.72,1
900058,025,Customer 025,3255 Main Street,Brooklyn,NY,01/07/2026,Wednesday,40.69835136729073,-73.9158925078441,8,0.79,0.0,0.0,0.79,1
900059,026,Customer 026,3238 Main Street,Queens,NY,01/07/2026,Wednesday,40.67584687606802,-73.85557337127459,73,4.24,0.0,0.0,4.24,1
900061,038,Customer 038,1780 Main Street,Manhattan,NY,01/07/2026,Wednesday,40.717842608430665,-73.9892410907712,3,0.89,0.0,0.0,0.89,1
900063,055,Customer 055,4971 Main Street,Queens,NY,01/07/2026,Wednesday,40.69661296220641,-73.82879015350318,25,7.76,0.03,0.0,7.79,1
900064,057,Customer 057,1725 Main Street,Bronx,NY,01/07/2026,Wednesday,40.81995444568525,-73.89158623543398,70,0.47,0.38,0.0,0.85,1
900068,082,Customer 082,9898 Main Street,Bronx,NY,01/07/2026,Wednesday,40.869718152184745,-73.87892875884225,70,0.82,0.0,0.0,0.82,2
900067,079,Customer 079,2137 Main Street,Brooklyn,NY,01/07/2026,Wednesday,40.65822719611959,-73.92944076589842,24,2.02,0.12,0.0,2.14,1
900065,060,Customer 060,1329 Main Street,Brooklyn,NY,01/07/2026,Wednesday,40.676333247614394,-73.88613509640518,24,0.86,0.1,0.0,0.96,2
900066,067,Customer 067,4434 Main Street,Bronx,NY,01/07/2026,Wednesday,40.86604266971237,-73.92623623009767,14,0.93,0.35,0.0,1.28,1
900069,085,Customer 085,9524 Main Street,Brooklyn,NY,01/07/2026,Wednesday,40.6758490834141,-73.87795663986044,11,0.75,0.08,0.0,0.83,1
900070,086,Customer 086,9541 Main Street,Bronx,NY,01/07/2026,Wednesday,40.85368960688969,-73.90929502876213,33,0.63,0.0,0.0,0.63,1
900071,092,Customer 092,1594 Main Street,Brooklyn,NY,01/07/2026,Wednesday,40.63740290973405,-73.92010562279191,35,4.48,0.0,0.0,4.48,1
900072,005,Customer 005,1542 Main Street,Queens,NY,01/08/2026,Thursday,40.69747391202919,-73.82905390354207,25,2.62,0.12,0.25,2.99,1
900077,035,Customer 035,5668 Main Street,Queens,NY,01/08/2026,Thursday,40.594970715995146,-73.77416307485291,1,0.54,0.0,0.0,0.54,1
900073,009,Customer 009,8989 Main Street,Queens,NY,01/08/2026,Thursday,40.600009486593315,-73.74405287870175,1,0.52,0.0,0.0,0.52,2
900081,043,Customer 043,6346 Main Street,Queens,NY,01/08/2026,Thursday,40.68152075934443,-73.85443641970784,1,0.57,0.07,0.0,0.64,3
900074,018,Customer 018,572 Main Street,Bronx,NY,01/08/2026,Thursday,40.84297611177931,-73.84592385676613,31,3.82,0.0,0.0,3.82,1
900075,023,Customer 023,1958 Main Street,Queens,NY,01/08/2026,Thursday,40.76091447600587,-73.88181045003793,5,1.16,0.35,0.06,1.57,1
900079,040,Customer 040,9003 Main Street,Queens,NY,01/08/2026,Thursday,40.76395482312956,-73.91128512522792,5,0.5,0.0,0.0,0.5,2
900076,030,Customer 030,9131 Main Street,Brooklyn,NY,01/08/2026,Thursday,40.63878496266752,-73.97263862633669,17,3.04,0.0,0.0,3.04,1
900078,039,Customer 039,8122 Main Street,Bronx,NY,01/08/2026,Thursday,40.84909985735391,-73.92113692416197,70,0.52,0.0,0.0,0.52,1
900088,082,Customer 082,2688 Main Street,Bronx,NY,01/08/2026,Thursday,40.869718152184745,-73.87892875884225,70,1.03,0.0,0.0,1.03,2
900080,042,Customer 042,6374 Main Street,Brooklyn,NY,01/08/2026,Thursday,40.63208584532311,-73.96647452968952,9,2.56,0.2,0.0,2.76,1
900082,048,Customer 048,1744 Main Street,Queens,NY,01/08/2026,Thursday,40.75405265049564,-73.81832518415463,2,0.41,0.0,0.0,0.41,1
900085,056,Customer 056,8094 Main Street,Queens,NY,01/08/2026,Thursday,40.7572560717902,-73.91514119505781,2,0.77,0.0,0.0,0.77,2
900083,049,Customer 049,2461 Main Street,Bronx,NY,01/08/2026,Thursday,40.84161725986629,-73.90132809233144,7,0.5,0.0,0.0,0.5,1
900084,050,Customer 050,4442 Main Street,Bronx,NY,01/08/2026,Thursday,40.88504380789946,-73.85462851943738,7,1.06,0.0,0.0,1.06,2
900086,075,Customer 075,2885 Main Street,Manhattan,NY,01/08/2026,Thursday,40.70710965261643,-73.94500754484459,6,1.44,0.14,0.0,1.58,1
900087,078,Customer 078,3904 Main Street,Manhattan,NY,01/08/2026,Thursday,40.76169824334662,-73.94957140792144,21,0.72,0.12,0.0,0.84,1
900089,086,Customer 086,5049 Main Street,Bronx,NY,01/08/2026,Thursday,40.85368960688969,-73.90929502876213,33,0.96,0.0,0.0,0.96,1
900090,090,Customer 090,4937 Main Street,Queens,NY,01/08/2026,Thursday,40.66953057344241,-73.7824756165742,34,6.43,0.0,0.0,6.43,1
900091,093,Customer 093,903 Main Street,Queens,NY,01/08/2026,Thursday,40.692614111895054,-73.84437929166077,36,3.44,0.0,0.0,3.44,1
900092,004,Customer 004,4206 Main Street,New York,NY,01/09/2026,Friday,40.81882756334608,-73.93725056647254,20,4.85,0.0,0.0,4.85,1
900093,005,Customer 005,1691 Main Street,Queens,NY,01/09/2026,Friday,40.69747391202919,-73.82905390354207,25,3.0,0.12,0.0,3.12,1
900094,006,Customer 006,9595 Main Street,Manhattan,NY,01/09/2026,Friday,40.80740818873632,-73.96565982955099,4,0.86,0.0,0.0,0.86,1
900101,061,Customer 061,7550 Main Street,Brooklyn,NY,01/09/2026,Friday,40.598422117306654,-73.94163633556525,15,0.87,0.0,0.0,0.87,1
900095,007,Customer 007,6907 Main Street,Brooklyn,NY,01/09/2026,Friday,40.63116428754058,-73.96665280296365,15,2.95,0.0,0.0,2.95,2
900096,008,Customer 008,8797 Main Street,Bronx,NY,01/09/2026,Friday,40.81813101864817,-73.90411620231987,70,1.17,0.0,0.0,1.17,1
900097,017,Customer 017,3796 Main Street,Brooklyn,NY,01/09/2026,Friday,40.68918573963909,-73.95966142657014,30,1.6,0.35,0.0,1.95,1
900104,073,Customer 073,522 Main Street,Brooklyn,NY,01/09/2026,Friday,40.65052535821618,-73.96218340829046,8,0.86,0.14,0.0,1.0,1
900098,025,Customer 025,4395 Main Street,Brooklyn,NY,01/09/2026,Friday,40.69835136729073,-73.9158925078441,8,0.82,0.0,0.0,0.82,2
900099,051,Customer 051,1722 Main Street,Queens,NY,01/09/2026,Friday,40.60737229758411,-73.75316746816085,1,0.86,0.0,0.0,0.86,1
900100,054,Customer 054,7385 Main Street,Manhattan,NY,01/09/2026,Friday,40.70449809311375,-73.95658499114683,10,0.46,0.0,0.0,0.46,1
900102,064,Customer 064,2163 Main Street,Brooklyn,NY,01/09/2026,Friday,40.67139788117989,-73.9340888408256,23,2.01,0.13,0.0,2.14,1
900103,068,Customer 068,2517 Main Street,Brooklyn,NY,01/09/2026,Friday,40.63036297971589,-74.08136228889674,17,0.94,0.16,0.0,1.1,1
900105,074,Customer 074,358 Main Street,Bronx,NY,01/09/2026,Friday,40.87654063424415,-73.86675762676278,71,2.21,0.04,0.0,2.25,1
900106,080,Customer 080,8354 Main Street,Queens,NY,01/09/2026,Friday,40.67620628689007,-73.74285399139629,2,0.75,0.0,0.0,0.75,1
900107,083,Customer 083,610 Main Street,Brooklyn,NY,01/09/2026,Friday,40.63287188101084,-74.16028394578468,16,4.45,0.0,0.0,4.45,1
900108,088,Customer 088,2530 Main Street,Bronx,NY,01/09/2026,Friday,40.85920015425595,-73.90056567901365,31,6.41,0.35,0.0,6.76,1
900126,091,Customer 091,7305 Main Street,Queens,NY,01/12/2026,Monday,40.69772873982824,-73.8341823153853,45,0.72,0.0,0.0,0.72,1
900109,001,Customer 001,9133 Main Street,Bronx,NY,01/12/2026,Monday,40.82393494763585,-73.90903906592717,45,4.12,0.35,0.0,4.47,2
900110,003,Customer 003,7530 Main Street,Bronx,NY,01/12/2026,Monday,40.86555164559,-73.88702973397817,19,8.12,0.0,0.0,8.12,1
900111,005,Customer 005,2600 Main Street,Queens,NY,01/12/2026,Monday,40.69747391202919,-73.82905390354207,25,2.51,0.09,0.0,2.6,1
900112,010,Customer 010,1082 Main Street,Brooklyn,NY,01/12/2026,Monday,40.65654070000209,-73.91897014191731,6,0.57,0.0,0.0,0.57,1
900122,059,Customer 059,9494 Main Street,Brooklyn,NY,01/12/2026,Monday,40.67755950741335,-73.91187495774679,6,0.61,0.17,0.0,0.78,2
900113,015,Customer 015,942 Main Street,Bronx,NY,01/12/2026,Monday,40.82239448550935,-73.91429829435131,21,0.55,0.0,0.0,0.55,1
900114,016,Customer 016,3585 Main Street,Bronx,NY,01/12/2026,Monday,40.854973107257365,-73.86437656576189,21,0.56,0.0,0.0,0.56,2
900115,018,Customer 018,1982 Main Street,Bronx,NY,01/12/2026,Monday,40.84297611177931,-73.84592385676613,31,4.86,0.0,0.0,4.86,1
900116,020,Customer 020,9221 Main Street,Queens,NY,01/12/2026,Monday,40.70811449489744,-73.79898444261066,32,0.59,0.0,0.0,0.59,1
900117,028,Customer 028,2424 Main Street,Queens,NY,01/12/2026,Monday,40.71519521264396,-73.74349772371512,2,0.6,0.0,0.0,0.6,1
900121,056,Customer 056,5902 Main Street,Queens,NY,01/12/2026,Monday,40.7572560717902,-73.91514119505781,2,0.82,0.0,0.0,0.82,2
900118,034,Customer 034,9399 Main Street,Manhattan,NY,01/12/2026,Monday,40.768896755175966,-73.95610818925888,3,1.32,0.0,0.06,1.38,1
900119,045,Customer 045,9817 Main Street,Brooklyn,NY,01/12/2026,Monday,40.63550402142037,-74.13303054062014,Bronx,0.87,0.0,0.0,0.87,1
900120,051,Customer 051,4286 Main Street,Queens,NY,01/12/2026,Monday,40.60737229758411,-73.75316746816085,1,0.71,0.0,0.0,0.71,1
900123,066,Customer 066,7255 Main Street,Brooklyn,NY,01/12/2026,Monday,40.66065294279969,-73.87876303673895,1,0.75,0.09,0.0,0.84,2
900124,067,Customer 067,6584 Main Street,Bronx,NY,01/12/2026,Monday,40.86604266971237,-73.92623623009767,14,0.71,0.0,0.0,0.71,1
900125,084,Customer 084,8195 Main Street,Brooklyn,NY,01/12/2026,Monday,40.66480658774192,-73.9572281363883,15,0.64,0.18,0.0,0.82,1
900131,036,Customer 036,5172 Main Street,New York,NY,01/13/2026,Tuesday,40.80325822563249,-73.93591692391615,14,0.49,0.0,0.47,0.96,1
900127,013,Customer 013,9466 Main Street,New York,NY,01/13/2026,Tuesday,40.81574307418728,-73.9379714247544,14,0.75,0.0,0.0,0.75,2
900130,029,Customer 029,9974 Main Street,Bronx,NY,01/13/2026,Tuesday,40.853619797063494,-73.90831990645347,14,1.52,0.0,0.0,1.52,3
900138,067,Customer 067,2367 Main Street,Bronx,NY,01/13/2026,Tuesday,40.86604266971237,-73.92623623009767,14,0.97,0.0,0.0,0.97,4
900132,041,Customer 041,1631 Main Street,New York,NY,01/13/2026,Tuesday,40.759382235947626,-73.93895415268634,21,0.61,0.0,0.0,0.61,1
900128,015,Customer 015,1795 Main Street,Bronx,NY,01/13/2026,Tuesday,40.82239448550935,-73.91429829435131,21,0.51,0.0,0.25,0.76,2
900129,028,Customer 028,5582 Main Street,Queens,NY,01/13/2026,Tuesday,40.71519521264396,-73.74349772371512,2,0.57,0.0,0.25,0.82,1
900135,056,Customer 056,7270 Main Street,Queens,NY,01/13/2026,Tuesday,40.7572560717902,-73.91514119505781,2,0.91,0.0,0.0,0.91,2
900133,044,Customer 044,8067 Main Street,Brooklyn,NY,01/13/2026,Tuesday,40.685443993544496,-73.943950969423,73,0.48,0.0,0.0,0.48,1
900134,047,Customer 047,8943 Main Street,Manhattan,NY,01/13/2026,Tuesday,40.71773283828544,-73.98411846097412,3,0.47,0.0,0.0,0.47,1
900137,063,Customer 063,7318 Main Street,Brooklyn,NY,01/13/2026,Tuesday,40.689007393638555,-73.9173641706466,10,2.4,0.0,0.0,2.4,1
900136,062,Customer 062,7784 Main Street,Brooklyn,NY,01/13/2026,Tuesday,40.689239848977614,-73.91777406506378,10,2.41,0.0,0.0,2.41,2
900139,081,Customer 081,536 Main Street,Brooklyn,NY,01/13/2026,Tuesday,40.68024236564245,-73.93137158188019,17,1.29,0.0,0.0,1.29,1
900140,083,Customer 083,3778 Main Street,Brooklyn,NY,01/13/2026,Tuesday,40.63287188101084,-74.16028394578468,16,3.56,0.0,0.0,3.56,1
900141,087,Customer 087,2373 Main Street,Brooklyn,NY,01/13/2026,Tuesday,40.66150707860249,-73.87346498223229,99,7.58,0.0,0.0,7.58,1
900142,089,Customer 089,3633 Main Street,Bronx,NY,01/13/2026,Tuesday,40.830728643622344,-73.89126472129591,33,7.32,0.0,0.25,7.57,1
900143,009,Customer 009,7132 Main Street,Queens,NY,01/14/2026,Wednesday,40.600009486593315,-73.74405287870175,1,0.52,0.0,0.0,0.52,1
900144,010,Customer 010,1502 Main Street,Brooklyn,NY,01/14/2026,Wednesday,40.65654070000209,-73.91897014191731,6,0.48,0.0,0.0,0.48,1
900153,041,Customer 041,1780 Main Street,New York,NY,01/14/2026,Wednesday,40.759382235947626,-73.93895415268634,21,0.62,0.0,0.0,0.62,1
900145,015,Customer 015,813 Main Street,Bronx,NY,01/14/2026,Wednesday,40.82239448550935,-73.91429829435131,21,0.51,0.35,0.0,0.86,2
900152,032,Customer 032,6434 Main Street,Bronx,NY,01/14/2026,Wednesday,40.853589534832395,-73.89464414584027,21,0.5,0.0,0.0,0.5,3
900146,018,Customer 018,1798 Main Street,Bronx,NY,01/14/2026,Wednesday,40.84297611177931,-73.84592385676613,31,3.32,0.0,0.0,3.32,1
900147,019,Customer 019,9045 Main Street,Manhattan,NY,01/14/2026,Wednesday,40.778836484045,-73.98329931044094,4,0.87,0.0,0.25,1.12,1
900148,021,Customer 021,7940 Main Street,Brooklyn,NY,01/14/2026,Wednesday,40.68093339365346,-73.94670663597643,18,1.6,0.0,0.0,1.6,1
900149,024,Customer 024,817 Main Street,Bronx,NY,01/14/2026,Wednesday,40.896883630705474,-73.85135085346376,7,0.8,0.0,0.0,0.8,1
900150,025,Customer 025,6624 Main Street,Brooklyn,NY,01/14/2026,Wednesday,40.69835136729073,-73.9158925078441,8,0.94,0.0,0.0,0.94,1
900151,026,Customer 026,3231 Main Street,Queens,NY,01/14/2026,Wednesday,40.67584687606802,-73.85557337127459,73,3.9,0.0,0.0,3.9,1
900154,067,Customer 067,2613 Main Street,Bronx,NY,01/14/2026,Wednesday,40.86604266971237,-73.92623623009767,14,0.76,0.0,0.0,0.76,1
900155,082,Customer 082,4778 Main Street,Bronx,NY,01/14/2026,Wednesday,40.869718152184745,-73.87892875884225,70,0.81,0.0,0.0,0.81,1
900156,086,Customer 086,1538 Main Street,Bronx,NY,01/14/2026,Wednesday,40.85368960688969,-73.90929502876213,33,0.65,0.0,0.0,0.65,1
900157,005,Customer 005,8194 Main Street,Queens,NY,01/15/2026,Thursday,40.69747391202919,-73.82905390354207,25,3.32,0.13,0.0,3.45,1
900158,009,Customer 009,5167 Main Street,Queens,NY,01/15/2026,Thursday,40.600009486593315,-73.74405287870175,1,0.52,0.0,0.0,0.52,1
900159,018,Customer 018,9132 Main Street,Bronx,NY,01/15/2026,Thursday,40.84297611177931,-73.84592385676613,31,4.15,0.0,0.0,4.15,1
900160,023,Customer 023,2797 Main Street,Queens,NY,01/15/2026,Thursday,40.76091447600587,-73.88181045003793,5,0.91,0.0,0.04,0.95,1
900161,030,Customer 030,5061 Main Street,Brooklyn,NY,01/15/2026,Thursday,40.63878496266752,-73.97263862633669,17,2.3,0.0,0.0,2.3,1
900162,039,Customer 039,1430 Main Street,Bronx,NY,01/15/2026,Thursday,40.84909985735391,-73.92113692416197,70,0.67,0.35,0.0,1.02,1
900163,049,Customer 049,4973 Main Street,Bronx,NY,01/15/2026,Thursday,40.84161725986629,-73.90132809233144,7,0.51,0.0,0.0,0.51,1
900164,050,Customer 050,7709 Main Street,Bronx,NY,01/15/2026,Thursday,40.88504380789946,-73.85462851943738,7,1.08,0.0,0.0,1.08,2
900165,056,Customer 056,9302 Main Street,Queens,NY,01/15/2026,Thursday,40.7572560717902,-73.91514119505781,2,0.98,0.0,0.0,0.98,1
900166,086,Customer 086,2294 Main Street,Bronx,NY,01/15/2026,Thursday,40.85368960688969,-73.90929502876213,33,0.72,0.35,0.0,1.07,1
900167,093,Customer 093,9108 Main Street,Queens,NY,01/15/2026,Thursday,40.692614111895054,-73.84437929166077,36,4.49,0.35,0.0,4.84,1
900168,005,Customer 005,3361 Main Street,Queens,NY,01/16/2026,Friday,40.69747391202919,-73.82905390354207,25,2.54,0.13,0.0,2.67,1
900169,006,Customer 006,5556 Main Street,Manhattan,NY,01/16/2026,Friday,40.80740818873632,-73.96565982955099,4,0.77,0.35,0.25,1.37,1
900170,007,Customer 007,2390 Main Street,Brooklyn,NY,01/16/2026,Friday,40.63116428754058,-73.96665280296365,15,3.55,0.0,0.0,3.55,1
900171,008,Customer 008,5002 Main Street,Bronx,NY,01/16/2026,Friday,40.81813101864817,-73.90411620231987,70,1.46,0.0,0.0,1.46,1
900172,015,Customer 015,5140 Main Street,Bronx,NY,01/16/2026,Friday,40.82239448550935,-73.91429829435131,21,0.47,0.0,0.0,0.47,1
900173,031,Customer 031,1900 Main Street,Bronx,NY,01/16/2026,Friday,40.85734534786821,-73.89474039555732,22,2.47,0.35,0.04,2.86,1
900174,051,Customer 051,4431 Main Street,Queens,NY,01/16/2026,Friday,40.60737229758411,-73.75316746816085,1,0.84,0.0,0.0,0.84,1
900175,064,Customer 064,8999 Main Street,Brooklyn,NY,01/16/2026,Friday,40.67139788117989,-73.9340888408256,23,1.88,0.16,0.0,2.04,1
900176,068,Customer 068,1394 Main Street,Brooklyn,NY,01/16/2026,Friday,40.63036297971589,-74.08136228889674,17,1.02,0.12,0.0,1.14,1
900179,081,Customer 081,7893 Main Street,Brooklyn,NY,01/16/2026,Friday,40.68024236564245,-73.93137158188019,17,1.12,0.0,0.0,1.12,2
900177,074,Customer 074,9714 Main Street,Bronx,NY,01/16/2026,Friday,40.87654063424415,-73.86675762676278,71,2.81,0.03,0.0,2.84,1
900178,080,Customer 080,2352 Main Street,Queens,NY,01/16/2026,Friday,40.67620628689007,-73.74285399139629,2,0.62,0.0,0.0,0.62,1
900180,083,Customer 083,1565 Main Street,Brooklyn,NY,01/16/2026,Friday,40.63287188101084,-74.16028394578468,16,4.54,0.0,0.0,4.54,1
900205,091,Customer 091,6344 Main Street,Queens,NY,01/19/2026,Monday,40.69772873982824,-73.8341823153853,45,0.8,0.35,0.0,1.15,1
900181,001,Customer 001,713 Main Street,Bronx,NY,01/19/2026,Monday,40.82393494763585,-73.90903906592717,45,4.37,0.0,0.0,4.37,2
900184,005,Customer 005,7618 Main Street,Queens,NY,01/19/2026,Monday,40.69747391202919,-73.82905390354207,25,2.37,0.08,0.0,2.45,1
900182,002,Customer 002,4762 Main Street,Queens,NY,01/19/2026,Monday,40.70595191172637,-73.75457110312014,25,0.67,0.03,0.0,0.7,2
900183,003,Customer 003,2298 Main Street,Bronx,NY,01/19/2026,Monday,40.86555164559,-73.88702973397817,19,8.81,0.0,0.0,8.81,1
900185,008,Customer 008,3264 Main Street,Bronx,NY,01/19/2026,Monday,40.81813101864817,-73.90411620231987,70,1.29,0.0,0.0,1.29,1
900186,010,Customer 010,1521 Main Street,Brooklyn,NY,01/19/2026,Monday,40.65654070000209,-73.91897014191731,6,0.6,0.0,0.0,0.6,1
900200,059,Customer 059,4988 Main Street,Brooklyn,NY,01/19/2026,Monday,40.67755950741335,-73.91187495774679,6,0.62,0.17,0.0,0.79,2
900187,015,Customer 015,4474 Main Street,Bronx,NY,01/19/2026,Monday,40.82239448550935,-73.91429829435131,21,0.4,0.0,0.0,0.4,1
900188,016,Customer 016,5990 Main Street,Bronx,NY,01/19/2026,Monday,40.854973107257365,-73.86437656576189,21,0.49,0.0,0.25,0.74,2
900189,018,Customer 018,8333 Main Street,Bronx,NY,01/19/2026,Monday,40.84297611177931,-73.84592385676613,31,3.51,0.0,0.0,3.51,1
900190,020,Customer 020,4933 Main Street,Queens,NY,01/19/2026,Monday,40.70811449489744,-73.79898444261066,32,0.58,0.0,0.0,0.58,1
900191,021,Customer 021,7554 Main Street,Brooklyn,NY,01/19/2026,Monday,40.68093339365346,-73.94670663597643,18,1.23,0.0,0.0,1.23,1
900192,022,Customer 022,7814 Main Street,Queens,NY,01/19/2026,Monday,40.70649711069442,-73.756756602347,2,0.63,0.0,0.0,0.63,1
900199,056,Customer 056,3024 Main Street,Queens,NY,01/19/2026,Monday,40.7572560717902,-73.91514119505781,2,0.82,0.0,0.0,0.82,2
900193,027,Customer 027,8753 Main Street,Brooklyn,NY,01/19/2026,Monday,40.687360434885576,-73.98066195659537,9,0.66,0.0,0.0,0.66,1
900194,033,Customer 033,8625 Main Street,Bronx,NY,01/19/2026,Monday,40.88677507240233,-73.85199192252,7,0.89,0.0,0.0,0.89,1
900195,034,Customer 034,8461 Main Street,Manhattan,NY,01/19/2026,Monday,40.768896755175966,-73.95610818925888,3,1.68,0.0,0.07,1.75,1
900196,046,Customer 046,1087 Main Street,Manhattan,NY,01/19/2026,Monday,40.773204917119784,-73.95678092820883,3,1.24,0.0,0.0,1.24,2
900197,052,Customer 052,6987 Main Street,Bronx,NY,01/19/2026,Monday,40.84586642009279,-73.89820757611032,14,1.64,0.0,0.0,1.64,1
900202,067,Customer 067,356 Main Street,Bronx,NY,01/19/2026,Monday,40.86604266971237,-73.92623623009767,14,0.78,0.0,0.0,0.78,2
900198,053,Customer 053,6284 Main Street,Queens,NY,01/19/2026,Monday,40.7618627220245,-73.88916852512102,5,2.52,0.0,0.0,2.52,1
900201,066,Customer 066,627 Main Street,Brooklyn,NY,01/19/2026,Monday,40.66065294279969,-73.87876303673895,1,0.66,0.1,0.0,0.76,1
900203,070,Customer 070,4109 Main Street,Brooklyn,NY,01/19/2026,Monday,40.67439672491399,-73.9226282137167,11,0.78,0.0,0.0,0.78,1
900204,084,Customer 084,3721 Main Street,Brooklyn,NY,01/19/2026,Monday,40.66480658774192,-73.9572281363883,15,0.52,0.19,0.0,0.71,1
900206,094,Customer 094,7858 Main Street,Queens,NY,01/19/2026,Monday,40.69384632036886,-73.84342565090739,37,3.62,0.0,0.0,3.62,1
900207,095,Customer 095,7686 Main Street,Queens,NY,01/19/2026,Monday,40.68727132626413,-73.82300862324279,38,4.01,0.0,0.0,4.01,1
900208,002,Customer 002,4078 Main Street,Queens,NY,01/20/2026,Tuesday,40.70595191172637,-73.75457110312014,25,0.79,0.05,0.0,0.84,1
900209,011,Customer 011,9726 Main Street,Brooklyn,NY,01/20/2026,Tuesday,40.652082455862505,-73.92481650340132,18,1.68,0.35,0.25,2.28,1
900215,036,Customer 036,8137 Main Street,New York,NY,01/20/2026,Tuesday,40.80325822563249,-73.93591692391615,14,0.55,0.0,0.44,0.99,1
900210,013,Customer 013,351 Main Street,New York,NY,01/20/2026,Tuesday,40.81574307418728,-73.9379714247544,14,0.66,0.0,0.0,0.66,2
900213,029,Customer 029,2490 Main Street,Bronx,NY,01/20/2026,Tuesday,40.853619797063494,-73.90831990645347,14,1.79,0.0,0.0,1.79,3
900223,067,Customer 067,5527 Main Street,Bronx,NY,01/20/2026,Tuesday,40.86604266971237,-73.92623623009767,14,0.66,0.0,0.0,0.66,4
900216,041,Customer 041,1062 Main Street,New York,NY,01/20/2026,Tuesday,40.759382235947626,-73.93895415268634,21,0.44,0.0,0.0,0.44,1
900211,015,Customer 015,4074 Main Street,Bronx,NY,01/20/2026,Tuesday,40.82239448550935,-73.91429829435131,21,0.57,0.0,0.0,0.57,2
900225,080,Customer 080,6625 Main Street,Queens,NY,01/20/2026,Tuesday,40.67620628689007,-73.74285399139629,2,0.59,0.0,0.0,0.59,1
900212,028,Customer 028,3428 Main Street,Queens,NY,01/20/2026,Tuesday,40.71519521264396,-73.74349772371512,2,0.56,0.0,0.0,0.56,2
900220,056,Customer 056,8725 Main Street,Queens,NY,01/20/2026,Tuesday,40.7572560717902,-73.91514119505781,2,0.96,0.0,0.0,0.96,3
900214,030,Customer 030,4936 Main Street,Brooklyn,NY,01/20/2026,Tuesday,40.63878496266752,-73.97263862633669,17,2.72,0.0,0.0,2.72,1
900226,081,Customer 081,6475 Main Street,Brooklyn,NY,01/20/2026,Tuesday,40.68024236564245,-73.93137158188019,17,1.0,0.0,0.0,1.0,2
900217,044,Customer 044,2352 Main Street,Brooklyn,NY,01/20/2026,Tuesday,40.685443993544496,-73.943950969423,73,0.58,0.35,0.25,1.18,1
900218,047,Customer 047,8016 Main Street,Manhattan,NY,01/20/2026,Tuesday,40.71773283828544,-73.98411846097412,3,0.4,0.0,0.0,0.4,1
900219,049,Customer 049,4601 Main Street,Bronx,NY,01/20/2026,Tuesday,40.84161725986629,-73.90132809233144,7,0.52,0.0,0.25,0.77,1
900222,063,Customer 063,6313 Main Street,Brooklyn,NY,01/20/2026,Tuesday,40.689007393638555,-73.9173641706466,10,3.21,0.0,0.0,3.21,1
900221,062,Customer 062,1420 Main Street,Brooklyn,NY,01/20/2026,Tuesday,40.689239848977614,-73.91777406506378,10,1.9,0.0,0.0,1.9,2
900224,077,Customer 077,639 Main Street,Brooklyn,NY,01/20/2026,Tuesday,40.68010726771517,-73.91396093950846,23,1.1,0.22,0.0,1.32,1
900227,083,Customer 083,1384 Main Street,Brooklyn,NY,01/20/2026,Tuesday,40.63287188101084,-74.16028394578468,16,3.58,0.0,0.0,3.58,1
900228,084,Customer 084,1345 Main Street,Brooklyn,NY,01/20/2026,Tuesday,40.66480658774192,-73.9572281363883,15,0.69,0.18,0.0,0.87,1
900229,087,Customer 087,4578 Main Street,Brooklyn,NY,01/20/2026,Tuesday,40.66150707860249,-73.87346498223229,99,8.6,0.0,0.25,8.85,1
900230,089,Customer 089,3143 Main Street,Bronx,NY,01/20/2026,Tuesday,40.830728643622344,-73.89126472129591,33,6.14,0.0,0.0,6.14,1
900231,008,Customer 008,2270 Main Street,Bronx,NY,01/21/2026,Wednesday,40.81813101864817,-73.90411620231987,70,1.28,0.0,0.0,1.28,1
900245,082,Customer 082,8012 Main Street,Bronx,NY,01/21/2026,Wednesday,40.869718152184745,-73.87892875884225,70,0.83,0.0,0.0,0.83,2
900232,012,Customer 012,9880 Main Street,Brooklyn,NY,01/21/2026,Wednesday,40.636920669008184,-74.1652722110478,16,0.42,0.35,0.0,0.77,1
900242,041,Customer 041,8280 Main Street,New York,NY,01/21/2026,Wednesday,40.759382235947626,-73.93895415268634,21,0.58,0.0,0.0,0.58,1
900233,015,Customer 015,9267 Main Street,Bronx,NY,01/21/2026,Wednesday,40.82239448550935,-73.91429829435131,21,0.47,0.0,0.0,0.47,2
900240,032,Customer 032,6537 Main Street,Bronx,NY,01/21/2026,Wednesday,40.853589534832395,-73.89464414584027,21,0.58,0.0,0.0,0.58,3
900234,018,Customer 018,5033 Main Street,Bronx,NY,01/21/2026,Wednesday,40.84297611177931,-73.84592385676613,31,3.6,0.0,0.0,3.6,1
900235,019,Customer 019,5011 Main Street,Manhattan,NY,01/21/2026,Wednesday,40.778836484045,-73.98329931044094,4,0.67,0.0,0.0,0.67,1
900236,021,Customer 021,9828 Main Street,Brooklyn,NY,01/21/2026,Wednesday,40.68093339365346,-73.94670663597643,18,1.25,0.0,0.0,1.25,1
900237,024,Customer 024,6324 Main Street,Bronx,NY,01/21/2026,Wednesday,40.896883630705474,-73.85135085346376,7,0.56,0.0,0.0,0.56,1
900238,025,Customer 025,9838 Main Street,Brooklyn,NY,01/21/2026,Wednesday,40.69835136729073,-73.9158925078441,8,0.74,0.0,0.0,0.74,1
900239,026,Customer 026,5247 Main Street,Queens,NY,01/21/2026,Wednesday,40.67584687606802,-73.85557337127459,73,3.53,0.0,0.0,3.53,1
900241,038,Customer 038,3534 Main Street,Manhattan,NY,01/21/2026,Wednesday,40.717842608430665,-73.9892410907712,3,0.59,0.0,0.0,0.59,1
900243,060,Customer 060,825 Main Street,Brooklyn,NY,01/21/2026,Wednesday,40.676333247614394,-73.88613509640518,24,0.72,0.13,0.0,0.85,1
900244,067,Customer 067,9242 Main Street,Bronx,NY,01/21/2026,Wednesday,40.86604266971237,-73.92623623009767,14,0.66,0.0,0.0,0.66,1
900246,086,Customer 086,470 Main Street,Bronx,NY,01/21/2026,Wednesday,40.85368960688969,-73.90929502876213,33,0.64,0.35,0.0,0.99,1
900247,092,Customer 092,7670 Main Street,Brooklyn,NY,01/21/2026,Wednesday,40.63740290973405,-73.92010562279191,35,3.7,0.0,0.0,3.7,1
900248,005,Customer 005,3471 Main Street,Queens,NY,01/22/2026,Thursday,40.69747391202919,-73.82905390354207,25,2.85,0.1,0.0,2.95,1
900253,035,Customer 035,9300 Main Street,Queens,NY,01/22/2026,Thursday,40.594970715995146,-73.77416307485291,1,0.66,0.0,0.0,0.66,1
900249,009,Customer 009,3328 Main Street,Queens,NY,01/22/2026,Thursday,40.600009486593315,-73.74405287870175,1,0.58,0.0,0.0,0.58,2
900257,043,Customer 043,8980 Main Street,Queens,NY,01/22/2026,Thursday,40.68152075934443,-73.85443641970784,1,0.46,0.1,0.0,0.56,3
900250,018,Customer 018,4973 Main Street,Bronx,NY,01/22/2026,Thursday,40.84297611177931,-73.84592385676613,31,4.85,0.0,0.0,4.85,1
900251,023,Customer 023,6464 Main Street,Queens,NY,01/22/2026,Thursday,40.76091447600587,-73.88181045003793,5,0.94,0.0,0.04,0.98,1
900255,040,Customer 040,4829 Main Street,Queens,NY,01/22/2026,Thursday,40.76395482312956,-73.91128512522792,5,0.45,0.35,0.0,0.8,2
900252,030,Customer 030,2398 Main Street,Brooklyn,NY,01/22/2026,Thursday,40.63878496266752,-73.97263862633669,17,3.24,0.0,0.0,3.24,1
900254,039,Customer 039,605 Main Street,Bronx,NY,01/22/2026,Thursday,40.84909985735391,-73.92113692416197,70,0.65,0.0,0.0,0.65,1
900256,042,Customer 042,1954 Main Street,Brooklyn,NY,01/22/2026,Thursday,40.63208584532311,-73.96647452968952,9,2.43,0.18,0.0,2.61,1
900258,048,Customer 048,4977 Main Street,Queens,NY,01/22/2026,Thursday,40.75405265049564,-73.81832518415463,2,0.42,0.0,0.0,0.42,1
900261,056,Customer 056,8820 Main Street,Queens,NY,01/22/2026,Thursday,40.7572560717902,-73.91514119505781,2,0.92,0.0,0.0,0.92,2
900259,049,Customer 049,1525 Main Street,Bronx,NY,01/22/2026,Thursday,40.84161725986629,-73.90132809233144,7,0.41,0.0,0.0,0.41,1
900260,050,Customer 050,9732 Main Street,Bronx,NY,01/22/2026,Thursday,40.88504380789946,-73.85462851943738,7,1.21,0.0,0.0,1.21,2
900262,075,Customer 075,8119 Main Street,Manhattan,NY,01/22/2026,Thursday,40.70710965261643,-73.94500754484459,6,1.62,0.16,0.0,1.78,1
900263,078,Customer 078,1625 Main Street,Manhattan,NY,01/22/2026,Thursday,40.76169824334662,-73.94957140792144,21,0.63,0.09,0.0,0.72,1
900264,086,Customer 086,5969 Main Street,Bronx,NY,01/22/2026,Thursday,40.85368960688969,-73.90929502876213,33,0.92,0.35,0.0,1.27,1
900265,090,Customer 090,4746 Main Street,Queens,NY,01/22/2026,Thursday,40.66953057344241,-73.7824756165742,34,7.12,0.0,0.0,7.12,1
900266,093,Customer 093,893 Main Street,Queens,NY,01/22/2026,Thursday,40.692614111895054,-73.84437929166077,36,4.36,0.0,0.0,4.36,1
900269,005,Customer 005,2811 Main Street,Queens,NY,01/23/2026,Friday,40.69747391202919,-73.82905390354207,25,2.57,0.08,0.0,2.65,1
900267,002,Customer 002,7109 Main Street,Queens,NY,01/23/2026,Friday,40.70595191172637,-73.75457110312014,25,0.78,0.04,0.0,0.82,2
900268,004,Customer 004,4589 Main Street,New York,NY,01/23/2026,Friday,40.81882756334608,-73.93725056647254,20,3.59,0.0,0.0,3.59,1
900270,006,Customer 006,7132 Main Street,Manhattan,NY,01/23/2026,Friday,40.80740818873632,-73.96565982955099,4,0.85,0.0,0.0,0.85,1
900276,061,Customer 061,325 Main Street,Brooklyn,NY,01/23/2026,Friday,40.598422117306654,-73.94163633556525,15,1.1,0.35,0.0,1.45,1
900271,007,Customer 007,2274 Main Street,Brooklyn,NY,01/23/2026,Friday,40.63116428754058,-73.96665280296365,15,3.83,0.35,0.0,4.18,2
900272,008,Customer 008,5729 Main Street,Bronx,NY,01/23/2026,Friday,40.81813101864817,-73.90411620231987,70,1.41,0.0,0.25,1.66,1
900273,017,Customer 017,2281 Main Street,Brooklyn,NY,01/23/2026,Friday,40.68918573963909,-73.95966142657014,30,1.89,0.0,0.0,1.89,1
900274,031,Customer 031,5859 Main Street,Bronx,NY,01/23/2026,Friday,40.85734534786821,-73.89474039555732,22,1.93,0.0,0.03,1.96,1
900275,051,Customer 051,9830 Main Street,Queens,NY,01/23/2026,Friday,40.60737229758411,-73.75316746816085,1,0.78,0.0,0.0,0.78,1
900277,064,Customer 064,8309 Main Street,Brooklyn,NY,01/23/2026,Friday,40.67139788117989,-73.9340888408256,23,1.88,0.18,0.0,2.06,1
900278,068,Customer 068,1394 Main Street,Brooklyn,NY,01/23/2026,Friday,40.63036297971589,-74.08136228889674,17,0.92,0.11,0.0,1.03,1
900279,073,Customer 073,1183 Main Street,Brooklyn,NY,01/23/2026,Friday,40.65052535821618,-73.96218340829046,8,0.89,0.14,0.0,1.03,1
900280,074,Customer 074,4105 Main Street,Bronx,NY,01/23/2026,Friday,40.87654063424415,-73.86675762676278,71,2.29,0.04,0.0,2.33,1
900281,080,Customer 080,285 Main Street,Queens,NY,01/23/2026,Friday,40.67620628689007,-73.74285399139629,2,0.74,0.0,0.0,0.74,1
900282,083,Customer 083,2179 Main Street,Brooklyn,NY,01/23/2026,Friday,40.63287188101084,-74.16028394578468,16,4.24,0.0,0.0,4.24,1
900283,088,Customer 088,4408 Main Street,Bronx,NY,01/23/2026,Friday,40.85920015425595,-73.90056567901365,31,5.04,0.0,0.0,5.04,1
900300,091,Customer 091,7407 Main Street,Queens,NY,01/26/2026,Monday,40.69772873982824,-73.8341823153853,45,0.73,0.0,0.0,0.73,1
900284,001,Customer 001,1989 Main Street,Bronx,NY,01/26/2026,Monday,40.82393494763585,-73.90903906592717,45,3.51,0.0,0.0,3.51,2
900285,003,Customer 003,7829 Main Street,Bronx,NY,01/26/2026,Monday,40.86555164559,-73.88702973397817,19,6.63,0.0,0.0,6.63,1
900286,005,Customer 005,6970 Main Street,Queens,NY,01/26/2026,Monday,40.69747391202919,-73.82905390354207,25,2.35,0.14,0.25,2.74,1
900287,010,Customer 010,962 Main Street,Brooklyn,NY,01/26/2026,Monday,40.65654070000209,-73.91897014191731,6,0.53,0.0,0.0,0.53,1
900288,015,Customer 015,5462 Main Street,Bronx,NY,01/26/2026,Monday,40.82239448550935,-73.91429829435131,21,0.5,0.0,0.0,0.5,1
900289,016,Customer 016,5079 Main Street,Bronx,NY,01/26/2026,Monday,40.854973107257365,-73.86437656576189,21,0.52,0.0,0.0,0.52,2
900290,018,Customer 018,3301 Main Street,Bronx,NY,01/26/2026,Monday,40.84297611177931,-73.84592385676613,31,3.97,0.0,0.0,3.97,1
900291,020,Customer 020,491 Main Street,Queens,NY,01/26/2026,Monday,40.70811449489744,-73.79898444261066,32,0.58,0.0,0.0,0.58,1
900292,021,Customer 021,5588 Main Street,Brooklyn,NY,01/26/2026,Monday,40.68093339365346,-73.94670663597643,18,1.3,0.0,0.0,1.3,1
900293,022,Customer 022,1803 Main Street,Queens,NY,01/26/2026,Monday,40.70649711069442,-73.756756602347,2,0.65,0.0,0.0,0.65,1
900296,056,Customer 056,5084 Main Street,Queens,NY,01/26/2026,Monday,40.7572560717902,-73.91514119505781,2,0.8,0.0,0.0,0.8,2
900294,034,Customer 034,8380 Main Street,Manhattan,NY,01/26/2026,Monday,40.768896755175966,-73.95610818925888,3,1.53,0.0,0.07,1.6,1
900295,045,Customer 045,1323 Main Street,Brooklyn,NY,01/26/2026,Monday,40.63550402142037,-74.13303054062014,Bronx,0.96,0.0,0.0,0.96,1
900297,066,Customer 066,7508 Main Street,Brooklyn,NY,01/26/2026,Monday,40.66065294279969,-73.87876303673895,1,0.93,0.06,0.0,0.99,1
900298,067,Customer 067,2390 Main Street,Bronx,NY,01/26/2026,Monday,40.86604266971237,-73.92623623009767,14,0.82,0.35,0.0,1.17,1
900299,084,Customer 084,7652 Main Street,Brooklyn,NY,01/26/2026,Monday,40.66480658774192,-73.9572281363883,15,0.66,0.28,0.0,0.94,1
900305,036,Customer 036,3184 Main Street,New York,NY,01/27/2026,Tuesday,40.80325822563249,-73.93591692391615,14,0.61,0.0,0.38,0.99,1
900301,013,Customer 013,8040 Main Street,New York,NY,01/27/2026,Tuesday,40.81574307418728,-73.9379714247544,14,0.74,0.0,0.0,0.74,2
900304,029,Customer 029,2946 Main Street,Bronx,NY,01/27/2026,Tuesday,40.853619797063494,-73.90831990645347,14,2.25,0.0,0.0,2.25,3
900313,067,Customer 067,3999 Main Street,Bronx,NY,01/27/2026,Tuesday,40.86604266971237,-73.92623623009767,14,0.96,0.0,0.0,0.96,4
900306,041,Customer 041,426 Main Street,New York,NY,01/27/2026,Tuesday,40.759382235947626,-73.93895415268634,21,0.41,0.35,0.0,0.76,1
900302,015,Customer 015,9883 Main Street,Bronx,NY,01/27/2026,Tuesday,40.82239448550935,-73.91429829435131,21,0.47,0.0,0.25,0.72,2
900303,028,Customer 028,3694 Main Street,Queens,NY,01/27/2026,Tuesday,40.71519521264396,-73.74349772371512,2,0.61,0.35,0.0,0.96,1
900310,056,Customer 056,5946 Main Street,Queens,NY,01/27/2026,Tuesday,40.7572560717902,-73.91514119505781,2,0.88,0.0,0.0,0.88,2
900307,043,Customer 043,3007 Main Street,Queens,NY,01/27/2026,Tuesday,40.68152075934443,-73.85443641970784,1,0.61,0.08,0.0,0.69,1
900308,044,Customer 044,9711 Main Street,Brooklyn,NY,01/27/2026,Tuesday,40.685443993544496,-73.943950969423,73,0.59,0.0,0.25,0.84,1
900309,047,Customer 047,6581 Main Street,Manhattan,NY,01/27/2026,Tuesday,40.71773283828544,-73.98411846097412,3,0.52,0.0,0.25,0.77,1
900314,076,Customer 076,1870 Main Street,Brooklyn,NY,01/27/2026,Tuesday,40.681777334052896,-73.87899490500013,10,0.5,0.11,0.0,0.61,1
900312,063,Customer 063,5313 Main Street,Brooklyn,NY,01/27/2026,Tuesday,40.689007393638555,-73.9173641706466,10,3.11,0.0,0.0,3.11,2
900311,062,Customer 062,6515 Main Street,Brooklyn,NY,01/27/2026,Tuesday,40.689239848977614,-73.91777406506378,10,2.36,0.0,0.0,2.36,3
900315,081,Customer 081,6249 Main Street,Brooklyn,NY,01/27/2026,Tuesday,40.68024236564245,-73.93137158188019,17,1.05,0.0,0.0,1.05,1
900316,083,Customer 083,2764 Main Street,Brooklyn,NY,01/27/2026,Tuesday,40.63287188101084,-74.16028394578468,16,4.37,0.0,0.0,4.37,1
900317,084,Customer 084,4378 Main Street,Brooklyn,NY,01/27/2026,Tuesday,40.66480658774192,-73.9572281363883,15,0.65,0.17,0.25,1.07,1
900318,087,Customer 087,1625 Main Street,Brooklyn,NY,01/27/2026,Tuesday,40.66150707860249,-73.87346498223229,99,8.52,0.0,0.0,8.52,1
900319,089,Customer 089,2803 Main Street,Bronx,NY,01/27/2026,Tuesday,40.830728643622344,-73.89126472129591,33,8.17,0.0,0.0,8.17,1
900320,011,Customer 011,7969 Main Street,Brooklyn,NY,01/28/2026,Wednesday,40.652082455862505,-73.92481650340132,18,1.32,0.0,0.0,1.32,1
900324,021,Customer 021,5732 Main Street,Brooklyn,NY,01/28/2026,Wednesday,40.68093339365346,-73.94670663597643,18,1.18,0.0,0.0,1.18,2
900329,041,Customer 041,6458 Main Street,New York,NY,01/28/2026,Wednesday,40.759382235947626,-73.93895415268634,21,0.6,0.0,0.25,0.85,1
900321,015,Customer 015,6612 Main Street,Bronx,NY,01/28/2026,Wednesday,40.82239448550935,-73.91429829435131,21,0.42,0.0,0.0,0.42,2
900328,032,Customer 032,3571 Main Street,Bronx,NY,01/28/2026,Wednesday,40.853589534832395,-73.89464414584027,21,0.5,0.0,0.0,0.5,3
900322,018,Customer 018,6349 Main Street,Bronx,NY,01/28/2026,Wednesday,40.84297611177931,-73.84592385676613,31,4.48,0.0,0.0,4.48,1
900323,019,Customer 019,3806 Main Street,Manhattan,NY,01/28/2026,Wednesday,40.778836484045,-73.98329931044094,4,0.77,0.0,0.0,0.77,1
900325,024,Customer 024,8661 Main Street,Bronx,NY,01/28/2026,Wednesday,40.896883630705474,-73.85135085346376,7,0.63,0.35,0.0,0.98,1
900326,025,Customer 025,3960 Main Street,Brooklyn,NY,01/28/2026,Wednesday,40.69835136729073,-73.9158925078441,8,0.82,0.0,0.0,0.82,1
900327,026,Customer 026,8326 Main Street,Queens,NY,01/28/2026,Wednesday,40.67584687606802,-73.85557337127459,73,3.12,0.0,0.0,3.12,1
900330,047,Customer 047,1943 Main Street,Manhattan,NY,01/28/2026,Wednesday,40.71773283828544,-73.98411846097412,3,0.56,0.0,0.0,0.56,1
900331,067,Customer 067,3992 Main Street,Bronx,NY,01/28/2026,Wednesday,40.86604266971237,-73.92623623009767,14,0.64,0.0,0.0,0.64,1
900332,082,Customer 082,1562 Main Street,Bronx,NY,01/28/2026,Wednesday,40.869718152184745,-73.87892875884225,70,0.84,0.0,0.0,0.84,1
900333,086,Customer 086,8542 Main Street,Bronx,NY,01/28/2026,Wednesday,40.85368960688969,-73.90929502876213,33,0.88,0.0,0.0,0.88,1
900334,005,Customer 005,6603 Main Street,Queens,NY,01/29/2026,Thursday,40.69747391202919,-73.82905390354207,25,2.38,0.1,0.0,2.48,1
900335,009,Customer 009,9715 Main Street,Queens,NY,01/29/2026,Thursday,40.600009486593315,-73.74405287870175,1,0.53,0.0,0.0,0.53,1
900336,018,Customer 018,3788 Main Street,Bronx,NY,01/29/2026,Thursday,40.84297611177931,-73.84592385676613,31,4.73,0.0,0.0,4.73,1
900337,023,Customer 023,2937 Main Street,Queens,NY,01/29/2026,Thursday,40.76091447600587,-73.88181045003793,5,1.27,0.35,0.06,1.68,1
900342,040,Customer 040,9930 Main Street,Queens,NY,01/29/2026,Thursday,40.76395482312956,-73.91128512522792,5,0.52,0.0,0.25,0.77,2
900338,025,Customer 025,4611 Main Street,Brooklyn,NY,01/29/2026,Thursday,40.69835136729073,-73.9158925078441,8,0.72,0.0,0.0,0.72,1
900339,030,Customer 030,1776 Main Street,Brooklyn,NY,01/29/2026,Thursday,40.63878496266752,-73.97263862633669,17,2.86,0.0,0.0,2.86,1
900340,031,Customer 031,9298 Main Street,Bronx,NY,01/29/2026,Thursday,40.85734534786821,-73.89474039555732,22,2.79,0.0,0.04,2.83,1
900341,039,Customer 039,4995 Main Street,Bronx,NY,01/29/2026,Thursday,40.84909985735391,-73.92113692416197,70,0.51,0.0,0.0,0.51,1
900343,049,Customer 049,5722 Main Street,Bronx,NY,01/29/2026,Thursday,40.84161725986629,-73.90132809233144,7,0.53,0.0,0.0,0.53,1
900344,050,Customer 050,5973 Main Street,Bronx,NY,01/29/2026,Thursday,40.88504380789946,-73.85462851943738,7,0.87,0.0,0.0,0.87,2
900345,056,Customer 056,3099 Main Street,Queens,NY,01/29/2026,Thursday,40.7572560717902,-73.91514119505781,2,0.68,0.0,0.0,0.68,1
900346,086,Customer 086,5549 Main Street,Bronx,NY,01/29/2026,Thursday,40.85368960688969,-73.90929502876213,33,0.92,0.0,0.0,0.92,1
900347,090,Customer 090,2695 Main Street,Queens,NY,01/29/2026,Thursday,40.66953057344241,-73.7824756165742,34,5.61,0.0,0.0,5.61,1
900348,093,Customer 093,7921 Main Street,Queens,NY,01/29/2026,Thursday,40.692614111895054,-73.84437929166077,36,4.61,0.0,0.0,4.61,1
900349,003,Customer 003,167 Main Street,Bronx,NY,01/30/2026,Friday,40.86555164559,-73.88702973397817,19,7.65,0.0,0.0,7.65,1
900350,005,Customer 005,6384 Main Street,Queens,NY,01/30/2026,Friday,40.69747391202919,-73.82905390354207,25,2.97,0.1,0.0,3.07,1
900351,006,Customer 006,4864 Main Street,Manhattan,NY,01/30/2026,Friday,40.80740818873632,-73.96565982955099,4,0.74,0.35,0.25,1.34,1
900352,007,Customer 007,2292 Main Street,Brooklyn,NY,01/30/2026,Friday,40.63116428754058,-73.96665280296365,15,3.55,0.0,0.0,3.55,1
900353,008,Customer 008,6709 Main Street,Bronx,NY,01/30/2026,Friday,40.81813101864817,-73.90411620231987,70,1.64,0.0,0.0,1.64,1
900354,009,Customer 009,459 Main Street,Queens,NY,01/30/2026,Friday,40.600009486593315,-73.74405287870175,1,0.45,0.0,0.0,0.45,1
900359,051,Customer 051,2962 Main Street,Queens,NY,01/30/2026,Friday,40.60737229758411,-73.75316746816085,1,0.71,0.0,0.0,0.71,2
900358,043,Customer 043,8195 Main Street,Queens,NY,01/30/2026,Friday,40.68152075934443,-73.85443641970784,1,0.42,0.08,0.0,0.5,3
900364,080,Customer 080,5248 Main Street,Queens,NY,01/30/2026,Friday,40.67620628689007,-73.74285399139629,2,0.79,0.0,0.25,1.04,1
900355,022,Customer 022,9066 Main Street,Queens,NY,01/30/2026,Friday,40.70649711069442,-73.756756602347,2,0.66,0.0,0.0,0.66,2
900356,027,Customer 027,2347 Main Street,Brooklyn,NY,01/30/2026,Friday,40.687360434885576,-73.98066195659537,9,0.61,0.0,0.0,0.61,1
900357,031,Customer 031,3372 Main Street,Bronx,NY,01/30/2026,Friday,40.85734534786821,-73.89474039555732,22,2.07,0.0,0.03,2.1,1
900360,060,Customer 060,7271 Main Street,Brooklyn,NY,01/30/2026,Friday,40.676333247614394,-73.88613509640518,24,0.68,0.13,0.0,0.81,1
900361,064,Customer 064,7579 Main Street,Brooklyn,NY,01/30/2026,Friday,40.67139788117989,-73.9340888408256,23,1.55,0.14,0.0,1.69,1
900362,068,Customer 068,1060 Main Street,Brooklyn,NY,01/30/2026,Friday,40.63036297971589,-74.08136228889674,17,0.96,0.16,0.0,1.12,1
900365,081,Customer 081,9357 Main Street,Brooklyn,NY,01/30/2026,Friday,40.68024236564245,-73.93137158188019,17,1.27,0.0,0.0,1.27,2
900363,074,Customer 074,572 Main Street,Bronx,NY,01/30/2026,Friday,40.87654063424415,-73.86675762676278,71,2.29,0.03,0.0,2.32,1
900366,083,Customer 083,1660 Main Street,Brooklyn,NY,01/30/2026,Friday,40.63287188101084,-74.16028394578468,16,4.39,0.0,0.0,4.39,1
900367,093,Customer 093,8223 Main Street,Queens,NY,01/30/2026,Friday,40.692614111895054,-73.84437929166077,36,5.22,0.0,0.0,5.22,1
900393,091,Customer 091,9113 Main Street,Queens,NY,02/02/2026,Monday,40.69772873982824,-73.8341823153853,45,0.9,0.0,0.0,0.9,1
900368,001,Customer 001,3748 Main Street,Bronx,NY,02/02/2026,Monday,40.82393494763585,-73.90903906592717,45,3.49,0.0,0.25,3.74,2
900369,003,Customer 003,9488 Main Street,Bronx,NY,02/02/2026,Monday,40.86555164559,-73.88702973397817,19,9.45,0.35,0.0,9.8,1
900370,005,Customer 005,391 Main Street,Queens,NY,02/02/2026,Monday,40.69747391202919,-73.82905390354207,25,2.67,0.08,0.0,2.75,1
900371,009,Customer 009,5090 Main Street,Queens,NY,02/02/2026,Monday,40.600009486593315,-73.74405287870175,1,0.42,0.0,0.0,0.42,1
900387,066,Customer 066,8470 Main Street,Brooklyn,NY,02/02/2026,Monday,40.66065294279969,-73.87876303673895,1,0.67,0.09,0.0,0.76,2
900372,010,Customer 010,5684 Main Street,Brooklyn,NY,02/02/2026,Monday,40.65654070000209,-73.91897014191731,6,0.53,0.0,0.0,0.53,1
900386,059,Customer 059,4935 Main Street,Brooklyn,NY,02/02/2026,Monday,40.67755950741335,-73.91187495774679,6,0.46,0.12,0.0,0.58,2
900373,015,Customer 015,7514 Main Street,Bronx,NY,02/02/2026,Monday,40.82239448550935,-73.91429829435131,21,0.54,0.0,0.0,0.54,1
900374,016,Customer 016,4883 Main Street,Bronx,NY,02/02/2026,Monday,40.854973107257365,-73.86437656576189,21,0.59,0.0,0.0,0.59,2
900375,018,Customer 018,6804 Main Street,Bronx,NY,02/02/2026,Monday,40.84297611177931,-73.84592385676613,31,3.48,0.0,0.0,3.48,1
900392,088,Customer 088,5385 Main Street,Bronx,NY,02/02/2026,Monday,40.85920015425595,-73.90056567901365,31,5.35,0.0,0.25,5.6,2
900376,020,Customer 020,7588 Main Street,Queens,NY,02/02/2026,Monday,40.70811449489744,-73.79898444261066,32,0.45,0.0,0.0,0.45,1
900377,021,Customer 021,861 Main Street,Brooklyn,NY,02/02/2026,Monday,40.68093339365346,-73.94670663597643,18,1.21,0.0,0.0,1.21,1
900389,069,Customer 069,312 Main Street,Queens,NY,02/02/2026,Monday,40.68901703882041,-73.80356301377114,2,0.8,0.05,0.0,0.85,1
900378,022,Customer 022,7481 Main Street,Queens,NY,02/02/2026,Monday,40.70649711069442,-73.756756602347,2,0.69,0.0,0.0,0.69,2
900385,056,Customer 056,1027 Main Street,Queens,NY,02/02/2026,Monday,40.7572560717902,-73.91514119505781,2,0.82,0.35,0.0,1.17,3
900379,033,Customer 033,1796 Main Street,Bronx,NY,02/02/2026,Monday,40.88677507240233,-73.85199192252,7,0.93,0.0,0.0,0.93,1
900380,034,Customer 034,6402 Main Street,Manhattan,NY,02/02/2026,Monday,40.768896755175966,-73.95610818925888,3,1.63,0.0,0.07,1.7,1
900382,046,Customer 046,4860 Main Street,Manhattan,NY,02/02/2026,Monday,40.773204917119784,-73.95678092820883,3,1.53,0.0,0.0,1.53,2
900381,045,Customer 045,5243 Main Street,Brooklyn,NY,02/02/2026,Monday,40.63550402142037,-74.13303054062014,Bronx,0.87,0.0,0.0,0.87,1
900383,052,Customer 052,5871 Main Street,Bronx,NY,02/02/2026,Monday,40.84586642009279,-73.89820757611032,14,1.49,0.0,0.0,1.49,1
900388,067,Customer 067,6351 Main Street,Bronx,NY,02/02/2026,Monday,40.86604266971237,-73.92623623009767,14,0.91,0.0,0.0,0.91,2
900384,053,Customer 053,8847 Main Street,Queens,NY,02/02/2026,Monday,40.7618627220245,-73.88916852512102,5,2.23,0.0,0.0,2.23,1
900390,070,Customer 070,7359 Main Street,Brooklyn,NY,02/02/2026,Monday,40.67439672491399,-73.9226282137167,11,0.7,0.0,0.0,0.7,1
900391,084,Customer 084,9219 Main Street,Brooklyn,NY,02/02/2026,Monday,40.66480658774192,-73.9572281363883,15,0.58,0.22,0.0,0.8,1
900394,094,Customer 094,8376 Main Street,Queens,NY,02/02/2026,Monday,40.69384632036886,-73.84342565090739,37,3.75,0.0,0.25,4.0,1
900395,095,Customer 095,3595 Main Street,Queens,NY,02/02/2026,Monday,40.68727132626413,-73.82300862324279,38,4.65,0.0,0.0,4.65,1
900396,002,Customer 002,7880 Main Street,Queens,NY,02/03/2026,Tuesday,40.70595191172637,-73.75457110312014,25,0.59,0.06,0.0,0.65,1
900397,006,Customer 006,4094 Main Street,Manhattan,NY,02/03/2026,Tuesday,40.80740818873632,-73.96565982955099,4,0.86,0.0,0.0,0.86,1
900398,011,Customer 011,8568 Main Street,Brooklyn,NY,02/03/2026,Tuesday,40.652082455862505,-73.92481650340132,18,1.53,0.0,0.0,1.53,1
900399,013,Customer 013,3254 Main Street,New York,NY,02/03/2026,Tuesday,40.81574307418728,-73.9379714247544,14,0.75,0.0,0.25,1.0,1
900402,029,Customer 029,4337 Main Street,Bronx,NY,02/03/2026,Tuesday,40.853619797063494,-73.90831990645347,14,1.65,0.35,0.0,2.0,2
900411,067,Customer 067,5108 Main Street,Bronx,NY,02/03/2026,Tuesday,40.86604266971237,-73.92623623009767,14,0.95,0.0,0.0,0.95,3
900403,041,Customer 041,1517 Main Street,New York,NY,02/03/2026,Tuesday,40.759382235947626,-73.93895415268634,21,0.51,0.0,0.0,0.51,1
900400,015,Customer 015,8836 Main Street,Bronx,NY,02/03/2026,Tuesday,40.82239448550935,-73.91429829435131,21,0.42,0.0,0.0,0.42,2
900401,016,Customer 016,7050 Main Street,Bronx,NY,02/03/2026,Tuesday,40.854973107257365,-73.86437656576189,21,0.43,0.0,0.0,0.43,3
900404,044,Customer 044,3702 Main Street,Brooklyn,NY,02/03/2026,Tuesday,40.685443993544496,-73.943950969423,73,0.58,0.35,0.0,0.93,1
900405,047,Customer 047,6213 Main Street,Manhattan,NY,02/03/2026,Tuesday,40.71773283828544,-73.98411846097412,3,0.52,0.0,0.0,0.52,1
900408,058,Customer 058,9394 Main Street,Manhattan,NY,02/03/2026,Tuesday,40.71874598664543,-73.98172887364404,3,0.46,0.03,0.0,0.49,2
900406,049,Customer 049,9483 Main Street,Bronx,NY,02/03/2026,Tuesday,40.84161725986629,-73.90132809233144,7,0.6,0.0,0.25,0.85,1
900407,056,Customer 056,2737 Main Street,Queens,NY,02/03/2026,Tuesday,40.7572560717902,-73.91514119505781,2,0.78,0.0,0.0,0.78,1
900410,063,Customer 063,5951 Main Street,Brooklyn,NY,02/03/2026,Tuesday,40.689007393638555,-73.9173641706466,10,2.41,0.0,0.0,2.41,1
900409,062,Customer 062,1203 Main Street,Brooklyn,NY,02/03/2026,Tuesday,40.689239848977614,-73.91777406506378,10,2.11,0.0,0.0,2.11,2
900412,072,Customer 072,7245 Main Street,Brooklyn,NY,02/03/2026,Tuesday,40.65171110205392,-73.9191771105472,9,0.44,0.0,0.0,0.44,1
900413,077,Customer 077,1883 Main Street,Brooklyn,NY,02/03/2026,Tuesday,40.68010726771517,-73.91396093950846,23,0.91,0.21,0.0,1.12,1
900414,081,Customer 081,1352 Main Street,Brooklyn,NY,02/03/2026,Tuesday,40.68024236564245,-73.93137158188019,17,0.92,0.0,0.0,0.92,1
900415,083,Customer 083,9584 Main Street,Brooklyn,NY,02/03/2026,Tuesday,40.63287188101084,-74.16028394578468,16,4.35,0.0,0.0,4.35,1
900416,084,Customer 084,9004 Main Street,Brooklyn,NY,02/03/2026,Tuesday,40.66480658774192,-73.9572281363883,15,0.6,0.3,0.0,0.9,1
900417,087,Customer 087,9760 Main Street,Brooklyn,NY,02/03/2026,Tuesday,40.66150707860249,-73.87346498223229,99,7.62,0.0,0.0,7.62,1
900418,089,Customer 089,8327 Main Street,Bronx,NY,02/03/2026,Tuesday,40.830728643622344,-73.89126472129591,33,6.86,0.0,0.0,6.86,1
900419,090,Customer 090,2817 Main Street,Queens,NY,02/03/2026,Tuesday,40.66953057344241,-73.7824756165742,34,5.52,0.0,0.0,5.52,1
900420,012,Customer 012,753 Main Street,Brooklyn,NY,02/04/2026,Wednesday,40.636920669008184,-74.1652722110478,16,0.49,0.0,0.0,0.49,1
900421,014,Customer 014,4414 Main Street,Manhattan,NY,02/04/2026,Wednesday,40.76099884306126,-73.94084004193822,5,0.66,0.0,0.0,0.66,1
900431,041,Customer 041,4433 Main Street,New York,NY,02/04/2026,Wednesday,40.759382235947626,-73.93895415268634,21,0.58,0.0,0.0,0.58,1
900422,015,Customer 015,9728 Main Street,Bronx,NY,02/04/2026,Wednesday,40.82239448550935,-73.91429829435131,21,0.53,0.0,0.0,0.53,2
900429,032,Customer 032,9334 Main Street,Bronx,NY,02/04/2026,Wednesday,40.853589534832395,-73.89464414584027,21,0.44,0.0,0.0,0.44,3
900423,018,Customer 018,5881 Main Street,Bronx,NY,02/04/2026,Wednesday,40.84297611177931,-73.84592385676613,31,3.98,0.0,0.0,3.98,1
900424,019,Customer 019,208 Main Street,Manhattan,NY,02/04/2026,Wednesday,40.778836484045,-73.98329931044094,4,0.74,0.0,0.0,0.74,1
900425,021,Customer 021,3565 Main Street,Brooklyn,NY,02/04/2026,Wednesday,40.68093339365346,-73.94670663597643,18,1.19,0.35,0.0,1.54,1
900432,049,Customer 049,2550 Main Street,Bronx,NY,02/04/2026,Wednesday,40.84161725986629,-73.90132809233144,7,0.52,0.0,0.0,0.52,1
900426,024,Customer 024,5510 Main Street,Bronx,NY,02/04/2026,Wednesday,40.896883630705474,-73.85135085346376,7,0.81,0.0,0.0,0.81,2
900427,025,Customer 025,2741 Main Street,Brooklyn,NY,02/04/2026,Wednesday,40.69835136729073,-73.9158925078441,8,0.8,0.0,0.0,0.8,1
900428,026,Customer 026,9805 Main Street,Queens,NY,02/04/2026,Wednesday,40.67584687606802,-73.85557337127459,73,3.68,0.0,0.0,3.68,1
900430,038,Customer 038,3694 Main Street,Manhattan,NY,02/04/2026,Wednesday,40.717842608430665,-73.9892410907712,3,0.78,0.0,0.0,0.78,1
900433,055,Customer 055,9987 Main Street,Queens,NY,02/04/2026,Wednesday,40.69661296220641,-73.82879015350318,25,7.69,0.03,0.0,7.72,1
900437,079,Customer 079,4614 Main Street,Brooklyn,NY,02/04/2026,Wednesday,40.65822719611959,-73.92944076589842,24,1.63,0.12,0.0,1.75,1
900434,060,Customer 060,7999 Main Street,Brooklyn,NY,02/04/2026,Wednesday,40.676333247614394,-73.88613509640518,24,0.94,0.13,0.0,1.07,2
900435,067,Customer 067,1473 Main Street,Bronx,NY,02/04/2026,Wednesday,40.86604266971237,-73.92623623009767,14,0.68,0.0,0.0,0.68,1
900436,076,Customer 076,6035 Main Street,Brooklyn,NY,02/04/2026,Wednesday,40.681777334052896,-73.87899490500013,10,0.61,0.11,0.0,0.72,1
900438,082,Customer 082,9260 Main Street,Bronx,NY,02/04/2026,Wednesday,40.869718152184745,-73.87892875884225,70,0.93,0.0,0.0,0.93,1
900439,085,Customer 085,2051 Main Street,Brooklyn,NY,02/04/2026,Wednesday,40.6758490834141,-73.87795663986044,11,0.79,0.12,0.0,0.91,1
900440,086,Customer 086,3613 Main Street,Bronx,NY,02/04/2026,Wednesday,40.85368960688969,-73.90929502876213,33,0.78,0.0,0.0,0.78,1
900441,092,Customer 092,2481 Main Street,Brooklyn,NY,02/04/2026,Wednesday,40.63740290973405,-73.92010562279191,35,4.11,0.0,0.0,4.11,1
900442,005,Customer 005,9888 Main Street,Queens,NY,02/05/2026,Thursday,40.69747391202919,-73.82905390354207,25,2.62,0.12,0.0,2.74,1
900446,035,Customer 035,8913 Main Street,Queens,NY,02/05/2026,Thursday,40.594970715995146,-73.77416307485291,1,0.79,0.0,0.0,0.79,1
900443,009,Customer 009,8589 Main Street,Queens,NY,02/05/2026,Thursday,40.600009486593315,-73.74405287870175,1,0.4,0.0,0.0,0.4,2
900450,043,Customer 043,4414 Main Street,Queens,NY,02/05/2026,Thursday,40.68152075934443,-73.85443641970784,1,0.48,0.1,0.0,0.58,3
900444,023,Customer 023,1577 Main Street,Queens,NY,02/05/2026,Thursday,40.76091447600587,-73.88181045003793,5,1.14,0.0,0.04,1.18,1
900448,040,Customer 040,4324 Main Street,Queens,NY,02/05/2026,Thursday,40.76395482312956,-73.91128512522792,5,0.6,0.0,0.0,0.6,2
900445,030,Customer 030,176 Main Street,Brooklyn,NY,02/05/2026,Thursday,40.63878496266752,-73.97263862633669,17,3.19,0.0,0.0,3.19,1
900447,039,Customer 039,7617 Main Street,Bronx,NY,02/05/2026,Thursday,40.84909985735391,-73.92113692416197,70,0.58,0.0,0.0,0.58,1
900449,042,Customer 042,5272 Main Street,Brooklyn,NY,02/05/2026,Thursday,40.63208584532311,-73.96647452968952,9,2.68,0.17,0.0,2.85,1
900451,048,Customer 048,9499 Main Street,Queens,NY,02/05/2026,Thursday,40.75405265049564,-73.81832518415463,2,0.61,0.0,0.0,0.61,1
900454,056,Customer 056,8971 Main Street,Queens,NY,02/05/2026,Thursday,40.7572560717902,-73.91514119505781,2,0.87,0.0,0.0,0.87,2
900452,049,Customer 049,8275 Main Street,Bronx,NY,02/05/2026,Thursday,40.84161725986629,-73.90132809233144,7,0.61,0.0,0.0,0.61,1
900453,050,Customer 050,3855 Main Street,Bronx,NY,02/05/2026,Thursday,40.88504380789946,-73.85462851943738,7,0.88,0.0,0.0,0.88,2
900455,075,Customer 075,2072 Main Street,Manhattan,NY,02/05/2026,Thursday,40.70710965261643,-73.94500754484459,6,1.64,0.16,0.0,1.8,1
900456,078,Customer 078,5431 Main Street,Manhattan,NY,02/05/2026,Thursday,40.76169824334662,-73.94957140792144,21,0.52,0.1,0.0,0.62,1
900457,086,Customer 086,6081 Main Street,Bronx,NY,02/05/2026,Thursday,40.85368960688969,-73.90929502876213,33,0.77,0.0,0.0,0.77,1
900458,090,Customer 090,4522 Main Street,Queens,NY,02/05/2026,Thursday,40.66953057344241,-73.7824756165742,34,6.44,0.0,0.0,6.44,1
900459,093,Customer 093,7849 Main Street,Queens,NY,02/05/2026,Thursday,40.692614111895054,-73.84437929166077,36,3.8,0.0,0.0,3.8,1
900460,004,Customer 004,9310 Main Street,New York,NY,02/06/2026,Friday,40.81882756334608,-73.93725056647254,20,4.7,0.0,0.0,4.7,1
900461,005,Customer 005,3630 Main Street,Queens,NY,02/06/2026,Friday,40.69747391202919,-73.82905390354207,25,2.19,0.08,0.0,2.27,1
900471,065,Customer 065,6853 Main Street,Manhattan,NY,02/06/2026,Friday,40.76900862942308,-73.96497922070525,4,0.57,0.07,0.01,0.65,1
900462,006,Customer 006,5583 Main Street,Manhattan,NY,02/06/2026,Friday,40.80740818873632,-73.96565982955099,4,0.8,0.0,0.0,0.8,2
900469,061,Customer 061,9890 Main Street,Brooklyn,NY,02/06/2026,Friday,40.598422117306654,-73.94163633556525,15,1.09,0.0,0.0,1.09,1
900463,007,Customer 007,5738 Main Street,Brooklyn,NY,02/06/2026,Friday,40.63116428754058,-73.96665280296365,15,3.3,0.0,0.0,3.3,2
900464,017,Customer 017,6343 Main Street,Brooklyn,NY,02/06/2026,Friday,40.68918573963909,-73.95966142657014,30,1.61,0.0,0.0,1.61,1
900465,031,Customer 031,7389 Main Street,Bronx,NY,02/06/2026,Friday,40.85734534786821,-73.89474039555732,22,2.5,0.0,0.03,2.53,1
900466,037,Customer 037,4222 Main Street,Brooklyn,NY,02/06/2026,Friday,40.6314761543859,-73.98026120703442,8,0.68,0.0,0.0,0.68,1
900473,073,Customer 073,9081 Main Street,Brooklyn,NY,02/06/2026,Friday,40.65052535821618,-73.96218340829046,8,0.95,0.13,0.0,1.08,2
900467,051,Customer 051,4153 Main Street,Queens,NY,02/06/2026,Friday,40.60737229758411,-73.75316746816085,1,0.83,0.0,0.0,0.83,1
900475,076,Customer 076,4024 Main Street,Brooklyn,NY,02/06/2026,Friday,40.681777334052896,-73.87899490500013,10,0.65,0.08,0.25,0.98,1
900468,054,Customer 054,5946 Main Street,Manhattan,NY,02/06/2026,Friday,40.70449809311375,-73.95658499114683,10,0.52,0.0,0.25,0.77,2
900470,064,Customer 064,5788 Main Street,Brooklyn,NY,02/06/2026,Friday,40.67139788117989,-73.9340888408256,23,1.62,0.2,0.0,1.82,1
900472,071,Customer 071,7916 Main Street,Manhattan,NY,02/06/2026,Friday,40.74827382831262,-73.98413653314174,3,0.4,0.0,0.03,0.43,1
900474,074,Customer 074,2775 Main Street,Bronx,NY,02/06/2026,Friday,40.87654063424415,-73.86675762676278,71,2.27,0.03,0.0,2.3,1
900476,080,Customer 080,4504 Main Street,Queens,NY,02/06/2026,Friday,40.67620628689007,-73.74285399139629,2,0.6,0.0,0.0,0.6,1
900477,083,Customer 083,4558 Main Street,Brooklyn,NY,02/06/2026,Friday,40.63287188101084,-74.16028394578468,16,3.42,0.0,0.0,3.42,1
900478,088,Customer 088,2148 Main Street,Bronx,NY,02/06/2026,Friday,40.85920015425595,-73.90056567901365,31,4.29,0.0,0.0,4.29,1
900497,091,Customer 091,7615 Main Street,Queens,NY,02/09/2026,Monday,40.69772873982824,-73.8341823153853,45,0.64,0.0,0.0,0.64,1
900479,001,Customer 001,5510 Main Street,Bronx,NY,02/09/2026,Monday,40.82393494763585,-73.90903906592717,45,4.8,0.0,0.0,4.8,2
900480,003,Customer 003,8999 Main Street,Bronx,NY,02/09/2026,Monday,40.86555164559,-73.88702973397817,19,7.0,0.0,0.0,7.0,1
900481,005,Customer 005,2098 Main Street,Queens,NY,02/09/2026,Monday,40.69747391202919,-73.82905390354207,25,3.15,0.13,0.0,3.28,1
900482,010,Customer 010,1639 Main Street,Brooklyn,NY,02/09/2026,Monday,40.65654070000209,-73.91897014191731,6,0.62,0.0,0.0,0.62,1
900492,059,Customer 059,5376 Main Street,Brooklyn,NY,02/09/2026,Monday,40.67755950741335,-73.91187495774679,6,0.43,0.12,0.0,0.55,2
900483,015,Customer 015,9104 Main Street,Bronx,NY,02/09/2026,Monday,40.82239448550935,-73.91429829435131,21,0.47,0.0,0.25,0.72,1
900484,016,Customer 016,953 Main Street,Bronx,NY,02/09/2026,Monday,40.854973107257365,-73.86437656576189,21,0.48,0.0,0.0,0.48,2
900485,018,Customer 018,2842 Main Street,Bronx,NY,02/09/2026,Monday,40.84297611177931,-73.84592385676613,31,3.5,0.0,0.0,3.5,1
900486,020,Customer 020,9620 Main Street,Queens,NY,02/09/2026,Monday,40.70811449489744,-73.79898444261066,32,0.49,0.0,0.0,0.49,1
900487,021,Customer 021,1566 Main Street,Brooklyn,NY,02/09/2026,Monday,40.68093339365346,-73.94670663597643,18,1.38,0.0,0.0,1.38,1
900488,034,Customer 034,7287 Main Street,Manhattan,NY,02/09/2026,Monday,40.768896755175966,-73.95610818925888,3,1.6,0.0,0.06,1.66,1
900489,045,Customer 045,9908 Main Street,Brooklyn,NY,02/09/2026,Monday,40.63550402142037,-74.13303054062014,Bronx,0.88,0.0,0.0,0.88,1
900490,053,Customer 053,406 Main Street,Queens,NY,02/09/2026,Monday,40.7618627220245,-73.88916852512102,5,2.28,0.0,0.0,2.28,1
900491,056,Customer 056,6448 Main Street,Queens,NY,02/09/2026,Monday,40.7572560717902,-73.91514119505781,2,0.75,0.35,0.0,1.1,1
900493,066,Customer 066,6466 Main Street,Brooklyn,NY,02/09/2026,Monday,40.66065294279969,-73.87876303673895,1,0.76,0.06,0.0,0.82,1
900494,067,Customer 067,6102 Main Street,Bronx,NY,02/09/2026,Monday,40.86604266971237,-73.92623623009767,14,0.81,0.0,0.0,0.81,1
900495,070,Customer 070,1410 Main Street,Brooklyn,NY,02/09/2026,Monday,40.67439672491399,-73.9226282137167,11,0.95,0.0,0.0,0.95,1
900496,084,Customer 084,6413 Main Street,Brooklyn,NY,02/09/2026,Monday,40.66480658774192,-73.9572281363883,15,0.58,0.18,0.0,0.76,1
900503,036,Customer 036,1662 Main Street,New York,NY,02/10/2026,Tuesday,40.80325822563249,-73.93591692391615,14,0.59,0.0,0.39,0.98,1
900498,013,Customer 013,6245 Main Street,New York,NY,02/10/2026,Tuesday,40.81574307418728,-73.9379714247544,14,0.61,0.0,0.0,0.61,2
900502,029,Customer 029,5020 Main Street,Bronx,NY,02/10/2026,Tuesday,40.853619797063494,-73.90831990645347,14,2.17,0.0,0.0,2.17,3
900510,067,Customer 067,7039 Main Street,Bronx,NY,02/10/2026,Tuesday,40.86604266971237,-73.92623623009767,14,0.95,0.35,0.0,1.3,4
900504,041,Customer 041,7215 Main Street,New York,NY,02/10/2026,Tuesday,40.759382235947626,-73.93895415268634,21,0.41,0.0,0.0,0.41,1
900499,015,Customer 015,6605 Main Street,Bronx,NY,02/10/2026,Tuesday,40.82239448550935,-73.91429829435131,21,0.46,0.0,0.0,0.46,2
900500,016,Customer 016,2313 Main Street,Bronx,NY,02/10/2026,Tuesday,40.854973107257365,-73.86437656576189,21,0.42,0.0,0.25,0.67,3
900501,028,Customer 028,2367 Main Street,Queens,NY,02/10/2026,Tuesday,40.71519521264396,-73.74349772371512,2,0.43,0.35,0.0,0.78,1
900507,056,Customer 056,1452 Main Street,Queens,NY,02/10/2026,Tuesday,40.7572560717902,-73.91514119505781,2,0.74,0.0,0.0,0.74,2
900505,044,Customer 044,287 Main Street,Brooklyn,NY,02/10/2026,Tuesday,40.685443993544496,-73.943950969423,73,0.45,0.0,0.0,0.45,1
900506,047,Customer 047,5454 Main Street,Manhattan,NY,02/10/2026,Tuesday,40.71773283828544,-73.98411846097412,3,0.52,0.0,0.0,0.52,1
900509,063,Customer 063,8689 Main Street,Brooklyn,NY,02/10/2026,Tuesday,40.689007393638555,-73.9173641706466,10,2.96,0.0,0.0,2.96,1
900508,062,Customer 062,3345 Main Street,Brooklyn,NY,02/10/2026,Tuesday,40.689239848977614,-73.91777406506378,10,2.33,0.0,0.0,2.33,2
900511,081,Customer 081,993 Main Street,Brooklyn,NY,02/10/2026,Tuesday,40.68024236564245,-73.93137158188019,17,0.93,0.0,0.0,0.93,1
900512,083,Customer 083,5724 Main Street,Brooklyn,NY,02/10/2026,Tuesday,40.63287188101084,-74.16028394578468,16,3.19,0.0,0.0,3.19,1
900513,084,Customer 084,3524 Main Street,Brooklyn,NY,02/10/2026,Tuesday,40.66480658774192,-73.9572281363883,15,0.48,0.23,0.25,0.96,1
900514,087,Customer 087,2415 Main Street,Brooklyn,NY,02/10/2026,Tuesday,40.66150707860249,-73.87346498223229,99,10.0,0.0,0.0,10.0,1
900515,089,Customer 089,4285 Main Street,Bronx,NY,02/10/2026,Tuesday,40.830728643622344,-73.89126472129591,33,6.59,0.0,0.0,6.59,1
900516,001,Customer 001,6001 Main Street,Bronx,NY,02/11/2026,Wednesday,40.82393494763585,-73.90903906592717,45,3.74,0.0,0.0,3.74,1
900517,003,Customer 003,6337 Main Street,Bronx,NY,02/11/2026,Wednesday,40.86555164559,-73.88702973397817,19,9.63,0.0,0.0,9.63,1
900526,041,Customer 041,4585 Main Street,New York,NY,02/11/2026,Wednesday,40.759382235947626,-73.93895415268634,21,0.49,0.0,0.0,0.49,1
900518,015,Customer 015,401 Main Street,Bronx,NY,02/11/2026,Wednesday,40.82239448550935,-73.91429829435131,21,0.47,0.0,0.0,0.47,2
900525,032,Customer 032,2689 Main Street,Bronx,NY,02/11/2026,Wednesday,40.853589534832395,-73.89464414584027,21,0.62,0.0,0.0,0.62,3
900519,018,Customer 018,1115 Main Street,Bronx,NY,02/11/2026,Wednesday,40.84297611177931,-73.84592385676613,31,3.72,0.0,0.0,3.72,1
900520,019,Customer 019,582 Main Street,Manhattan,NY,02/11/2026,Wednesday,40.778836484045,-73.98329931044094,4,0.92,0.0,0.0,0.92,1
900521,021,Customer 021,2348 Main Street,Brooklyn,NY,02/11/2026,Wednesday,40.68093339365346,-73.94670663597643,18,1.23,0.0,0.0,1.23,1
900522,024,Customer 024,4038 Main Street,Bronx,NY,02/11/2026,Wednesday,40.896883630705474,-73.85135085346376,7,0.75,0.0,0.0,0.75,1
900523,025,Customer 025,7459 Main Street,Brooklyn,NY,02/11/2026,Wednesday,40.69835136729073,-73.9158925078441,8,0.78,0.0,0.0,0.78,1
900524,026,Customer 026,3414 Main Street,Queens,NY,02/11/2026,Wednesday,40.67584687606802,-73.85557337127459,73,3.34,0.0,0.0,3.34,1
900527,067,Customer 067,3451 Main Street,Bronx,NY,02/11/2026,Wednesday,40.86604266971237,-73.92623623009767,14,0.71,0.0,0.0,0.71,1
900528,082,Customer 082,730 Main Street,Bronx,NY,02/11/2026,Wednesday,40.869718152184745,-73.87892875884225,70,0.94,0.0,0.0,0.94,1
900529,005,Customer 005,7500 Main Street,Queens,NY,02/12/2026,Thursday,40.69747391202919,-73.82905390354207,25,2.2,0.11,0.0,2.31,1
900530,009,Customer 009,5399 Main Street,Queens,NY,02/12/2026,Thursday,40.600009486593315,-73.74405287870175,1,0.6,0.0,0.0,0.6,1
900531,018,Customer 018,1970 Main Street,Bronx,NY,02/12/2026,Thursday,40.84297611177931,-73.84592385676613,31,4.76,0.0,0.0,4.76,1
900532,023,Customer 023,9116 Main Street,Queens,NY,02/12/2026,Thursday,40.76091447600587,-73.88181045003793,5,1.37,0.0,0.04,1.41,1
900535,040,Customer 040,1400 Main Street,Queens,NY,02/12/2026,Thursday,40.76395482312956,-73.91128512522792,5,0.53,0.0,0.0,0.53,2
900533,030,Customer 030,5171 Main Street,Brooklyn,NY,02/12/2026,Thursday,40.63878496266752,-73.97263862633669,17,2.28,0.0,0.0,2.28,1
900534,037,Customer 037,8269 Main Street,Brooklyn,NY,02/12/2026,Thursday,40.6314761543859,-73.98026120703442,8,0.65,0.35,0.0,1.0,1
900536,042,Customer 042,3501 Main Street,Brooklyn,NY,02/12/2026,Thursday,40.63208584532311,-73.96647452968952,9,2.57,0.13,0.0,2.7,1
900537,049,Customer 049,6931 Main Street,Bronx,NY,02/12/2026,Thursday,40.84161725986629,-73.90132809233144,7,0.47,0.0,0.25,0.72,1
900538,050,Customer 050,9847 Main Street,Bronx,NY,02/12/2026,Thursday,40.88504380789946,-73.85462851943738,7,0.85,0.0,0.0,0.85,2
900540,089,Customer 089,3496 Main Street,Bronx,NY,02/12/2026,Thursday,40.830728643622344,-73.89126472129591,33,5.51,0.0,0.0,5.51,1
900539,086,Customer 086,3912 Main Street,Bronx,NY,02/12/2026,Thursday,40.85368960688969,-73.90929502876213,33,0.87,0.0,0.0,0.87,2
900541,093,Customer 093,3396 Main Street,Queens,NY,02/12/2026,Thursday,40.692614111895054,-73.84437929166077,36,4.5,0.0,0.25,4.75,1
900542,005,Customer 005,577 Main Street,Queens,NY,02/13/2026,Friday,40.69747391202919,-73.82905390354207,25,2.54,0.1,0.0,2.64,1
900543,006,Customer 006,7949 Main Street,Manhattan,NY,02/13/2026,Friday,40.80740818873632,-73.96565982955099,4,0.7,0.0,0.0,0.7,1
900544,007,Customer 007,7646 Main Street,Brooklyn,NY,02/13/2026,Friday,40.63116428754058,-73.96665280296365,15,3.97,0.0,0.0,3.97,1
900545,008,Customer 008,6882 Main Street,Bronx,NY,02/13/2026,Friday,40.81813101864817,-73.90411620231987,70,1.42,0.0,0.0,1.42,1
900546,015,Customer 015,5893 Main Street,Bronx,NY,02/13/2026,Friday,40.82239448550935,-73.91429829435131,21,0.53,0.0,0.0,0.53,1
900547,031,Customer 031,5058 Main Street,Bronx,NY,02/13/2026,Friday,40.85734534786821,-73.89474039555732,22,2.67,0.0,0.04,2.71,1
900548,051,Customer 051,8658 Main Street,Queens,NY,02/13/2026,Friday,40.60737229758411,-73.75316746816085,1,0.65,0.0,0.0,0.65,1
900549,064,Customer 064,8820 Main Street,Brooklyn,NY,02/13/2026,Friday,40.67139788117989,-73.9340888408256,23,1.45,0.15,0.0,1.6,1
900550,068,Customer 068,8522 Main Street,Brooklyn,NY,02/13/2026,Friday,40.63036297971589,-74.08136228889674,17,0.81,0.1,0.0,0.91,1
900551,074,Customer 074,5649 Main Street,Bronx,NY,02/13/2026,Friday,40.87654063424415,-73.86675762676278,71,2.43,0.02,0.0,2.45,1
900552,080,Customer 080,9811 Main Street,Queens,NY,02/13/2026,Friday,40.67620628689007,-73.74285399139629,2,0.55,0.0,0.0,0.55,1
900553,083,Customer 083,8840 Main Street,Brooklyn,NY,02/13/2026,Friday,40.63287188101084,-74.16028394578468,16,3.53,0.0,0.0,3.53,1
900579,091,Customer 091,332 Main Street,Queens,NY,02/16/2026,Monday,40.69772873982824,-73.8341823153853,45,0.65,0.0,0.0,0.65,1
900554,001,Customer 001,6054 Main Street,Bronx,NY,02/16/2026,Monday,40.82393494763585,-73.90903906592717,45,3.32,0.0,0.0,3.32,2
900555,003,Customer 003,7526 Main Street,Bronx,NY,02/16/2026,Monday,40.86555164559,-73.88702973397817,19,8.89,0.0,0.0,8.89,1
900556,005,Customer 005,4724 Main Street,Queens,NY,02/16/2026,Monday,40.69747391202919,-73.82905390354207,25,2.27,0.11,0.0,2.38,1
900557,010,Customer 010,5049 Main Street,Brooklyn,NY,02/16/2026,Monday,40.65654070000209,-73.91897014191731,6,0.58,0.0,0.0,0.58,1
900558,015,Customer 015,9782 Main Street,Bronx,NY,02/16/2026,Monday,40.82239448550935,-73.91429829435131,21,0.62,0.0,0.0,0.62,1
900559,016,Customer 016,3969 Main Street,Bronx,NY,02/16/2026,Monday,40.854973107257365,-73.86437656576189,21,0.65,0.0,0.0,0.65,2
900560,018,Customer 018,1973 Main Street,Bronx,NY,02/16/2026,Monday,40.84297611177931,-73.84592385676613,31,4.66,0.0,0.0,4.66,1
900561,020,Customer 020,6748 Main Street,Queens,NY,02/16/2026,Monday,40.70811449489744,-73.79898444261066,32,0.53,0.0,0.0,0.53,1
900562,021,Customer 021,6308 Main Street,Brooklyn,NY,02/16/2026,Monday,40.68093339365346,-73.94670663597643,18,1.16,0.0,0.0,1.16,1
900563,022,Customer 022,2376 Main Street,Queens,NY,02/16/2026,Monday,40.70649711069442,-73.756756602347,2,0.64,0.35,0.0,0.99,1
900574,056,Customer 056,6831 Main Street,Queens,NY,02/16/2026,Monday,40.7572560717902,-73.91514119505781,2,0.93,0.0,0.0,0.93,2
900564,026,Customer 026,6489 Main Street,Queens,NY,02/16/2026,Monday,40.67584687606802,-73.85557337127459,73,3.23,0.0,0.0,3.23,1
900565,027,Customer 027,5010 Main Street,Brooklyn,NY,02/16/2026,Monday,40.687360434885576,-73.98066195659537,9,0.62,0.0,0.0,0.62,1
900566,033,Customer 033,8462 Main Street,Bronx,NY,02/16/2026,Monday,40.88677507240233,-73.85199192252,7,0.8,0.35,0.25,1.4,1
900571,047,Customer 047,7255 Main Street,Manhattan,NY,02/16/2026,Monday,40.71773283828544,-73.98411846097412,3,0.55,0.0,0.0,0.55,1
900567,034,Customer 034,9092 Main Street,Manhattan,NY,02/16/2026,Monday,40.768896755175966,-73.95610818925888,3,1.3,0.0,0.06,1.36,2
900570,046,Customer 046,2300 Main Street,Manhattan,NY,02/16/2026,Monday,40.773204917119784,-73.95678092820883,3,1.09,0.0,0.0,1.09,3
900568,036,Customer 036,4723 Main Street,New York,NY,02/16/2026,Monday,40.80325822563249,-73.93591692391615,14,0.53,0.0,0.28,0.81,1
900572,052,Customer 052,3045 Main Street,Bronx,NY,02/16/2026,Monday,40.84586642009279,-73.89820757611032,14,1.72,0.0,0.0,1.72,2
900576,067,Customer 067,1379 Main Street,Bronx,NY,02/16/2026,Monday,40.86604266971237,-73.92623623009767,14,0.94,0.35,0.0,1.29,3
900569,045,Customer 045,6002 Main Street,Brooklyn,NY,02/16/2026,Monday,40.63550402142037,-74.13303054062014,Bronx,0.86,0.0,0.0,0.86,1
900573,053,Customer 053,3798 Main Street,Queens,NY,02/16/2026,Monday,40.7618627220245,-73.88916852512102,5,2.08,0.0,0.0,2.08,1
900575,066,Customer 066,8569 Main Street,Brooklyn,NY,02/16/2026,Monday,40.66065294279969,-73.87876303673895,1,0.88,0.09,0.0,0.97,1
900577,070,Customer 070,276 Main Street,Brooklyn,NY,02/16/2026,Monday,40.67439672491399,-73.9226282137167,11,0.84,0.0,0.0,0.84,1
900578,084,Customer 084,4880 Main Street,Brooklyn,NY,02/16/2026,Monday,40.66480658774192,-73.9572281363883,15,0.57,0.19,0.25,1.01,1
900580,094,Customer 094,2973 Main Street,Queens,NY,02/16/2026,Monday,40.69384632036886,-73.84342565090739,37,4.72,0.0,0.0,4.72,1
900581,095,Customer 095,642 Main Street,Queens,NY,02/16/2026,Monday,40.68727132626413,-73.82300862324279,38,4.96,0.0,0.0,4.96,1
900582,002,Customer 002,8225 Main Street,Queens,NY,02/17/2026,Tuesday,40.70595191172637,-73.75457110312014,25,0.55,0.06,0.0,0.61,1
900583,011,Customer 011,7702 Main Street,Brooklyn,NY,02/17/2026,Tuesday,40.652082455862505,-73.92481650340132,18,1.44,0.0,0.25,1.69,1
900589,036,Customer 036,488 Main Street,New York,NY,02/17/2026,Tuesday,40.80325822563249,-73.93591692391615,14,0.45,0.0,0.3,0.75,1
900584,013,Customer 013,6322 Main Street,New York,NY,02/17/2026,Tuesday,40.81574307418728,-73.9379714247544,14,0.73,0.0,0.0,0.73,2
900587,029,Customer 029,3293 Main Street,Bronx,NY,02/17/2026,Tuesday,40.853619797063494,-73.90831990645347,14,2.0,0.0,0.0,2.0,3
900597,067,Customer 067,9514 Main Street,Bronx,NY,02/17/2026,Tuesday,40.86604266971237,-73.92623623009767,14,0.72,0.0,0.0,0.72,4
900590,041,Customer 041,1515 Main Street,New York,NY,02/17/2026,Tuesday,40.759382235947626,-73.93895415268634,21,0.53,0.0,0.0,0.53,1
900585,015,Customer 015,4831 Main Street,Bronx,NY,02/17/2026,Tuesday,40.82239448550935,-73.91429829435131,21,0.46,0.0,0.0,0.46,2
900586,028,Customer 028,6508 Main Street,Queens,NY,02/17/2026,Tuesday,40.71519521264396,-73.74349772371512,2,0.46,0.35,0.0,0.81,1
900593,056,Customer 056,3015 Main Street,Queens,NY,02/17/2026,Tuesday,40.7572560717902,-73.91514119505781,2,0.99,0.0,0.0,0.99,2
900592,047,Customer 047,4628 Main Street,Manhattan,NY,02/17/2026,Tuesday,40.71773283828544,-73.98411846097412,3,0.61,0.0,0.0,0.61,1
900588,034,Customer 034,8705 Main Street,Manhattan,NY,02/17/2026,Tuesday,40.768896755175966,-73.95610818925888,3,1.22,0.35,0.07,1.64,2
900591,044,Customer 044,1916 Main Street,Brooklyn,NY,02/17/2026,Tuesday,40.685443993544496,-73.943950969423,73,0.6,0.0,0.0,0.6,1
900595,063,Customer 063,9460 Main Street,Brooklyn,NY,02/17/2026,Tuesday,40.689007393638555,-73.9173641706466,10,3.04,0.0,0.25,3.29,1
900594,062,Customer 062,1840 Main Street,Brooklyn,NY,02/17/2026,Tuesday,40.689239848977614,-73.91777406506378,10,1.81,0.0,0.0,1.81,2
900596,066,Customer 066,719 Main Street,Brooklyn,NY,02/17/2026,Tuesday,40.66065294279969,-73.87876303673895,1,0.76,0.09,0.25,1.1,1
900598,068,Customer 068,6717 Main Street,Brooklyn,NY,02/17/2026,Tuesday,40.63036297971589,-74.08136228889674,17,0.98,0.16,0.0,1.14,1
900601,081,Customer 081,744 Main Street,Brooklyn,NY,02/17/2026,Tuesday,40.68024236564245,-73.93137158188019,17,1.22,0.0,0.0,1.22,2
900599,072,Customer 072,7998 Main Street,Brooklyn,NY,02/17/2026,Tuesday,40.65171110205392,-73.9191771105472,9,0.4,0.0,0.0,0.4,1
900600,077,Customer 077,6085 Main Street,Brooklyn,NY,02/17/2026,Tuesday,40.68010726771517,-73.91396093950846,23,0.75,0.23,0.0,0.98,1
900602,083,Customer 083,5986 Main Street,Brooklyn,NY,02/17/2026,Tuesday,40.63287188101084,-74.16028394578468,16,3.44,0.0,0.0,3.44,1
900603,084,Customer 084,684 Main Street,Brooklyn,NY,02/17/2026,Tuesday,40.66480658774192,-73.9572281363883,15,0.67,0.23,0.0,0.9,1
900604,087,Customer 087,5141 Main Street,Brooklyn,NY,02/17/2026,Tuesday,40.66150707860249,-73.87346498223229,99,8.97,0.35,0.0,9.32,1
900605,089,Customer 089,5658 Main Street,Bronx,NY,02/17/2026,Tuesday,40.830728643622344,-73.89126472129591,33,7.92,0.0,0.25,8.17,1
900606,018,Customer 018,8245 Main Street,Bronx,NY,02/18/2026,Wednesday,40.84297611177931,-73.84592385676613,31,4.38,0.0,0.0,4.38,1
900607,019,Customer 019,5627 Main Street,Manhattan,NY,02/18/2026,Wednesday,40.778836484045,-73.98329931044094,4,0.83,0.35,0.0,1.18,1
900608,021,Customer 021,9536 Main Street,Brooklyn,NY,02/18/2026,Wednesday,40.68093339365346,-73.94670663597643,18,1.51,0.0,0.0,1.51,1
900609,024,Customer 024,1135 Main Street,Bronx,NY,02/18/2026,Wednesday,40.896883630705474,-73.85135085346376,7,0.62,0.35,0.0,0.97,1
900610,025,Customer 025,9167 Main Street,Brooklyn,NY,02/18/2026,Wednesday,40.69835136729073,-73.9158925078441,8,0.68,0.0,0.0,0.68,1
900611,026,Customer 026,6262 Main Street,Queens,NY,02/18/2026,Wednesday,40.67584687606802,-73.85557337127459,73,3.4,0.0,0.0,3.4,1
900612,028,Customer 028,1560 Main Street,Queens,NY,02/18/2026,Wednesday,40.71519521264396,-73.74349772371512,2,0.51,0.35,0.0,0.86,1
900614,041,Customer 041,3960 Main Street,New York,NY,02/18/2026,Wednesday,40.759382235947626,-73.93895415268634,21,0.58,0.0,0.25,0.83,1
900613,032,Customer 032,2444 Main Street,Bronx,NY,02/18/2026,Wednesday,40.853589534832395,-73.89464414584027,21,0.58,0.0,0.0,0.58,2
900615,055,Customer 055,806 Main Street,Queens,NY,02/18/2026,Wednesday,40.69661296220641,-73.82879015350318,25,8.17,0.03,0.0,8.2,1
900616,060,Customer 060,959 Main Street,Brooklyn,NY,02/18/2026,Wednesday,40.676333247614394,-73.88613509640518,24,0.94,0.12,0.0,1.06,1
900617,067,Customer 067,5436 Main Street,Bronx,NY,02/18/2026,Wednesday,40.86604266971237,-73.92623623009767,14,0.84,0.0,0.0,0.84,1
900618,082,Customer 082,4518 Main Street,Bronx,NY,02/18/2026,Wednesday,40.869718152184745,-73.87892875884225,70,0.89,0.0,0.0,0.89,1
900619,086,Customer 086,2904 Main Street,Bronx,NY,02/18/2026,Wednesday,40.85368960688969,-73.90929502876213,33,0.67,0.0,0.0,0.67,1
900620,092,Customer 092,3863 Main Street,Brooklyn,NY,02/18/2026,Wednesday,40.63740290973405,-73.92010562279191,35,5.08,0.0,0.0,5.08,1
900621,005,Customer 005,9593 Main Street,Queens,NY,02/19/2026,Thursday,40.69747391202919,-73.82905390354207,25,3.02,0.09,0.0,3.11,1
900626,035,Customer 035,3493 Main Street,Queens,NY,02/19/2026,Thursday,40.594970715995146,-73.77416307485291,1,0.72,0.0,0.0,0.72,1
900622,009,Customer 009,7811 Main Street,Queens,NY,02/19/2026,Thursday,40.600009486593315,-73.74405287870175,1,0.6,0.0,0.25,0.85,2
900630,043,Customer 043,9604 Main Street,Queens,NY,02/19/2026,Thursday,40.68152075934443,-73.85443641970784,1,0.43,0.1,0.0,0.53,3
900623,018,Customer 018,3671 Main Street,Bronx,NY,02/19/2026,Thursday,40.84297611177931,-73.84592385676613,31,4.68,0.0,0.0,4.68,1
900624,023,Customer 023,9662 Main Street,Queens,NY,02/19/2026,Thursday,40.76091447600587,-73.88181045003793,5,1.04,0.0,0.06,1.1,1
900628,040,Customer 040,2971 Main Street,Queens,NY,02/19/2026,Thursday,40.76395482312956,-73.91128512522792,5,0.48,0.0,0.0,0.48,2
900625,030,Customer 030,1258 Main Street,Brooklyn,NY,02/19/2026,Thursday,40.63878496266752,-73.97263862633669,17,2.61,0.0,0.0,2.61,1
900627,039,Customer 039,944 Main Street,Bronx,NY,02/19/2026,Thursday,40.84909985735391,-73.92113692416197,70,0.46,0.0,0.0,0.46,1
900629,042,Customer 042,5587 Main Street,Brooklyn,NY,02/19/2026,Thursday,40.63208584532311,-73.96647452968952,9,2.26,0.18,0.0,2.44,1
900631,048,Customer 048,992 Main Street,Queens,NY,02/19/2026,Thursday,40.75405265049564,-73.81832518415463,2,0.6,0.0,0.0,0.6,1
900634,056,Customer 056,3029 Main Street,Queens,NY,02/19/2026,Thursday,40.7572560717902,-73.91514119505781,2,0.95,0.0,0.0,0.95,2
900632,049,Customer 049,2110 Main Street,Bronx,NY,02/19/2026,Thursday,40.84161725986629,-73.90132809233144,7,0.48,0.0,0.0,0.48,1
900633,050,Customer 050,7505 Main Street,Bronx,NY,02/19/2026,Thursday,40.88504380789946,-73.85462851943738,7,1.01,0.0,0.0,1.01,2
900635,075,Customer 075,6845 Main Street,Manhattan,NY,02/19/2026,Thursday,40.70710965261643,-73.94500754484459,6,1.25,0.17,0.0,1.42,1
900636,078,Customer 078,9086 Main Street,Manhattan,NY,02/19/2026,Thursday,40.76169824334662,-73.94957140792144,21,0.66,0.13,0.0,0.79,1
900637,086,Customer 086,7569 Main Street,Bronx,NY,02/19/2026,Thursday,40.85368960688969,-73.90929502876213,33,0.89,0.35,0.0,1.24,1
900638,090,Customer 090,2614 Main Street,Queens,NY,02/19/2026,Thursday,40.66953057344241,-73.7824756165742,34,5.36,0.0,0.0,5.36,1
900639,093,Customer 093,3461 Main Street,Queens,NY,02/19/2026,Thursday,40.692614111895054,-73.84437929166077,36,4.53,0.0,0.0,4.53,1
900640,004,Customer 004,6728 Main Street,New York,NY,02/20/2026,Friday,40.81882756334608,-73.93725056647254,20,3.65,0.0,0.0,3.65,1
900641,005,Customer 005,2656 Main Street,Queens,NY,02/20/2026,Friday,40.69747391202919,-73.82905390354207,25,3.06,0.14,0.0,3.2,1
900647,061,Customer 061,6354 Main Street,Brooklyn,NY,02/20/2026,Friday,40.598422117306654,-73.94163633556525,15,1.01,0.0,0.0,1.01,1
900642,007,Customer 007,4848 Main Street,Brooklyn,NY,02/20/2026,Friday,40.63116428754058,-73.96665280296365,15,3.26,0.0,0.0,3.26,2
900643,008,Customer 008,9360 Main Street,Bronx,NY,02/20/2026,Friday,40.81813101864817,-73.90411620231987,70,1.55,0.0,0.0,1.55,1
900644,031,Customer 031,8481 Main Street,Bronx,NY,02/20/2026,Friday,40.85734534786821,-73.89474039555732,22,2.18,0.0,0.03,2.21,1
900645,051,Customer 051,1510 Main Street,Queens,NY,02/20/2026,Friday,40.60737229758411,-73.75316746816085,1,0.91,0.0,0.0,0.91,1
900646,054,Customer 054,9777 Main Street,Manhattan,NY,02/20/2026,Friday,40.70449809311375,-73.95658499114683,10,0.52,0.0,0.0,0.52,1
900648,064,Customer 064,7693 Main Street,Brooklyn,NY,02/20/2026,Friday,40.67139788117989,-73.9340888408256,23,1.52,0.19,0.0,1.71,1
900649,068,Customer 068,4813 Main Street,Brooklyn,NY,02/20/2026,Friday,40.63036297971589,-74.08136228889674,17,0.96,0.15,0.0,1.11,1
900650,073,Customer 073,6027 Main Street,Brooklyn,NY,02/20/2026,Friday,40.65052535821618,-73.96218340829046,8,0.76,0.16,0.25,1.17,1
900651,074,Customer 074,7899 Main Street,Bronx,NY,02/20/2026,Friday,40.87654063424415,-73.86675762676278,71,2.43,0.04,0.0,2.47,1
900652,079,Customer 079,7653 Main Street,Brooklyn,NY,02/20/2026,Friday,40.65822719611959,-73.92944076589842,24,1.63,0.13,0.0,1.76,1
900653,080,Customer 080,6973 Main Street,Queens,NY,02/20/2026,Friday,40.67620628689007,-73.74285399139629,2,0.56,0.0,0.0,0.56,1
900654,088,Customer 088,5280 Main Street,Bronx,NY,02/20/2026,Friday,40.85920015425595,-73.90056567901365,31,5.67,0.0,0.0,5.67,1
900672,091,Customer 091,586 Main Street,Queens,NY,02/23/2026,Monday,40.69772873982824,-73.8341823153853,45,0.78,0.0,0.0,0.78,1
900655,001,Customer 001,8044 Main Street,Bronx,NY,02/23/2026,Monday,40.82393494763585,-73.90903906592717,45,3.09,0.0,0.0,3.09,2
900656,003,Customer 003,3187 Main Street,Bronx,NY,02/23/2026,Monday,40.86555164559,-73.88702973397817,19,7.07,0.0,0.0,7.07,1
900657,005,Customer 005,9129 Main Street,Queens,NY,02/23/2026,Monday,40.69747391202919,-73.82905390354207,25,2.96,0.14,0.0,3.1,1
900658,010,Customer 010,6040 Main Street,Brooklyn,NY,02/23/2026,Monday,40.65654070000209,-73.91897014191731,6,0.43,0.35,0.0,0.78,1
900668,059,Customer 059,9175 Main Street,Brooklyn,NY,02/23/2026,Monday,40.67755950741335,-73.91187495774679,6,0.47,0.18,0.0,0.65,2
900659,015,Customer 015,2043 Main Street,Bronx,NY,02/23/2026,Monday,40.82239448550935,-73.91429829435131,21,0.44,0.0,0.0,0.44,1
900660,016,Customer 016,2153 Main Street,Bronx,NY,02/23/2026,Monday,40.854973107257365,-73.86437656576189,21,0.62,0.0,0.0,0.62,2
900661,018,Customer 018,408 Main Street,Bronx,NY,02/23/2026,Monday,40.84297611177931,-73.84592385676613,31,4.07,0.0,0.0,4.07,1
900662,020,Customer 020,8512 Main Street,Queens,NY,02/23/2026,Monday,40.70811449489744,-73.79898444261066,32,0.41,0.0,0.0,0.41,1
900663,021,Customer 021,5042 Main Street,Brooklyn,NY,02/23/2026,Monday,40.68093339365346,-73.94670663597643,18,1.38,0.0,0.25,1.63,1
900664,034,Customer 034,4062 Main Street,Manhattan,NY,02/23/2026,Monday,40.768896755175966,-73.95610818925888,3,1.33,0.0,0.08,1.41,1
900665,044,Customer 044,7877 Main Street,Brooklyn,NY,02/23/2026,Monday,40.685443993544496,-73.943950969423,73,0.56,0.0,0.0,0.56,1
900666,045,Customer 045,3063 Main Street,Brooklyn,NY,02/23/2026,Monday,40.63550402142037,-74.13303054062014,Bronx,0.9,0.0,0.0,0.9,1
900667,056,Customer 056,8188 Main Street,Queens,NY,02/23/2026,Monday,40.7572560717902,-73.91514119505781,2,0.73,0.0,0.0,0.73,1
900669,066,Customer 066,1823 Main Street,Brooklyn,NY,02/23/2026,Monday,40.66065294279969,-73.87876303673895,1,0.72,0.06,0.0,0.78,1
900670,067,Customer 067,6568 Main Street,Bronx,NY,02/23/2026,Monday,40.86604266971237,-73.92623623009767,14,0.81,0.0,0.0,0.81,1
900671,084,Customer 084,7895 Main Street,Brooklyn,NY,02/23/2026,Monday,40.66480658774192,-73.9572281363883,15,0.65,0.26,0.0,0.91,1
900678,036,Customer 036,6335 Main Street,New York,NY,02/24/2026,Tuesday,40.80325822563249,-73.93591692391615,14,0.53,0.0,0.4,0.93,1
900673,013,Customer 013,9055 Main Street,New York,NY,02/24/2026,Tuesday,40.81574307418728,-73.9379714247544,14,0.59,0.0,0.0,0.59,2
900677,029,Customer 029,5879 Main Street,Bronx,NY,02/24/2026,Tuesday,40.853619797063494,-73.90831990645347,14,1.85,0.0,0.0,1.85,3
900685,067,Customer 067,5045 Main Street,Bronx,NY,02/24/2026,Tuesday,40.86604266971237,-73.92623623009767,14,0.7,0.0,0.0,0.7,4
900674,014,Customer 014,2051 Main Street,Manhattan,NY,02/24/2026,Tuesday,40.76099884306126,-73.94084004193822,5,0.67,0.0,0.0,0.67,1
900679,041,Customer 041,1173 Main Street,New York,NY,02/24/2026,Tuesday,40.759382235947626,-73.93895415268634,21,0.46,0.0,0.0,0.46,1
900675,015,Customer 015,638 Main Street,Bronx,NY,02/24/2026,Tuesday,40.82239448550935,-73.91429829435131,21,0.47,0.0,0.0,0.47,2
900676,028,Customer 028,1013 Main Street,Queens,NY,02/24/2026,Tuesday,40.71519521264396,-73.74349772371512,2,0.51,0.0,0.0,0.51,1
900682,056,Customer 056,3405 Main Street,Queens,NY,02/24/2026,Tuesday,40.7572560717902,-73.91514119505781,2,0.69,0.0,0.0,0.69,2
900680,044,Customer 044,7021 Main Street,Brooklyn,NY,02/24/2026,Tuesday,40.685443993544496,-73.943950969423,73,0.52,0.35,0.0,0.87,1
900681,047,Customer 047,6288 Main Street,Manhattan,NY,02/24/2026,Tuesday,40.71773283828544,-73.98411846097412,3,0.56,0.0,0.0,0.56,1
900684,063,Customer 063,9797 Main Street,Brooklyn,NY,02/24/2026,Tuesday,40.689007393638555,-73.9173641706466,10,3.34,0.0,0.0,3.34,1
900683,062,Customer 062,3800 Main Street,Brooklyn,NY,02/24/2026,Tuesday,40.689239848977614,-73.91777406506378,10,1.72,0.0,0.0,1.72,2
900686,081,Customer 081,4489 Main Street,Brooklyn,NY,02/24/2026,Tuesday,40.68024236564245,-73.93137158188019,17,1.17,0.0,0.0,1.17,1
900687,083,Customer 083,9375 Main Street,Brooklyn,NY,02/24/2026,Tuesday,40.63287188101084,-74.16028394578468,16,3.96,0.0,0.0,3.96,1
900688,084,Customer 084,4038 Main Street,Brooklyn,NY,02/24/2026,Tuesday,40.66480658774192,-73.9572281363883,15,0.46,0.2,0.0,0.66,1
900689,087,Customer 087,1155 Main Street,Brooklyn,NY,02/24/2026,Tuesday,40.66150707860249,-73.87346498223229,99,8.75,0.0,0.0,8.75,1
900690,089,Customer 089,9950 Main Street,Bronx,NY,02/24/2026,Tuesday,40.830728643622344,-73.89126472129591,33,6.26,0.0,0.0,6.26,1
900699,041,Customer 041,2099 Main Street,New York,NY,02/25/2026,Wednesday,40.759382235947626,-73.93895415268634,21,0.49,0.0,0.0,0.49,1
900691,015,Customer 015,1141 Main Street,Bronx,NY,02/25/2026,Wednesday,40.82239448550935,-73.91429829435131,21,0.6,0.0,0.0,0.6,2
900698,032,Customer 032,445 Main Street,Bronx,NY,02/25/2026,Wednesday,40.853589534832395,-73.89464414584027,21,0.48,0.0,0.0,0.48,3
900692,018,Customer 018,2402 Main Street,Bronx,NY,02/25/2026,Wednesday,40.84297611177931,-73.84592385676613,31,4.5,0.35,0.0,4.85,1
900693,019,Customer 019,9609 Main Street,Manhattan,NY,02/25/2026,Wednesday,40.778836484045,-73.98329931044094,4,0.82,0.0,0.0,0.82,1
900694,021,Customer 021,2103 Main Street,Brooklyn,NY,02/25/2026,Wednesday,40.68093339365346,-73.94670663597643,18,1.25,0.0,0.0,1.25,1
900695,024,Customer 024,7028 Main Street,Bronx,NY,02/25/2026,Wednesday,40.896883630705474,-73.85135085346376,7,0.79,0.0,0.0,0.79,1
900696,025,Customer 025,6790 Main Street,Brooklyn,NY,02/25/2026,Wednesday,40.69835136729073,-73.9158925078441,8,0.67,0.0,0.0,0.67,1
900697,026,Customer 026,1950 Main Street,Queens,NY,02/25/2026,Wednesday,40.67584687606802,-73.85557337127459,73,3.98,0.0,0.0,3.98,1
900700,045,Customer 045,5029 Main Street,Brooklyn,NY,02/25/2026,Wednesday,40.63550402142037,-74.13303054062014,Bronx,1.04,0.0,0.0,1.04,1
900701,067,Customer 067,9073 Main Street,Bronx,NY,02/25/2026,Wednesday,40.86604266971237,-73.92623623009767,14,0.81,0.0,0.0,0.81,1
900702,082,Customer 082,6822 Main Street,Bronx,NY,02/25/2026,Wednesday,40.869718152184745,-73.87892875884225,70,1.04,0.0,0.0,1.04,1
900703,086,Customer 086,4716 Main Street,Bronx,NY,02/25/2026,Wednesday,40.85368960688969,-73.90929502876213,33,0.71,0.0,0.0,0.71,1
900704,005,Customer 005,7127 Main Street,Queens,NY,02/26/2026,Thursday,40.69747391202919,-73.82905390354207,25,2.98,0.09,0.0,3.07,1
900705,009,Customer 009,7533 Main Street,Queens,NY,02/26/2026,Thursday,40.600009486593315,-73.74405287870175,1,0.53,0.35,0.0,0.88,1
900706,018,Customer 018,4736 Main Street,Bronx,NY,02/26/2026,Thursday,40.84297611177931,-73.84592385676613,31,4.09,0.0,0.0,4.09,1
900707,030,Customer 030,3576 Main Street,Brooklyn,NY,02/26/2026,Thursday,40.63878496266752,-73.97263862633669,17,3.09,0.0,0.0,3.09,1
900708,039,Customer 039,9901 Main Street,Bronx,NY,02/26/2026,Thursday,40.84909985735391,-73.92113692416197,70,0.69,0.0,0.0,0.69,1
900709,040,Customer 040,6341 Main Street,Queens,NY,02/26/2026,Thursday,40.76395482312956,-73.91128512522792,5,0.58,0.35,0.0,0.93,1
900710,049,Customer 049,8790 Main Street,Bronx,NY,02/26/2026,Thursday,40.84161725986629,-73.90132809233144,7,0.6,0.0,0.0,0.6,1
900711,050,Customer 050,8279 Main Street,Bronx,NY,02/26/2026,Thursday,40.88504380789946,-73.85462851943738,7,0.89,0.0,0.0,0.89,2
900712,056,Customer 056,5228 Main Street,Queens,NY,02/26/2026,Thursday,40.7572560717902,-73.91514119505781,2,0.85,0.0,0.0,0.85,1
900713,086,Customer 086,3579 Main Street,Bronx,NY,02/26/2026,Thursday,40.85368960688969,-73.90929502876213,33,0.91,0.0,0.0,0.91,1
900714,093,Customer 093,2098 Main Street,Queens,NY,02/26/2026,Thursday,40.692614111895054,-73.84437929166077,36,4.73,0.0,0.25,4.98,1
900715,005,Customer 005,9835 Main Street,Queens,NY,02/27/2026,Friday,40.69747391202919,-73.82905390354207,25,2.93,0.1,0.0,3.03,1
900716,006,Customer 006,7523 Main Street,Manhattan,NY,02/27/2026,Friday,40.80740818873632,-73.96565982955099,4,0.74,0.35,0.0,1.09,1
900717,007,Customer 007,9425 Main Street,Brooklyn,NY,02/27/2026,Friday,40.63116428754058,-73.96665280296365,15,3.87,0.0,0.0,3.87,1
900718,008,Customer 008,1009 Main Street,Bronx,NY,02/27/2026,Friday,40.81813101864817,-73.90411620231987,70,1.62,0.0,0.0,1.62,1
900719,031,Customer 031,6458 Main Street,Bronx,NY,02/27/2026,Friday,40.85734534786821,-73.89474039555732,22,2.16,0.0,0.03,2.19,1
900720,051,Customer 051,5021 Main Street,Queens,NY,02/27/2026,Friday,40.60737229758411,-73.75316746816085,1,0.77,0.0,0.0,0.77,1
900721,064,Customer 064,7683 Main Street,Brooklyn,NY,02/27/2026,Friday,40.67139788117989,-73.9340888408256,23,1.36,0.18,0.0,1.54,1
900722,068,Customer 068,7554 Main Street,Brooklyn,NY,02/27/2026,Friday,40.63036297971589,-74.08136228889674,17,1.05,0.12,0.0,1.17,1
900723,074,Customer 074,4348 Main Street,Bronx,NY,02/27/2026,Friday,40.87654063424415,-73.86675762676278,71,2.06,0.02,0.0,2.08,1
900724,078,Customer 078,6737 Main Street,Manhattan,NY,02/27/2026,Friday,40.76169824334662,-73.94957140792144,21,0.55,0.1,0.0,0.65,1
900725,080,Customer 080,6010 Main Street,Queens,NY,02/27/2026,Friday,40.67620628689007,-73.74285399139629,2,0.7,0.0,0.0,0.7,1
900726,083,Customer 083,3226 Main Street,Brooklyn,NY,02/27/2026,Friday,40.63287188101084,-74.16028394578468,16,4.28,0.35,0.0,4.63,1
900727,085,Customer 085,2478 Main Street,Brooklyn,NY,02/27/2026,Friday,40.6758490834141,-73.87795663986044,11,1.02,0.13,0.0,1.15,1
900728,001,Customer 001,7464 Main Street,Bronx,NY,03/02/2026,Monday,40.82393494763585,-73.90903906592717,45,4.29,0.0,0.0,4.29,1
900729,003,Customer 003,229 Main Street,Bronx,NY,03/02/2026,Monday,40.86555164559,-73.88702973397817,19,8.55,0.0,0.25,8.8,1
900730,005,Customer 005,9580 Main Street,Queens,NY,03/02/2026,Monday,40.69747391202919,-73.82905390354207,25,2.65,0.1,0.0,2.75,1
900731,010,Customer 010,8093 Main Street,Brooklyn,NY,03/02/2026,Monday,40.65654070000209,-73.91897014191731,6,0.53,0.0,0.0,0.53,1
900746,059,Customer 059,4121 Main Street,Brooklyn,NY,03/02/2026,Monday,40.67755950741335,-73.91187495774679,6,0.48,0.16,0.0,0.64,2
900732,013,Customer 013,6934 Main Street,New York,NY,03/02/2026,Monday,40.81574307418728,-73.9379714247544,14,0.68,0.0,0.0,0.68,1
900743,052,Customer 052,8388 Main Street,Bronx,NY,03/02/2026,Monday,40.84586642009279,-73.89820757611032,14,1.25,0.0,0.0,1.25,2
900748,067,Customer 067,8576 Main Street,Bronx,NY,03/02/2026,Monday,40.86604266971237,-73.92623623009767,14,0.78,0.0,0.0,0.78,3
900733,015,Customer 015,7247 Main Street,Bronx,NY,03/02/2026,Monday,40.82239448550935,-73.91429829435131,21,0.54,0.0,0.0,0.54,1
900734,018,Customer 018,5656 Main Street,Bronx,NY,03/02/2026,Monday,40.84297611177931,-73.84592385676613,31,3.72,0.0,0.0,3.72,1
900735,020,Customer 020,6495 Main Street,Queens,NY,03/02/2026,Monday,40.70811449489744,-73.79898444261066,32,0.57,0.0,0.0,0.57,1
900736,021,Customer 021,7838 Main Street,Brooklyn,NY,03/02/2026,Monday,40.68093339365346,-73.94670663597643,18,1.6,0.0,0.0,1.6,1
900749,069,Customer 069,1107 Main Street,Queens,NY,03/02/2026,Monday,40.68901703882041,-73.80356301377114,2,0.61,0.08,0.0,0.69,1
900737,022,Customer 022,1512 Main Street,Queens,NY,03/02/2026,Monday,40.70649711069442,-73.756756602347,2,0.7,0.0,0.0,0.7,2
900745,056,Customer 056,7860 Main Street,Queens,NY,03/02/2026,Monday,40.7572560717902,-73.91514119505781,2,0.91,0.35,0.0,1.26,3
900738,027,Customer 027,3531 Main Street,Brooklyn,NY,03/02/2026,Monday,40.687360434885576,-73.98066195659537,9,0.61,0.0,0.0,0.61,1
900739,033,Customer 033,5633 Main Street,Bronx,NY,03/02/2026,Monday,40.88677507240233,-73.85199192252,7,1.0,0.0,0.0,1.0,1
900740,034,Customer 034,4324 Main Street,Manhattan,NY,03/02/2026,Monday,40.768896755175966,-73.95610818925888,3,1.64,0.0,0.06,1.7,1
900742,046,Customer 046,1769 Main Street,Manhattan,NY,03/02/2026,Monday,40.773204917119784,-73.95678092820883,3,1.44,0.0,0.0,1.44,2
900741,045,Customer 045,1917 Main Street,Brooklyn,NY,03/02/2026,Monday,40.63550402142037,-74.13303054062014,Bronx,1.04,0.0,0.0,1.04,1
900744,053,Customer 053,2357 Main Street,Queens,NY,03/02/2026,Monday,40.7618627220245,-73.88916852512102,5,2.5,0.0,0.0,2.5,1
900747,066,Customer 066,6027 Main Street,Brooklyn,NY,03/02/2026,Monday,40.66065294279969,-73.87876303673895,1,0.75,0.1,0.0,0.85,1
900750,070,Customer 070,9513 Main Street,Brooklyn,NY,03/02/2026,Monday,40.67439672491399,-73.9226282137167,11,0.64,0.0,0.0,0.64,1
900751,083,Customer 083,6718 Main Street,Brooklyn,NY,03/02/2026,Monday,40.63287188101084,-74.16028394578468,16,3.41,0.0,0.0,3.41,1
900752,084,Customer 084,7344 Main Street,Brooklyn,NY,03/02/2026,Monday,40.66480658774192,-73.9572281363883,15,0.5,0.25,0.0,0.75,1
900753,094,Customer 094,9140 Main Street,Queens,NY,03/02/2026,Monday,40.69384632036886,-73.84342565090739,37,5.2,0.0,0.0,5.2,1
900754,095,Customer 095,8946 Main Street,Queens,NY,03/02/2026,Monday,40.68727132626413,-73.82300862324279,38,4.24,0.0,0.25,4.49,1
900755,002,Customer 002,1909 Main Street,Queens,NY,03/03/2026,Tuesday,40.70595191172637,-73.75457110312014,25,0.73,0.05,0.0,0.78,1
900756,011,Customer 011,9628 Main Street,Brooklyn,NY,03/03/2026,Tuesday,40.652082455862505,-73.92481650340132,18,1.26,0.0,0.0,1.26,1
900761,036,Customer 036,8508 Main Street,New York,NY,03/03/2026,Tuesday,40.80325822563249,-73.93591692391615,14,0.51,0.0,0.47,0.98,1
900757,013,Customer 013,5839 Main Street,New York,NY,03/03/2026,Tuesday,40.81574307418728,-73.9379714247544,14,0.7,0.0,0.0,0.7,2
900760,029,Customer 029,7037 Main Street,Bronx,NY,03/03/2026,Tuesday,40.853619797063494,-73.90831990645347,14,2.08,0.0,0.0,2.08,3
900770,067,Customer 067,8977 Main Street,Bronx,NY,03/03/2026,Tuesday,40.86604266971237,-73.92623623009767,14,0.86,0.35,0.0,1.21,4
900762,041,Customer 041,9956 Main Street,New York,NY,03/03/2026,Tuesday,40.759382235947626,-73.93895415268634,21,0.61,0.0,0.0,0.61,1
900758,015,Customer 015,6287 Main Street,Bronx,NY,03/03/2026,Tuesday,40.82239448550935,-73.91429829435131,21,0.58,0.0,0.0,0.58,2
900759,028,Customer 028,9737 Main Street,Queens,NY,03/03/2026,Tuesday,40.71519521264396,-73.74349772371512,2,0.5,0.0,0.0,0.5,1
900766,056,Customer 056,2275 Main Street,Queens,NY,03/03/2026,Tuesday,40.7572560717902,-73.91514119505781,2,0.91,0.0,0.0,0.91,2
900763,044,Customer 044,5095 Main Street,Brooklyn,NY,03/03/2026,Tuesday,40.685443993544496,-73.943950969423,73,0.47,0.0,0.0,0.47,1
900764,047,Customer 047,897 Main Street,Manhattan,NY,03/03/2026,Tuesday,40.71773283828544,-73.98411846097412,3,0.58,0.0,0.0,0.58,1
900767,058,Customer 058,5428 Main Street,Manhattan,NY,03/03/2026,Tuesday,40.71874598664543,-73.98172887364404,3,0.5,0.04,0.0,0.54,2
900765,053,Customer 053,7983 Main Street,Queens,NY,03/03/2026,Tuesday,40.7618627220245,-73.88916852512102,5,2.2,0.35,0.25,2.8,1
900769,063,Customer 063,9471 Main Street,Brooklyn,NY,03/03/2026,Tuesday,40.689007393638555,-73.9173641706466,10,2.96,0.0,0.0,2.96,1
900768,062,Customer 062,7359 Main Street,Brooklyn,NY,03/03/2026,Tuesday,40.689239848977614,-73.91777406506378,10,2.52,0.0,0.25,2.77,2
900771,072,Customer 072,3044 Main Street,Brooklyn,NY,03/03/2026,Tuesday,40.65171110205392,-73.9191771105472,9,0.6,0.0,0.0,0.6,1
900772,077,Customer 077,5349 Main Street,Brooklyn,NY,03/03/2026,Tuesday,40.68010726771517,-73.91396093950846,23,0.96,0.14,0.0,1.1,1
900773,083,Customer 083,1727 Main Street,Brooklyn,NY,03/03/2026,Tuesday,40.63287188101084,-74.16028394578468,16,3.47,0.0,0.0,3.47,1
900774,084,Customer 084,2626 Main Street,Brooklyn,NY,03/03/2026,Tuesday,40.66480658774192,-73.9572281363883,15,0.52,0.19,0.0,0.71,1
900775,087,Customer 087,1058 Main Street,Brooklyn,NY,03/03/2026,Tuesday,40.66150707860249,-73.87346498223229,99,9.46,0.0,0.25,9.71,1
900776,089,Customer 089,2081 Main Street,Bronx,NY,03/03/2026,Tuesday,40.830728643622344,-73.89126472129591,33,5.88,0.0,0.0,5.88,1
900777,009,Customer 009,9188 Main Street,Queens,NY,03/04/2026,Wednesday,40.600009486593315,-73.74405287870175,1,0.52,0.0,0.0,0.52,1
900778,012,Customer 012,2432 Main Street,Brooklyn,NY,03/04/2026,Wednesday,40.636920669008184,-74.1652722110478,16,0.5,0.0,0.0,0.5,1
900779,014,Customer 014,9195 Main Street,Manhattan,NY,03/04/2026,Wednesday,40.76099884306126,-73.94084004193822,5,0.68,0.0,0.0,0.68,1
900788,041,Customer 041,3003 Main Street,New York,NY,03/04/2026,Wednesday,40.759382235947626,-73.93895415268634,21,0.58,0.0,0.0,0.58,1
900780,015,Customer 015,4839 Main Street,Bronx,NY,03/04/2026,Wednesday,40.82239448550935,-73.91429829435131,21,0.4,0.0,0.0,0.4,2
900787,032,Customer 032,8111 Main Street,Bronx,NY,03/04/2026,Wednesday,40.853589534832395,-73.89464414584027,21,0.44,0.0,0.0,0.44,3
900781,018,Customer 018,6328 Main Street,Bronx,NY,03/04/2026,Wednesday,40.84297611177931,-73.84592385676613,31,4.99,0.0,0.0,4.99,1
900782,019,Customer 019,4709 Main Street,Manhattan,NY,03/04/2026,Wednesday,40.778836484045,-73.98329931044094,4,0.91,0.0,0.0,0.91,1
900783,021,Customer 021,2114 Main Street,Brooklyn,NY,03/04/2026,Wednesday,40.68093339365346,-73.94670663597643,18,1.44,0.0,0.0,1.44,1
900784,024,Customer 024,5315 Main Street,Bronx,NY,03/04/2026,Wednesday,40.896883630705474,-73.85135085346376,7,0.83,0.0,0.0,0.83,1
900785,025,Customer 025,7517 Main Street,Brooklyn,NY,03/04/2026,Wednesday,40.69835136729073,-73.9158925078441,8,0.96,0.0,0.0,0.96,1
900786,026,Customer 026,9922 Main Street,Queens,NY,03/04/2026,Wednesday,40.67584687606802,-73.85557337127459,73,4.1,0.0,0.0,4.1,1
900789,048,Customer 048,5962 Main Street,Queens,NY,03/04/2026,Wednesday,40.75405265049564,-73.81832518415463,2,0.57,0.0,0.0,0.57,1
900791,056,Customer 056,4644 Main Street,Queens,NY,03/04/2026,Wednesday,40.7572560717902,-73.91514119505781,2,0.98,0.0,0.0,0.98,2
900790,055,Customer 055,3525 Main Street,Queens,NY,03/04/2026,Wednesday,40.69661296220641,-73.82879015350318,25,5.51,0.03,0.0,5.54,1
900792,057,Customer 057,9368 Main Street,Bronx,NY,03/04/2026,Wednesday,40.81995444568525,-73.89158623543398,70,0.51,0.36,0.0,0.87,1
900797,082,Customer 082,4195 Main Street,Bronx,NY,03/04/2026,Wednesday,40.869718152184745,-73.87892875884225,70,0.8,0.0,0.0,0.8,2
900796,079,Customer 079,1440 Main Street,Brooklyn,NY,03/04/2026,Wednesday,40.65822719611959,-73.92944076589842,24,1.78,0.08,0.0,1.86,1
900793,060,Customer 060,9437 Main Street,Brooklyn,NY,03/04/2026,Wednesday,40.676333247614394,-73.88613509640518,24,0.84,0.14,0.0,0.98,2
900794,067,Customer 067,7537 Main Street,Bronx,NY,03/04/2026,Wednesday,40.86604266971237,-73.92623623009767,14,0.87,0.0,0.0,0.87,1
900795,068,Customer 068,5392 Main Street,Brooklyn,NY,03/04/2026,Wednesday,40.63036297971589,-74.08136228889674,17,0.87,0.15,0.0,1.02,1
900798,085,Customer 085,493 Main Street,Brooklyn,NY,03/04/2026,Wednesday,40.6758490834141,-73.87795663986044,11,0.89,0.08,0.0,0.97,1
900799,086,Customer 086,1866 Main Street,Bronx,NY,03/04/2026,Wednesday,40.85368960688969,-73.90929502876213,33,0.84,0.0,0.0,0.84,1
900800,092,Customer 092,1667 Main Street,Brooklyn,NY,03/04/2026,Wednesday,40.63740290973405,-73.92010562279191,35,3.51,0.0,0.0,3.51,1
900801,005,Customer 005,5039 Main Street,Queens,NY,03/05/2026,Thursday,40.69747391202919,-73.82905390354207,25,2.29,0.13,0.0,2.42,1
900807,035,Customer 035,9266 Main Street,Queens,NY,03/05/2026,Thursday,40.594970715995146,-73.77416307485291,1,0.71,0.0,0.0,0.71,1
900802,009,Customer 009,6835 Main Street,Queens,NY,03/05/2026,Thursday,40.600009486593315,-73.74405287870175,1,0.41,0.0,0.0,0.41,2
900811,043,Customer 043,7743 Main Street,Queens,NY,03/05/2026,Thursday,40.68152075934443,-73.85443641970784,1,0.61,0.11,0.0,0.72,3
900803,013,Customer 013,1759 Main Street,New York,NY,03/05/2026,Thursday,40.81574307418728,-73.9379714247544,14,0.63,0.0,0.0,0.63,1
900804,018,Customer 018,1206 Main Street,Bronx,NY,03/05/2026,Thursday,40.84297611177931,-73.84592385676613,31,3.64,0.0,0.0,3.64,1
900805,023,Customer 023,3146 Main Street,Queens,NY,03/05/2026,Thursday,40.76091447600587,-73.88181045003793,5,1.06,0.0,0.05,1.11,1
900809,040,Customer 040,9576 Main Street,Queens,NY,03/05/2026,Thursday,40.76395482312956,-73.91128512522792,5,0.62,0.0,0.0,0.62,2
900806,030,Customer 030,2515 Main Street,Brooklyn,NY,03/05/2026,Thursday,40.63878496266752,-73.97263862633669,17,2.43,0.0,0.0,2.43,1
900808,039,Customer 039,7894 Main Street,Bronx,NY,03/05/2026,Thursday,40.84909985735391,-73.92113692416197,70,0.67,0.0,0.0,0.67,1
900810,042,Customer 042,791 Main Street,Brooklyn,NY,03/05/2026,Thursday,40.63208584532311,-73.96647452968952,9,2.01,0.14,0.0,2.15,1
900812,048,Customer 048,210 Main Street,Queens,NY,03/05/2026,Thursday,40.75405265049564,-73.81832518415463,2,0.57,0.0,0.0,0.57,1
900815,056,Customer 056,4389 Main Street,Queens,NY,03/05/2026,Thursday,40.7572560717902,-73.91514119505781,2,0.72,0.0,0.0,0.72,2
900813,049,Customer 049,4860 Main Street,Bronx,NY,03/05/2026,Thursday,40.84161725986629,-73.90132809233144,7,0.42,0.35,0.0,0.77,1
900814,050,Customer 050,586 Main Street,Bronx,NY,03/05/2026,Thursday,40.88504380789946,-73.85462851943738,7,1.05,0.0,0.0,1.05,2
900816,075,Customer 075,6231 Main Street,Manhattan,NY,03/05/2026,Thursday,40.70710965261643,-73.94500754484459,6,1.6,0.11,0.0,1.71,1
900817,078,Customer 078,8873 Main Street,Manhattan,NY,03/05/2026,Thursday,40.76169824334662,-73.94957140792144,21,0.79,0.14,0.0,0.93,1
900818,086,Customer 086,1162 Main Street,Bronx,NY,03/05/2026,Thursday,40.85368960688969,-73.90929502876213,33,0.79,0.0,0.0,0.79,1
900819,090,Customer 090,6225 Main Street,Queens,NY,03/05/2026,Thursday,40.66953057344241,-73.7824756165742,34,5.89,0.0,0.0,5.89,1
900820,093,Customer 093,9667 Main Street,Queens,NY,03/05/2026,Thursday,40.692614111895054,-73.84437929166077,36,4.34,0.0,0.0,4.34,1
900821,004,Customer 004,6229 Main Street,New York,NY,03/06/2026,Friday,40.81882756334608,-73.93725056647254,20,4.14,0.0,0.0,4.14,1
900822,005,Customer 005,8600 Main Street,Queens,NY,03/06/2026,Friday,40.69747391202919,-73.82905390354207,25,2.24,0.12,0.0,2.36,1
900835,065,Customer 065,6422 Main Street,Manhattan,NY,03/06/2026,Friday,40.76900862942308,-73.96497922070525,4,0.68,0.06,0.01,0.75,1
900823,006,Customer 006,7081 Main Street,Manhattan,NY,03/06/2026,Friday,40.80740818873632,-73.96565982955099,4,0.83,0.0,0.0,0.83,2
900833,061,Customer 061,5487 Main Street,Brooklyn,NY,03/06/2026,Friday,40.598422117306654,-73.94163633556525,15,0.73,0.0,0.0,0.73,1
900824,007,Customer 007,4573 Main Street,Brooklyn,NY,03/06/2026,Friday,40.63116428754058,-73.96665280296365,15,3.41,0.0,0.0,3.41,2
900825,008,Customer 008,5983 Main Street,Bronx,NY,03/06/2026,Friday,40.81813101864817,-73.90411620231987,70,1.2,0.0,0.0,1.2,1
900826,017,Customer 017,4196 Main Street,Brooklyn,NY,03/06/2026,Friday,40.68918573963909,-73.95966142657014,30,1.65,0.0,0.0,1.65,1
900840,080,Customer 080,9539 Main Street,Queens,NY,03/06/2026,Friday,40.67620628689007,-73.74285399139629,2,0.79,0.0,0.0,0.79,1
900827,028,Customer 028,6716 Main Street,Queens,NY,03/06/2026,Friday,40.71519521264396,-73.74349772371512,2,0.47,0.0,0.0,0.47,2
900828,031,Customer 031,2545 Main Street,Bronx,NY,03/06/2026,Friday,40.85734534786821,-73.89474039555732,22,1.8,0.0,0.04,1.84,1
900829,037,Customer 037,5681 Main Street,Brooklyn,NY,03/06/2026,Friday,40.6314761543859,-73.98026120703442,8,0.6,0.0,0.0,0.6,1
900838,073,Customer 073,7878 Main Street,Brooklyn,NY,03/06/2026,Friday,40.65052535821618,-73.96218340829046,8,0.73,0.15,0.0,0.88,2
900830,050,Customer 050,6967 Main Street,Bronx,NY,03/06/2026,Friday,40.88504380789946,-73.85462851943738,7,1.13,0.0,0.0,1.13,1
900831,051,Customer 051,5009 Main Street,Queens,NY,03/06/2026,Friday,40.60737229758411,-73.75316746816085,1,0.87,0.0,0.0,0.87,1
900832,054,Customer 054,5510 Main Street,Manhattan,NY,03/06/2026,Friday,40.70449809311375,-73.95658499114683,10,0.61,0.0,0.0,0.61,1
900834,064,Customer 064,625 Main Street,Brooklyn,NY,03/06/2026,Friday,40.67139788117989,-73.9340888408256,23,1.37,0.14,0.0,1.51,1
900836,068,Customer 068,2915 Main Street,Brooklyn,NY,03/06/2026,Friday,40.63036297971589,-74.08136228889674,17,0.73,0.1,0.0,0.83,1
900837,071,Customer 071,1226 Main Street,Manhattan,NY,03/06/2026,Friday,40.74827382831262,-73.98413653314174,3,0.62,0.0,0.02,0.64,1
900839,074,Customer 074,7619 Main Street,Bronx,NY,03/06/2026,Friday,40.87654063424415,-73.86675762676278,71,2.44,0.03,0.0,2.47,1
900841,083,Customer 083,4973 Main Street,Brooklyn,NY,03/06/2026,Friday,40.63287188101084,-74.16028394578468,16,4.47,0.0,0.0,4.47,1
900842,088,Customer 088,3105 Main Street,Bronx,NY,03/06/2026,Friday,40.85920015425595,-73.90056567901365,31,5.71,0.0,0.0,5.71,1
900864,091,Customer 091,2945 Main Street,Queens,NY,03/09/2026,Monday,40.69772873982824,-73.8341823153853,45,0.95,0.0,0.0,0.95,1
900843,001,Customer 001,3659 Main Street,Bronx,NY,03/09/2026,Monday,40.82393494763585,-73.90903906592717,45,4.22,0.35,0.0,4.57,2
900844,003,Customer 003,1823 Main Street,Bronx,NY,03/09/2026,Monday,40.86555164559,-73.88702973397817,19,9.25,0.0,0.0,9.25,1
900845,005,Customer 005,831 Main Street,Queens,NY,03/09/2026,Monday,40.69747391202919,-73.82905390354207,25,2.63,0.09,0.0,2.72,1
900846,010,Customer 010,275 Main Street,Brooklyn,NY,03/09/2026,Monday,40.65654070000209,-73.91897014191731,6,0.57,0.0,0.0,0.57,1
900858,059,Customer 059,5590 Main Street,Brooklyn,NY,03/09/2026,Monday,40.67755950741335,-73.91187495774679,6,0.47,0.17,0.0,0.64,2
900847,015,Customer 015,7271 Main Street,Bronx,NY,03/09/2026,Monday,40.82239448550935,-73.91429829435131,21,0.5,0.35,0.0,0.85,1
900848,016,Customer 016,395 Main Street,Bronx,NY,03/09/2026,Monday,40.854973107257365,-73.86437656576189,21,0.61,0.0,0.0,0.61,2
900849,018,Customer 018,283 Main Street,Bronx,NY,03/09/2026,Monday,40.84297611177931,-73.84592385676613,31,3.52,0.0,0.0,3.52,1
900850,020,Customer 020,8821 Main Street,Queens,NY,03/09/2026,Monday,40.70811449489744,-73.79898444261066,32,0.49,0.0,0.25,0.74,1
900851,021,Customer 021,1784 Main Street,Brooklyn,NY,03/09/2026,Monday,40.68093339365346,-73.94670663597643,18,1.52,0.0,0.0,1.52,1
900852,025,Customer 025,6238 Main Street,Brooklyn,NY,03/09/2026,Monday,40.69835136729073,-73.9158925078441,8,0.9,0.0,0.0,0.9,1
900853,028,Customer 028,1135 Main Street,Queens,NY,03/09/2026,Monday,40.71519521264396,-73.74349772371512,2,0.41,0.35,0.0,0.76,1
900857,056,Customer 056,2277 Main Street,Queens,NY,03/09/2026,Monday,40.7572560717902,-73.91514119505781,2,0.86,0.0,0.0,0.86,2
900854,034,Customer 034,9308 Main Street,Manhattan,NY,03/09/2026,Monday,40.768896755175966,-73.95610818925888,3,1.5,0.0,0.06,1.56,1
900861,066,Customer 066,2584 Main Street,Brooklyn,NY,03/09/2026,Monday,40.66065294279969,-73.87876303673895,1,0.62,0.07,0.0,0.69,1
900855,043,Customer 043,3706 Main Street,Queens,NY,03/09/2026,Monday,40.68152075934443,-73.85443641970784,1,0.55,0.07,0.0,0.62,2
900856,045,Customer 045,3680 Main Street,Brooklyn,NY,03/09/2026,Monday,40.63550402142037,-74.13303054062014,Bronx,0.92,0.0,0.25,1.17,1
900859,060,Customer 060,3908 Main Street,Brooklyn,NY,03/09/2026,Monday,40.676333247614394,-73.88613509640518,24,0.95,0.12,0.0,1.07,1
900860,063,Customer 063,3973 Main Street,Brooklyn,NY,03/09/2026,Monday,40.689007393638555,-73.9173641706466,10,2.19,0.0,0.0,2.19,1
900862,067,Customer 067,7370 Main Street,Bronx,NY,03/09/2026,Monday,40.86604266971237,-73.92623623009767,14,0.85,0.0,0.0,0.85,1
900863,084,Customer 084,6350 Main Street,Brooklyn,NY,03/09/2026,Monday,40.66480658774192,-73.9572281363883,15,0.62,0.27,0.0,0.89,1
900870,036,Customer 036,4282 Main Street,New York,NY,03/10/2026,Tuesday,40.80325822563249,-73.93591692391615,14,0.61,0.0,0.43,1.04,1
900865,013,Customer 013,7331 Main Street,New York,NY,03/10/2026,Tuesday,40.81574307418728,-73.9379714247544,14,0.8,0.0,0.0,0.8,2
900873,052,Customer 052,6615 Main Street,Bronx,NY,03/10/2026,Tuesday,40.84586642009279,-73.89820757611032,14,1.64,0.0,0.0,1.64,3
900869,029,Customer 029,6213 Main Street,Bronx,NY,03/10/2026,Tuesday,40.853619797063494,-73.90831990645347,14,2.2,0.0,0.0,2.2,4
900878,067,Customer 067,2300 Main Street,Bronx,NY,03/10/2026,Tuesday,40.86604266971237,-73.92623623009767,14,0.89,0.0,0.0,0.89,5
900871,041,Customer 041,7047 Main Street,New York,NY,03/10/2026,Tuesday,40.759382235947626,-73.93895415268634,21,0.48,0.35,0.0,0.83,1
900866,015,Customer 015,7997 Main Street,Bronx,NY,03/10/2026,Tuesday,40.82239448550935,-73.91429829435131,21,0.5,0.0,0.0,0.5,2
900867,016,Customer 016,5018 Main Street,Bronx,NY,03/10/2026,Tuesday,40.854973107257365,-73.86437656576189,21,0.51,0.0,0.0,0.51,3
900868,028,Customer 028,6231 Main Street,Queens,NY,03/10/2026,Tuesday,40.71519521264396,-73.74349772371512,2,0.44,0.35,0.0,0.79,1
900874,056,Customer 056,5051 Main Street,Queens,NY,03/10/2026,Tuesday,40.7572560717902,-73.91514119505781,2,0.94,0.0,0.0,0.94,2
900872,047,Customer 047,2514 Main Street,Manhattan,NY,03/10/2026,Tuesday,40.71773283828544,-73.98411846097412,3,0.55,0.0,0.0,0.55,1
900876,063,Customer 063,6620 Main Street,Brooklyn,NY,03/10/2026,Tuesday,40.689007393638555,-73.9173641706466,10,2.59,0.0,0.0,2.59,1
900875,062,Customer 062,9481 Main Street,Brooklyn,NY,03/10/2026,Tuesday,40.689239848977614,-73.91777406506378,10,2.54,0.0,0.0,2.54,2
900877,065,Customer 065,6945 Main Street,Manhattan,NY,03/10/2026,Tuesday,40.76900862942308,-73.96497922070525,4,0.56,0.09,0.01,0.66,1
900879,081,Customer 081,6288 Main Street,Brooklyn,NY,03/10/2026,Tuesday,40.68024236564245,-73.93137158188019,17,1.27,0.0,0.0,1.27,1
900880,083,Customer 083,1751 Main Street,Brooklyn,NY,03/10/2026,Tuesday,40.63287188101084,-74.16028394578468,16,2.99,0.0,0.0,2.99,1
900881,087,Customer 087,6254 Main Street,Brooklyn,NY,03/10/2026,Tuesday,40.66150707860249,-73.87346498223229,99,7.2,0.0,0.0,7.2,1
900882,089,Customer 089,5621 Main Street,Bronx,NY,03/10/2026,Tuesday,40.830728643622344,-73.89126472129591,33,7.77,0.0,0.0,7.77,1
900883,007,Customer 007,2375 Main Street,Brooklyn,NY,03/11/2026,Wednesday,40.63116428754058,-73.96665280296365,15,4.09,0.0,0.0,4.09,1
900891,041,Customer 041,8160 Main Street,New York,NY,03/11/2026,Wednesday,40.759382235947626,-73.93895415268634,21,0.55,0.0,0.0,0.55,1
900893,078,Customer 078,4963 Main Street,Manhattan,NY,03/11/2026,Wednesday,40.76169824334662,-73.94957140792144,21,0.77,0.11,0.0,0.88,2
900884,015,Customer 015,151 Main Street,Bronx,NY,03/11/2026,Wednesday,40.82239448550935,-73.91429829435131,21,0.6,0.0,0.0,0.6,3
900890,032,Customer 032,7225 Main Street,Bronx,NY,03/11/2026,Wednesday,40.853589534832395,-73.89464414584027,21,0.57,0.0,0.0,0.57,4
900885,018,Customer 018,5433 Main Street,Bronx,NY,03/11/2026,Wednesday,40.84297611177931,-73.84592385676613,31,3.32,0.0,0.25,3.57,1
900886,019,Customer 019,1433 Main Street,Manhattan,NY,03/11/2026,Wednesday,40.778836484045,-73.98329931044094,4,0.7,0.0,0.0,0.7,1
900887,021,Customer 021,1745 Main Street,Brooklyn,NY,03/11/2026,Wednesday,40.68093339365346,-73.94670663597643,18,1.67,0.0,0.0,1.67,1
900888,024,Customer 024,8367 Main Street,Bronx,NY,03/11/2026,Wednesday,40.896883630705474,-73.85135085346376,7,0.6,0.0,0.0,0.6,1
900889,026,Customer 026,7748 Main Street,Queens,NY,03/11/2026,Wednesday,40.67584687606802,-73.85557337127459,73,4.39,0.0,0.0,4.39,1
900892,067,Customer 067,8875 Main Street,Bronx,NY,03/11/2026,Wednesday,40.86604266971237,-73.92623623009767,14,0.83,0.35,0.25,1.43,1
900894,082,Customer 082,662 Main Street,Bronx,NY,03/11/2026,Wednesday,40.869718152184745,-73.87892875884225,70,0.77,0.0,0.0,0.77,1
900895,086,Customer 086,3634 Main Street,Bronx,NY,03/11/2026,Wednesday,40.85368960688969,-73.90929502876213,33,0.97,0.0,0.0,0.97,1
900896,005,Customer 005,2708 Main Street,Queens,NY,03/12/2026,Thursday,40.69747391202919,-73.82905390354207,25,2.61,0.14,0.0,2.75,1
900897,009,Customer 009,8748 Main Street,Queens,NY,03/12/2026,Thursday,40.600009486593315,-73.74405287870175,1,0.62,0.0,0.0,0.62,1
900898,018,Customer 018,2781 Main Street,Bronx,NY,03/12/2026,Thursday,40.84297611177931,-73.84592385676613,31,3.39,0.0,0.0,3.39,1
900899,023,Customer 023,6034 Main Street,Queens,NY,03/12/2026,Thursday,40.76091447600587,-73.88181045003793,5,1.28,0.0,0.05,1.33,1
900901,040,Customer 040,6250 Main Street,Queens,NY,03/12/2026,Thursday,40.76395482312956,-73.91128512522792,5,0.55,0.0,0.0,0.55,2
900900,030,Customer 030,7863 Main Street,Brooklyn,NY,03/12/2026,Thursday,40.63878496266752,-73.97263862633669,17,3.05,0.0,0.0,3.05,1
900902,049,Customer 049,8451 Main Street,Bronx,NY,03/12/2026,Thursday,40.84161725986629,-73.90132809233144,7,0.4,0.0,0.0,0.4,1
900903,050,Customer 050,1649 Main Street,Bronx,NY,03/12/2026,Thursday,40.88504380789946,-73.85462851943738,7,1.03,0.0,0.0,1.03,2
900904,056,Customer 056,8906 Main Street,Queens,NY,03/12/2026,Thursday,40.7572560717902,-73.91514119505781,2,0.67,0.35,0.0,1.02,1
900905,059,Customer 059,8104 Main Street,Brooklyn,NY,03/12/2026,Thursday,40.67755950741335,-73.91187495774679,6,0.53,0.14,0.0,0.67,1
900906,071,Customer 071,9522 Main Street,Manhattan,NY,03/12/2026,Thursday,40.74827382831262,-73.98413653314174,3,0.5,0.0,0.01,0.51,1
900907,083,Customer 083,4907 Main Street,Brooklyn,NY,03/12/2026,Thursday,40.63287188101084,-74.16028394578468,16,3.44,0.0,0.0,3.44,1
900908,086,Customer 086,5869 Main Street,Bronx,NY,03/12/2026,Thursday,40.85368960688969,-73.90929502876213,33,0.86,0.0,0.0,0.86,1
900909,093,Customer 093,9145 Main Street,Queens,NY,03/12/2026,Thursday,40.692614111895054,-73.84437929166077,36,5.07,0.0,0.0,5.07,1
900910,005,Customer 005,4264 Main Street,Queens,NY,03/13/2026,Friday,40.69747391202919,-73.82905390354207,25,3.22,0.1,0.0,3.32,1
900911,006,Customer 006,4513 Main Street,Manhattan,NY,03/13/2026,Friday,40.80740818873632,-73.96565982955099,4,0.96,0.0,0.0,0.96,1
900912,007,Customer 007,8479 Main Street,Brooklyn,NY,03/13/2026,Friday,40.63116428754058,-73.96665280296365,15,3.82,0.0,0.0,3.82,1
900913,008,Customer 008,7204 Main Street,Bronx,NY,03/13/2026,Friday,40.81813101864817,-73.90411620231987,70,1.34,0.0,0.0,1.34,1
900914,031,Customer 031,9474 Main Street,Bronx,NY,03/13/2026,Friday,40.85734534786821,-73.89474039555732,22,2.6,0.35,0.03,2.98,1
900915,047,Customer 047,6306 Main Street,Manhattan,NY,03/13/2026,Friday,40.71773283828544,-73.98411846097412,3,0.52,0.0,0.0,0.52,1
900916,051,Customer 051,6952 Main Street,Queens,NY,03/13/2026,Friday,40.60737229758411,-73.75316746816085,1,0.73,0.0,0.0,0.73,1
900917,064,Customer 064,1402 Main Street,Brooklyn,NY,03/13/2026,Friday,40.67139788117989,-73.9340888408256,23,1.6,0.16,0.0,1.76,1
900918,068,Customer 068,275 Main Street,Brooklyn,NY,03/13/2026,Friday,40.63036297971589,-74.08136228889674,17,0.74,0.12,0.0,0.86,1
900919,074,Customer 074,6743 Main Street,Bronx,NY,03/13/2026,Friday,40.87654063424415,-73.86675762676278,71,2.87,0.04,0.0,2.91,1
900920,075,Customer 075,7062 Main Street,Manhattan,NY,03/13/2026,Friday,40.70710965261643,-73.94500754484459,6,1.23,0.16,0.25,1.64,1
900921,080,Customer 080,793 Main Street,Queens,NY,03/13/2026,Friday,40.67620628689007,-73.74285399139629,2,0.77,0.0,0.0,0.77,1
900922,083,Customer 083,1330 Main Street,Brooklyn,NY,03/13/2026,Friday,40.63287188101084,-74.16028394578468,16,4.4,0.0,0.0,4.4,1
900948,091,Customer 091,8210 Main Street,Queens,NY,03/16/2026,Monday,40.69772873982824,-73.8341823153853,45,0.94,0.0,0.0,0.94,1
900923,001,Customer 001,9419 Main Street,Bronx,NY,03/16/2026,Monday,40.82393494763585,-73.90903906592717,45,3.91,0.0,0.25,4.16,2
900924,003,Customer 003,680 Main Street,Bronx,NY,03/16/2026,Monday,40.86555164559,-73.88702973397817,19,9.85,0.0,0.0,9.85,1
900925,005,Customer 005,7642 Main Street,Queens,NY,03/16/2026,Monday,40.69747391202919,-73.82905390354207,25,3.16,0.08,0.25,3.49,1
900926,008,Customer 008,1760 Main Street,Bronx,NY,03/16/2026,Monday,40.81813101864817,-73.90411620231987,70,1.63,0.0,0.0,1.63,1
900927,010,Customer 010,8085 Main Street,Brooklyn,NY,03/16/2026,Monday,40.65654070000209,-73.91897014191731,6,0.52,0.0,0.0,0.52,1
900943,059,Customer 059,2234 Main Street,Brooklyn,NY,03/16/2026,Monday,40.67755950741335,-73.91187495774679,6,0.43,0.15,0.0,0.58,2
900928,011,Customer 011,6232 Main Street,Brooklyn,NY,03/16/2026,Monday,40.652082455862505,-73.92481650340132,18,1.8,0.0,0.0,1.8,1
900933,021,Customer 021,6651 Main Street,Brooklyn,NY,03/16/2026,Monday,40.68093339365346,-73.94670663597643,18,1.4,0.0,0.0,1.4,2
900929,015,Customer 015,2751 Main Street,Bronx,NY,03/16/2026,Monday,40.82239448550935,-73.91429829435131,21,0.42,0.0,0.0,0.42,1
900935,032,Customer 032,7127 Main Street,Bronx,NY,03/16/2026,Monday,40.853589534832395,-73.89464414584027,21,0.51,0.0,0.0,0.51,2
900930,016,Customer 016,3351 Main Street,Bronx,NY,03/16/2026,Monday,40.854973107257365,-73.86437656576189,21,0.59,0.35,0.0,0.94,3
900931,018,Customer 018,617 Main Street,Bronx,NY,03/16/2026,Monday,40.84297611177931,-73.84592385676613,31,3.54,0.0,0.0,3.54,1
900932,020,Customer 020,6999 Main Street,Queens,NY,03/16/2026,Monday,40.70811449489744,-73.79898444261066,32,0.51,0.0,0.0,0.51,1
900934,022,Customer 022,1897 Main Street,Queens,NY,03/16/2026,Monday,40.70649711069442,-73.756756602347,2,0.72,0.0,0.0,0.72,1
900942,056,Customer 056,3128 Main Street,Queens,NY,03/16/2026,Monday,40.7572560717902,-73.91514119505781,2,0.8,0.0,0.0,0.8,2
900936,033,Customer 033,1984 Main Street,Bronx,NY,03/16/2026,Monday,40.88677507240233,-73.85199192252,7,0.73,0.0,0.0,0.73,1
900937,034,Customer 034,3350 Main Street,Manhattan,NY,03/16/2026,Monday,40.768896755175966,-73.95610818925888,3,1.9,0.0,0.08,1.98,1
900939,046,Customer 046,5120 Main Street,Manhattan,NY,03/16/2026,Monday,40.773204917119784,-73.95678092820883,3,1.05,0.35,0.0,1.4,2
900938,045,Customer 045,389 Main Street,Brooklyn,NY,03/16/2026,Monday,40.63550402142037,-74.13303054062014,Bronx,0.78,0.0,0.0,0.78,1
900940,052,Customer 052,5851 Main Street,Bronx,NY,03/16/2026,Monday,40.84586642009279,-73.89820757611032,14,1.18,0.0,0.0,1.18,1
900945,067,Customer 067,3220 Main Street,Bronx,NY,03/16/2026,Monday,40.86604266971237,-73.92623623009767,14,0.84,0.35,0.0,1.19,2
900941,053,Customer 053,108 Main Street,Queens,NY,03/16/2026,Monday,40.7618627220245,-73.88916852512102,5,1.91,0.0,0.0,1.91,1
900944,066,Customer 066,2237 Main Street,Brooklyn,NY,03/16/2026,Monday,40.66065294279969,-73.87876303673895,1,0.67,0.07,0.0,0.74,1
900946,070,Customer 070,7869 Main Street,Brooklyn,NY,03/16/2026,Monday,40.67439672491399,-73.9226282137167,11,0.95,0.0,0.0,0.95,1
900947,084,Customer 084,8355 Main Street,Brooklyn,NY,03/16/2026,Monday,40.66480658774192,-73.9572281363883,15,0.68,0.18,0.0,0.86,1
900949,094,Customer 094,6493 Main Street,Queens,NY,03/16/2026,Monday,40.69384632036886,-73.84342565090739,37,3.65,0.0,0.0,3.65,1
900950,095,Customer 095,3668 Main Street,Queens,NY,03/16/2026,Monday,40.68727132626413,-73.82300862324279,38,4.1,0.0,0.0,4.1,1
900951,011,Customer 011,4650 Main Street,Brooklyn,NY,03/17/2026,Tuesday,40.652082455862505,-73.92481650340132,18,1.63,0.0,0.0,1.63,1
900955,036,Customer 036,6579 Main Street,New York,NY,03/17/2026,Tuesday,40.80325822563249,-73.93591692391615,14,0.45,0.0,0.45,0.9,1
900952,013,Customer 013,3540 Main Street,New York,NY,03/17/2026,Tuesday,40.81574307418728,-73.9379714247544,14,0.75,0.0,0.0,0.75,2
900954,029,Customer 029,6358 Main Street,Bronx,NY,03/17/2026,Tuesday,40.853619797063494,-73.90831990645347,14,2.15,0.0,0.0,2.15,3
900963,067,Customer 067,2423 Main Street,Bronx,NY,03/17/2026,Tuesday,40.86604266971237,-73.92623623009767,14,0.73,0.0,0.0,0.73,4
900953,028,Customer 028,8904 Main Street,Queens,NY,03/17/2026,Tuesday,40.71519521264396,-73.74349772371512,2,0.62,0.0,0.0,0.62,1
900959,056,Customer 056,1469 Main Street,Queens,NY,03/17/2026,Tuesday,40.7572560717902,-73.91514119505781,2,0.86,0.35,0.0,1.21,2
900956,041,Customer 041,2985 Main Street,New York,NY,03/17/2026,Tuesday,40.759382235947626,-73.93895415268634,21,0.42,0.0,0.0,0.42,1
900957,044,Customer 044,3011 Main Street,Brooklyn,NY,03/17/2026,Tuesday,40.685443993544496,-73.943950969423,73,0.55,0.35,0.0,0.9,1
900958,047,Customer 047,6694 Main Street,Manhattan,NY,03/17/2026,Tuesday,40.71773283828544,-73.98411846097412,3,0.43,0.0,0.0,0.43,1
900960,061,Customer 061,1492 Main Street,Brooklyn,NY,03/17/2026,Tuesday,40.598422117306654,-73.94163633556525,15,1.02,0.0,0.0,1.02,1
900969,084,Customer 084,135 Main Street,Brooklyn,NY,03/17/2026,Tuesday,40.66480658774192,-73.9572281363883,15,0.65,0.27,0.25,1.17,2
900962,063,Customer 063,4482 Main Street,Brooklyn,NY,03/17/2026,Tuesday,40.689007393638555,-73.9173641706466,10,2.75,0.0,0.0,2.75,1
900961,062,Customer 062,2772 Main Street,Brooklyn,NY,03/17/2026,Tuesday,40.689239848977614,-73.91777406506378,10,2.12,0.0,0.0,2.12,2
900964,068,Customer 068,5888 Main Street,Brooklyn,NY,03/17/2026,Tuesday,40.63036297971589,-74.08136228889674,17,0.79,0.11,0.0,0.9,1
900967,081,Customer 081,5040 Main Street,Brooklyn,NY,03/17/2026,Tuesday,40.68024236564245,-73.93137158188019,17,1.14,0.0,0.0,1.14,2
900965,072,Customer 072,2878 Main Street,Brooklyn,NY,03/17/2026,Tuesday,40.65171110205392,-73.9191771105472,9,0.6,0.0,0.0,0.6,1
900966,077,Customer 077,1489 Main Street,Brooklyn,NY,03/17/2026,Tuesday,40.68010726771517,-73.91396093950846,23,0.86,0.16,0.0,1.02,1
900968,083,Customer 083,6147 Main Street,Brooklyn,NY,03/17/2026,Tuesday,40.63287188101084,-74.16028394578468,16,4.39,0.0,0.0,4.39,1
900970,087,Customer 087,7938 Main Street,Brooklyn,NY,03/17/2026,Tuesday,40.66150707860249,-73.87346498223229,99,7.61,0.0,0.0,7.61,1
900971,089,Customer 089,5392 Main Street,Bronx,NY,03/17/2026,Tuesday,40.830728643622344,-73.89126472129591,33,6.75,0.0,0.0,6.75,1
900972,012,Customer 012,3693 Main Street,Brooklyn,NY,03/18/2026,Wednesday,40.636920669008184,-74.1652722110478,16,0.53,0.0,0.0,0.53,1
900982,041,Customer 041,2669 Main Street,New York,NY,03/18/2026,Wednesday,40.759382235947626,-73.93895415268634,21,0.51,0.0,0.0,0.51,1
900980,032,Customer 032,316 Main Street,Bronx,NY,03/18/2026,Wednesday,40.853589534832395,-73.89464414584027,21,0.56,0.0,0.0,0.56,2
900973,016,Customer 016,1076 Main Street,Bronx,NY,03/18/2026,Wednesday,40.854973107257365,-73.86437656576189,21,0.55,0.0,0.0,0.55,3
900974,018,Customer 018,7643 Main Street,Bronx,NY,03/18/2026,Wednesday,40.84297611177931,-73.84592385676613,31,4.86,0.0,0.0,4.86,1
900975,019,Customer 019,4073 Main Street,Manhattan,NY,03/18/2026,Wednesday,40.778836484045,-73.98329931044094,4,0.92,0.0,0.0,0.92,1
900976,021,Customer 021,2444 Main Street,Brooklyn,NY,03/18/2026,Wednesday,40.68093339365346,-73.94670663597643,18,1.55,0.0,0.0,1.55,1
900977,024,Customer 024,1308 Main Street,Bronx,NY,03/18/2026,Wednesday,40.896883630705474,-73.85135085346376,7,0.67,0.0,0.0,0.67,1
900978,025,Customer 025,2414 Main Street,Brooklyn,NY,03/18/2026,Wednesday,40.69835136729073,-73.9158925078441,8,0.84,0.0,0.0,0.84,1
900979,026,Customer 026,2552 Main Street,Queens,NY,03/18/2026,Wednesday,40.67584687606802,-73.85557337127459,73,3.12,0.0,0.0,3.12,1
900981,038,Customer 038,7543 Main Street,Manhattan,NY,03/18/2026,Wednesday,40.717842608430665,-73.9892410907712,3,0.59,0.0,0.0,0.59,1
900983,055,Customer 055,995 Main Street,Queens,NY,03/18/2026,Wednesday,40.69661296220641,-73.82879015350318,25,7.38,0.03,0.0,7.41,1
900984,060,Customer 060,4723 Main Street,Brooklyn,NY,03/18/2026,Wednesday,40.676333247614394,-73.88613509640518,24,0.84,0.14,0.25,1.23,1
900985,064,Customer 064,630 Main Street,Brooklyn,NY,03/18/2026,Wednesday,40.67139788117989,-73.9340888408256,23,1.97,0.15,0.0,2.12,1
900986,067,Customer 067,887 Main Street,Bronx,NY,03/18/2026,Wednesday,40.86604266971237,-73.92623623009767,14,0.64,0.0,0.0,0.64,1
900987,070,Customer 070,3292 Main Street,Brooklyn,NY,03/18/2026,Wednesday,40.67439672491399,-73.9226282137167,11,0.75,0.0,0.0,0.75,1
900988,082,Customer 082,2741 Main Street,Bronx,NY,03/18/2026,Wednesday,40.869718152184745,-73.87892875884225,70,0.9,0.0,0.25,1.15,1
900989,086,Customer 086,2407 Main Street,Bronx,NY,03/18/2026,Wednesday,40.85368960688969,-73.90929502876213,33,0.87,0.0,0.0,0.87,1
900990,092,Customer 092,5654 Main Street,Brooklyn,NY,03/18/2026,Wednesday,40.63740290973405,-73.92010562279191,35,5.13,0.0,0.0,5.13,1
900991,005,Customer 005,8251 Main Street,Queens,NY,03/19/2026,Thursday,40.69747391202919,-73.82905390354207,25,2.87,0.14,0.0,3.01,1
900992,007,Customer 007,1528 Main Street,Brooklyn,NY,03/19/2026,Thursday,40.63116428754058,-73.96665280296365,15,3.93,0.0,0.0,3.93,1
900998,035,Customer 035,7716 Main Street,Queens,NY,03/19/2026,Thursday,40.594970715995146,-73.77416307485291,1,0.62,0.0,0.0,0.62,1
900993,009,Customer 009,9545 Main Street,Queens,NY,03/19/2026,Thursday,40.600009486593315,-73.74405287870175,1,0.44,0.0,0.25,0.69,2
901002,043,Customer 043,6022 Main Street,Queens,NY,03/19/2026,Thursday,40.68152075934443,-73.85443641970784,1,0.41,0.11,0.0,0.52,3
900994,018,Customer 018,748 Main Street,Bronx,NY,03/19/2026,Thursday,40.84297611177931,-73.84592385676613,31,3.55,0.0,0.0,3.55,1
900995,023,Customer 023,5238 Main Street,Queens,NY,03/19/2026,Thursday,40.76091447600587,-73.88181045003793,5,1.1,0.0,0.05,1.15,1
901000,040,Customer 040,7902 Main Street,Queens,NY,03/19/2026,Thursday,40.76395482312956,-73.91128512522792,5,0.62,0.0,0.0,0.62,2
900996,030,Customer 030,9288 Main Street,Brooklyn,NY,03/19/2026,Thursday,40.63878496266752,-73.97263862633669,17,2.82,0.0,0.0,2.82,1
900997,031,Customer 031,6641 Main Street,Bronx,NY,03/19/2026,Thursday,40.85734534786821,-73.89474039555732,22,2.65,0.0,0.02,2.67,1
900999,039,Customer 039,1156 Main Street,Bronx,NY,03/19/2026,Thursday,40.84909985735391,-73.92113692416197,70,0.54,0.0,0.0,0.54,1
901001,042,Customer 042,3597 Main Street,Brooklyn,NY,03/19/2026,Thursday,40.63208584532311,-73.96647452968952,9,2.24,0.2,0.0,2.44,1
901003,049,Customer 049,4587 Main Street,Bronx,NY,03/19/2026,Thursday,40.84161725986629,-73.90132809233144,7,0.46,0.0,0.0,0.46,1
901004,050,Customer 050,8697 Main Street,Bronx,NY,03/19/2026,Thursday,40.88504380789946,-73.85462851943738,7,0.91,0.0,0.0,0.91,2
901005,056,Customer 056,6966 Main Street,Queens,NY,03/19/2026,Thursday,40.7572560717902,-73.91514119505781,2,0.97,0.0,0.0,0.97,1
901006,075,Customer 075,8282 Main Street,Manhattan,NY,03/19/2026,Thursday,40.70710965261643,-73.94500754484459,6,1.12,0.17,0.0,1.29,1
901007,078,Customer 078,7481 Main Street,Manhattan,NY,03/19/2026,Thursday,40.76169824334662,-73.94957140792144,21,0.64,0.12,0.25,1.01,1
901008,086,Customer 086,3641 Main Street,Bronx,NY,03/19/2026,Thursday,40.85368960688969,-73.90929502876213,33,0.86,0.0,0.0,0.86,1
901009,090,Customer 090,5129 Main Street,Queens,NY,03/19/2026,Thursday,40.66953057344241,-73.7824756165742,34,4.9,0.0,0.25,5.15,1
901010,093,Customer 093,5870 Main Street,Queens,NY,03/19/2026,Thursday,40.692614111895054,-73.84437929166077,36,4.67,0.0,0.0,4.67,1
901011,004,Customer 004,7241 Main Street,New York,NY,03/20/2026,Friday,40.81882756334608,-73.93725056647254,20,4.05,0.0,0.0,4.05,1
901012,005,Customer 005,4740 Main Street,Queens,NY,03/20/2026,Friday,40.69747391202919,-73.82905390354207,25,3.15,0.12,0.0,3.27,1
901013,006,Customer 006,1535 Main Street,Manhattan,NY,03/20/2026,Friday,40.80740818873632,-73.96565982955099,4,0.96,0.0,0.0,0.96,1
901021,061,Customer 061,3156 Main Street,Brooklyn,NY,03/20/2026,Friday,40.598422117306654,-73.94163633556525,15,1.1,0.0,0.0,1.1,1
901014,007,Customer 007,6838 Main Street,Brooklyn,NY,03/20/2026,Friday,40.63116428754058,-73.96665280296365,15,2.9,0.0,0.0,2.9,2
901015,008,Customer 008,7376 Main Street,Bronx,NY,03/20/2026,Friday,40.81813101864817,-73.90411620231987,70,1.55,0.0,0.0,1.55,1
901016,017,Customer 017,7701 Main Street,Brooklyn,NY,03/20/2026,Friday,40.68918573963909,-73.95966142657014,30,1.94,0.0,0.0,1.94,1
901026,080,Customer 080,615 Main Street,Queens,NY,03/20/2026,Friday,40.67620628689007,-73.74285399139629,2,0.61,0.0,0.0,0.61,1
901017,022,Customer 022,4433 Main Street,Queens,NY,03/20/2026,Friday,40.70649711069442,-73.756756602347,2,0.57,0.0,0.0,0.57,2
901018,027,Customer 027,6234 Main Street,Brooklyn,NY,03/20/2026,Friday,40.687360434885576,-73.98066195659537,9,0.75,0.35,0.25,1.35,1
901019,031,Customer 031,9205 Main Street,Bronx,NY,03/20/2026,Friday,40.85734534786821,-73.89474039555732,22,1.96,0.0,0.03,1.99,1
901020,051,Customer 051,3438 Main Street,Queens,NY,03/20/2026,Friday,40.60737229758411,-73.75316746816085,1,0.7,0.0,0.0,0.7,1
901022,064,Customer 064,6294 Main Street,Brooklyn,NY,03/20/2026,Friday,40.67139788117989,-73.9340888408256,23,1.69,0.15,0.0,1.84,1
901023,068,Customer 068,1794 Main Street,Brooklyn,NY,03/20/2026,Friday,40.63036297971589,-74.08136228889674,17,0.95,0.15,0.0,1.1,1
901024,073,Customer 073,3507 Main Street,Brooklyn,NY,03/20/2026,Friday,40.65052535821618,-73.96218340829046,8,0.72,0.09,0.0,0.81,1
901025,074,Customer 074,1350 Main Street,Bronx,NY,03/20/2026,Friday,40.87654063424415,-73.86675762676278,71,2.35,0.02,0.25,2.62,1
901027,083,Customer 083,8648 Main Street,Brooklyn,NY,03/20/2026,Friday,40.63287188101084,-74.16028394578468,16,4.59,0.0,0.25,4.84,1
901045,091,Customer 091,4953 Main Street,Queens,NY,03/23/2026,Monday,40.69772873982824,-73.8341823153853,45,0.87,0.0,0.0,0.87,1
901028,001,Customer 001,5810 Main Street,Bronx,NY,03/23/2026,Monday,40.82393494763585,-73.90903906592717,45,3.53,0.0,0.0,3.53,2
901029,003,Customer 003,6652 Main Street,Bronx,NY,03/23/2026,Monday,40.86555164559,-73.88702973397817,19,8.17,0.0,0.0,8.17,1
901030,005,Customer 005,6536 Main Street,Queens,NY,03/23/2026,Monday,40.69747391202919,-73.82905390354207,25,2.37,0.13,0.0,2.5,1
901031,010,Customer 010,9870 Main Street,Brooklyn,NY,03/23/2026,Monday,40.65654070000209,-73.91897014191731,6,0.56,0.0,0.0,0.56,1
901040,059,Customer 059,6544 Main Street,Brooklyn,NY,03/23/2026,Monday,40.67755950741335,-73.91187495774679,6,0.53,0.12,0.0,0.65,2
901032,015,Customer 015,1152 Main Street,Bronx,NY,03/23/2026,Monday,40.82239448550935,-73.91429829435131,21,0.53,0.0,0.0,0.53,1
901033,016,Customer 016,6814 Main Street,Bronx,NY,03/23/2026,Monday,40.854973107257365,-73.86437656576189,21,0.62,0.0,0.0,0.62,2
901034,018,Customer 018,590 Main Street,Bronx,NY,03/23/2026,Monday,40.84297611177931,-73.84592385676613,31,4.48,0.0,0.0,4.48,1
901035,020,Customer 020,3625 Main Street,Queens,NY,03/23/2026,Monday,40.70811449489744,-73.79898444261066,32,0.5,0.0,0.0,0.5,1
901036,021,Customer 021,5319 Main Street,Brooklyn,NY,03/23/2026,Monday,40.68093339365346,-73.94670663597643,18,1.32,0.0,0.0,1.32,1
901037,034,Customer 034,7009 Main Street,Manhattan,NY,03/23/2026,Monday,40.768896755175966,-73.95610818925888,3,1.77,0.0,0.07,1.84,1
901038,045,Customer 045,392 Main Street,Brooklyn,NY,03/23/2026,Monday,40.63550402142037,-74.13303054062014,Bronx,0.9,0.0,0.25,1.15,1
901039,056,Customer 056,5031 Main Street,Queens,NY,03/23/2026,Monday,40.7572560717902,-73.91514119505781,2,0.66,0.35,0.0,1.01,1
901041,066,Customer 066,2373 Main Street,Brooklyn,NY,03/23/2026,Monday,40.66065294279969,-73.87876303673895,1,0.63,0.07,0.0,0.7,1
901042,067,Customer 067,2888 Main Street,Bronx,NY,03/23/2026,Monday,40.86604266971237,-73.92623623009767,14,0.74,0.0,0.0,0.74,1
901043,073,Customer 073,805 Main Street,Brooklyn,NY,03/23/2026,Monday,40.65052535821618,-73.96218340829046,8,0.91,0.09,0.0,1.0,1
901044,084,Customer 084,6871 Main Street,Brooklyn,NY,03/23/2026,Monday,40.66480658774192,-73.9572281363883,15,0.67,0.28,0.0,0.95,1
901050,036,Customer 036,7023 Main Street,New York,NY,03/24/2026,Tuesday,40.80325822563249,-73.93591692391615,14,0.42,0.0,0.42,0.84,1
901046,013,Customer 013,7538 Main Street,New York,NY,03/24/2026,Tuesday,40.81574307418728,-73.9379714247544,14,0.67,0.0,0.0,0.67,2
901049,029,Customer 029,9116 Main Street,Bronx,NY,03/24/2026,Tuesday,40.853619797063494,-73.90831990645347,14,1.88,0.0,0.0,1.88,3
901059,067,Customer 067,5599 Main Street,Bronx,NY,03/24/2026,Tuesday,40.86604266971237,-73.92623623009767,14,0.89,0.0,0.0,0.89,4
901051,041,Customer 041,4178 Main Street,New York,NY,03/24/2026,Tuesday,40.759382235947626,-73.93895415268634,21,0.52,0.0,0.25,0.77,1
901047,015,Customer 015,6417 Main Street,Bronx,NY,03/24/2026,Tuesday,40.82239448550935,-73.91429829435131,21,0.42,0.0,0.0,0.42,2
901048,028,Customer 028,568 Main Street,Queens,NY,03/24/2026,Tuesday,40.71519521264396,-73.74349772371512,2,0.45,0.0,0.0,0.45,1
901055,056,Customer 056,5542 Main Street,Queens,NY,03/24/2026,Tuesday,40.7572560717902,-73.91514119505781,2,0.69,0.0,0.0,0.69,2
901052,044,Customer 044,1755 Main Street,Brooklyn,NY,03/24/2026,Tuesday,40.685443993544496,-73.943950969423,73,0.41,0.0,0.25,0.66,1
901053,047,Customer 047,4495 Main Street,Manhattan,NY,03/24/2026,Tuesday,40.71773283828544,-73.98411846097412,3,0.49,0.0,0.0,0.49,1
901058,063,Customer 063,9394 Main Street,Brooklyn,NY,03/24/2026,Tuesday,40.689007393638555,-73.9173641706466,10,2.47,0.0,0.0,2.47,1
901057,062,Customer 062,116 Main Street,Brooklyn,NY,03/24/2026,Tuesday,40.689239848977614,-73.91777406506378,10,1.68,0.0,0.0,1.68,2
901054,054,Customer 054,5102 Main Street,Manhattan,NY,03/24/2026,Tuesday,40.70449809311375,-73.95658499114683,10,0.44,0.0,0.0,0.44,3
901056,059,Customer 059,4422 Main Street,Brooklyn,NY,03/24/2026,Tuesday,40.67755950741335,-73.91187495774679,6,0.51,0.13,0.0,0.64,1
901060,074,Customer 074,9860 Main Street,Bronx,NY,03/24/2026,Tuesday,40.87654063424415,-73.86675762676278,71,2.2,0.03,0.0,2.23,1
901061,081,Customer 081,9563 Main Street,Brooklyn,NY,03/24/2026,Tuesday,40.68024236564245,-73.93137158188019,17,1.33,0.0,0.25,1.58,1
901062,083,Customer 083,6289 Main Street,Brooklyn,NY,03/24/2026,Tuesday,40.63287188101084,-74.16028394578468,16,3.54,0.0,0.0,3.54,1
901063,084,Customer 084,7460 Main Street,Brooklyn,NY,03/24/2026,Tuesday,40.66480658774192,-73.9572281363883,15,0.69,0.29,0.0,0.98,1
901064,087,Customer 087,9752 Main Street,Brooklyn,NY,03/24/2026,Tuesday,40.66150707860249,-73.87346498223229,99,10.63,0.0,0.0,10.63,1
901065,089,Customer 089,5724 Main Street,Bronx,NY,03/24/2026,Tuesday,40.830728643622344,-73.89126472129591,33,6.39,0.35,0.0,6.74,1
901066,002,Customer 002,8671 Main Street,Queens,NY,03/25/2026,Wednesday,40.70595191172637,-73.75457110312014,25,0.78,0.04,0.0,0.82,1
901067,009,Customer 009,971 Main Street,Queens,NY,03/25/2026,Wednesday,40.600009486593315,-73.74405287870175,1,0.41,0.0,0.0,0.41,1
901068,011,Customer 011,2356 Main Street,Brooklyn,NY,03/25/2026,Wednesday,40.652082455862505,-73.92481650340132,18,1.5,0.0,0.25,1.75,1
901072,021,Customer 021,5383 Main Street,Brooklyn,NY,03/25/2026,Wednesday,40.68093339365346,-73.94670663597643,18,1.46,0.0,0.0,1.46,2
901077,041,Customer 041,197 Main Street,New York,NY,03/25/2026,Wednesday,40.759382235947626,-73.93895415268634,21,0.41,0.0,0.0,0.41,1
901069,015,Customer 015,4534 Main Street,Bronx,NY,03/25/2026,Wednesday,40.82239448550935,-73.91429829435131,21,0.57,0.0,0.0,0.57,2
901076,032,Customer 032,6996 Main Street,Bronx,NY,03/25/2026,Wednesday,40.853589534832395,-73.89464414584027,21,0.5,0.0,0.25,0.75,3
901070,018,Customer 018,5910 Main Street,Bronx,NY,03/25/2026,Wednesday,40.84297611177931,-73.84592385676613,31,4.99,0.0,0.25,5.24,1
901071,019,Customer 019,1707 Main Street,Manhattan,NY,03/25/2026,Wednesday,40.778836484045,-73.98329931044094,4,0.85,0.0,0.0,0.85,1
901073,024,Customer 024,5097 Main Street,Bronx,NY,03/25/2026,Wednesday,40.896883630705474,-73.85135085346376,7,0.63,0.0,0.0,0.63,1
901074,025,Customer 025,6259 Main Street,Brooklyn,NY,03/25/2026,Wednesday,40.69835136729073,-73.9158925078441,8,0.83,0.0,0.0,0.83,1
901075,026,Customer 026,5232 Main Street,Queens,NY,03/25/2026,Wednesday,40.67584687606802,-73.85557337127459,73,4.39,0.35,0.0,4.74,1
901078,067,Customer 067,3388 Main Street,Bronx,NY,03/25/2026,Wednesday,40.86604266971237,-73.92623623009767,14,0.88,0.0,0.0,0.88,1
901079,069,Customer 069,3447 Main Street,Queens,NY,03/25/2026,Wednesday,40.68901703882041,-73.80356301377114,2,0.69,0.05,0.0,0.74,1
901080,082,Customer 082,454 Main Street,Bronx,NY,03/25/2026,Wednesday,40.869718152184745,-73.87892875884225,70,0.97,0.0,0.0,0.97,1
901081,086,Customer 086,4851 Main Street,Bronx,NY,03/25/2026,Wednesday,40.85368960688969,-73.90929502876213,33,0.88,0.0,0.0,0.88,1
901082,005,Customer 005,7382 Main Street,Queens,NY,03/26/2026,Thursday,40.69747391202919,-73.82905390354207,25,2.18,0.12,0.0,2.3,1
901083,009,Customer 009,5961 Main Street,Queens,NY,03/26/2026,Thursday,40.600009486593315,-73.74405287870175,1,0.56,0.0,0.0,0.56,1
901084,018,Customer 018,2394 Main Street,Bronx,NY,03/26/2026,Thursday,40.84297611177931,-73.84592385676613,31,4.33,0.0,0.0,4.33,1
901085,023,Customer 023,3055 Main Street,Queens,NY,03/26/2026,Thursday,40.76091447600587,-73.88181045003793,5,1.2,0.0,0.05,1.25,1
901088,040,Customer 040,1114 Main Street,Queens,NY,03/26/2026,Thursday,40.76395482312956,-73.91128512522792,5,0.49,0.0,0.0,0.49,2
901086,030,Customer 030,836 Main Street,Brooklyn,NY,03/26/2026,Thursday,40.63878496266752,-73.97263862633669,17,2.48,0.0,0.0,2.48,1
901087,039,Customer 039,2950 Main Street,Bronx,NY,03/26/2026,Thursday,40.84909985735391,-73.92113692416197,70,0.67,0.0,0.0,0.67,1
901089,049,Customer 049,9500 Main Street,Bronx,NY,03/26/2026,Thursday,40.84161725986629,-73.90132809233144,7,0.56,0.0,0.0,0.56,1
901090,050,Customer 050,3794 Main Street,Bronx,NY,03/26/2026,Thursday,40.88504380789946,-73.85462851943738,7,0.86,0.0,0.0,0.86,2
901091,056,Customer 056,2402 Main Street,Queens,NY,03/26/2026,Thursday,40.7572560717902,-73.91514119505781,2,0.86,0.0,0.0,0.86,1
901092,086,Customer 086,1213 Main Street,Bronx,NY,03/26/2026,Thursday,40.85368960688969,-73.90929502876213,33,0.94,0.0,0.0,0.94,1
901093,093,Customer 093,1916 Main Street,Queens,NY,03/26/2026,Thursday,40.692614111895054,-73.84437929166077,36,4.03,0.0,0.0,4.03,1
901094,005,Customer 005,5500 Main Street,Queens,NY,03/27/2026,Friday,40.69747391202919,-73.82905390354207,25,3.2,0.08,0.0,3.28,1
901095,006,Customer 006,1294 Main Street,Manhattan,NY,03/27/2026,Friday,40.80740818873632,-73.96565982955099,4,0.86,0.0,0.0,0.86,1
901096,007,Customer 007,679 Main Street,Brooklyn,NY,03/27/2026,Friday,40.63116428754058,-73.96665280296365,15,3.61,0.0,0.0,3.61,1
901097,008,Customer 008,1420 Main Street,Bronx,NY,03/27/2026,Friday,40.81813101864817,-73.90411620231987,70,1.13,0.0,0.0,1.13,1
901105,080,Customer 080,7374 Main Street,Queens,NY,03/27/2026,Friday,40.67620628689007,-73.74285399139629,2,0.64,0.35,0.0,0.99,1
901098,028,Customer 028,2151 Main Street,Queens,NY,03/27/2026,Friday,40.71519521264396,-73.74349772371512,2,0.51,0.0,0.0,0.51,2
901099,031,Customer 031,6124 Main Street,Bronx,NY,03/27/2026,Friday,40.85734534786821,-73.89474039555732,22,2.23,0.0,0.04,2.27,1
901100,037,Customer 037,8885 Main Street,Brooklyn,NY,03/27/2026,Friday,40.6314761543859,-73.98026120703442,8,0.56,0.0,0.0,0.56,1
901101,040,Customer 040,2176 Main Street,Queens,NY,03/27/2026,Friday,40.76395482312956,-73.91128512522792,5,0.56,0.0,0.25,0.81,1
901102,051,Customer 051,5948 Main Street,Queens,NY,03/27/2026,Friday,40.60737229758411,-73.75316746816085,1,0.93,0.0,0.0,0.93,1
901103,064,Customer 064,1385 Main Street,Brooklyn,NY,03/27/2026,Friday,40.67139788117989,-73.9340888408256,23,1.6,0.23,0.0,1.83,1
901104,068,Customer 068,2425 Main Street,Brooklyn,NY,03/27/2026,Friday,40.63036297971589,-74.08136228889674,17,1.0,0.11,0.0,1.11,1
901106,083,Customer 083,8972 Main Street,Brooklyn,NY,03/27/2026,Friday,40.63287188101084,-74.16028394578468,16,3.66,0.35,0.0,4.01,1
901130,091,Customer 091,5905 Main Street,Queens,NY,03/30/2026,Monday,40.69772873982824,-73.8341823153853,45,0.9,0.0,0.0,0.9,1
901107,001,Customer 001,1889 Main Street,Bronx,NY,03/30/2026,Monday,40.82393494763585,-73.90903906592717,45,4.42,0.0,0.0,4.42,2
901108,003,Customer 003,8861 Main Street,Bronx,NY,03/30/2026,Monday,40.86555164559,-73.88702973397817,19,9.87,0.0,0.0,9.87,1
901109,005,Customer 005,6347 Main Street,Queens,NY,03/30/2026,Monday,40.69747391202919,-73.82905390354207,25,2.82,0.11,0.0,2.93,1
901110,010,Customer 010,8993 Main Street,Brooklyn,NY,03/30/2026,Monday,40.65654070000209,-73.91897014191731,6,0.55,0.0,0.0,0.55,1
901125,059,Customer 059,5485 Main Street,Brooklyn,NY,03/30/2026,Monday,40.67755950741335,-73.91187495774679,6,0.44,0.15,0.0,0.59,2
901111,015,Customer 015,302 Main Street,Bronx,NY,03/30/2026,Monday,40.82239448550935,-73.91429829435131,21,0.46,0.0,0.0,0.46,1
901112,016,Customer 016,3029 Main Street,Bronx,NY,03/30/2026,Monday,40.854973107257365,-73.86437656576189,21,0.55,0.0,0.0,0.55,2
901113,018,Customer 018,9219 Main Street,Bronx,NY,03/30/2026,Monday,40.84297611177931,-73.84592385676613,31,3.36,0.0,0.0,3.36,1
901114,020,Customer 020,5245 Main Street,Queens,NY,03/30/2026,Monday,40.70811449489744,-73.79898444261066,32,0.62,0.0,0.0,0.62,1
901115,021,Customer 021,4352 Main Street,Brooklyn,NY,03/30/2026,Monday,40.68093339365346,-73.94670663597643,18,1.36,0.0,0.0,1.36,1
901116,022,Customer 022,912 Main Street,Queens,NY,03/30/2026,Monday,40.70649711069442,-73.756756602347,2,0.51,0.0,0.0,0.51,1
901124,056,Customer 056,7838 Main Street,Queens,NY,03/30/2026,Monday,40.7572560717902,-73.91514119505781,2,0.68,0.0,0.0,0.68,2
901117,027,Customer 027,4344 Main Street,Brooklyn,NY,03/30/2026,Monday,40.687360434885576,-73.98066195659537,9,0.58,0.0,0.0,0.58,1
901122,052,Customer 052,1385 Main Street,Bronx,NY,03/30/2026,Monday,40.84586642009279,-73.89820757611032,14,1.52,0.0,0.0,1.52,1
901118,029,Customer 029,832 Main Street,Bronx,NY,03/30/2026,Monday,40.853619797063494,-73.90831990645347,14,2.14,0.0,0.0,2.14,2
901127,067,Customer 067,3874 Main Street,Bronx,NY,03/30/2026,Monday,40.86604266971237,-73.92623623009767,14,0.66,0.0,0.0,0.66,3
901119,033,Customer 033,6184 Main Street,Bronx,NY,03/30/2026,Monday,40.88677507240233,-73.85199192252,7,0.87,0.0,0.0,0.87,1
901120,034,Customer 034,4738 Main Street,Manhattan,NY,03/30/2026,Monday,40.768896755175966,-73.95610818925888,3,1.68,0.35,0.07,2.1,1
901121,046,Customer 046,8468 Main Street,Manhattan,NY,03/30/2026,Monday,40.773204917119784,-73.95678092820883,3,1.01,0.0,0.0,1.01,2
901123,053,Customer 053,9511 Main Street,Queens,NY,03/30/2026,Monday,40.7618627220245,-73.88916852512102,5,2.59,0.0,0.0,2.59,1
901126,066,Customer 066,5866 Main Street,Brooklyn,NY,03/30/2026,Monday,40.66065294279969,-73.87876303673895,1,0.84,0.1,0.0,0.94,1
901128,070,Customer 070,6778 Main Street,Brooklyn,NY,03/30/2026,Monday,40.67439672491399,-73.9226282137167,11,0.91,0.0,0.0,0.91,1
901129,084,Customer 084,7798 Main Street,Brooklyn,NY,03/30/2026,Monday,40.66480658774192,-73.9572281363883,15,0.49,0.23,0.0,0.72,1
901131,094,Customer 094,5615 Main Street,Queens,NY,03/30/2026,Monday,40.69384632036886,-73.84342565090739,37,3.89,0.0,0.0,3.89,1
901132,095,Customer 095,5915 Main Street,Queens,NY,03/30/2026,Monday,40.68727132626413,-73.82300862324279,38,4.79,0.0,0.25,5.04,1
901133,002,Customer 002,7916 Main Street,Queens,NY,03/31/2026,Tuesday,40.70595191172637,-73.75457110312014,25,0.69,0.05,0.0,0.74,1
901134,010,Customer 010,5350 Main Street,Brooklyn,NY,03/31/2026,Tuesday,40.65654070000209,-73.91897014191731,6,0.53,0.0,0.0,0.53,1
901135,011,Customer 011,1687 Main Street,Brooklyn,NY,03/31/2026,Tuesday,40.652082455862505,-73.92481650340132,18,1.61,0.0,0.0,1.61,1
901136,013,Customer 013,8426 Main Street,New York,NY,03/31/2026,Tuesday,40.81574307418728,-73.9379714247544,14,0.53,0.0,0.0,0.53,1
901139,029,Customer 029,8434 Main Street,Bronx,NY,03/31/2026,Tuesday,40.853619797063494,-73.90831990645347,14,1.99,0.0,0.0,1.99,2
901146,067,Customer 067,1202 Main Street,Bronx,NY,03/31/2026,Tuesday,40.86604266971237,-73.92623623009767,14,0.93,0.0,0.25,1.18,3
901140,041,Customer 041,1895 Main Street,New York,NY,03/31/2026,Tuesday,40.759382235947626,-73.93895415268634,21,0.52,0.0,0.0,0.52,1
901137,015,Customer 015,2446 Main Street,Bronx,NY,03/31/2026,Tuesday,40.82239448550935,-73.91429829435131,21,0.47,0.0,0.0,0.47,2
901138,028,Customer 028,1838 Main Street,Queens,NY,03/31/2026,Tuesday,40.71519521264396,-73.74349772371512,2,0.44,0.0,0.0,0.44,1
901143,056,Customer 056,5302 Main Street,Queens,NY,03/31/2026,Tuesday,40.7572560717902,-73.91514119505781,2,0.79,0.0,0.0,0.79,2
901141,044,Customer 044,2341 Main Street,Brooklyn,NY,03/31/2026,Tuesday,40.685443993544496,-73.943950969423,73,0.6,0.0,0.0,0.6,1
901142,047,Customer 047,1318 Main Street,Manhattan,NY,03/31/2026,Tuesday,40.71773283828544,-73.98411846097412,3,0.48,0.35,0.0,0.83,1
901145,063,Customer 063,8238 Main Street,Brooklyn,NY,03/31/2026,Tuesday,40.689007393638555,-73.9173641706466,10,2.49,0.0,0.0,2.49,1
901144,062,Customer 062,3707 Main Street,Brooklyn,NY,03/31/2026,Tuesday,40.689239848977614,-73.91777406506378,10,1.9,0.0,0.0,1.9,2
901147,072,Customer 072,5813 Main Street,Brooklyn,NY,03/31/2026,Tuesday,40.65171110205392,-73.9191771105472,9,0.54,0.0,0.0,0.54,1
901148,077,Customer 077,6525 Main Street,Brooklyn,NY,03/31/2026,Tuesday,40.68010726771517,-73.91396093950846,23,0.84,0.18,0.0,1.02,1
901149,081,Customer 081,6974 Main Street,Brooklyn,NY,03/31/2026,Tuesday,40.68024236564245,-73.93137158188019,17,1.31,0.0,0.0,1.31,1
901150,083,Customer 083,5324 Main Street,Brooklyn,NY,03/31/2026,Tuesday,40.63287188101084,-74.16028394578468,16,4.04,0.0,0.0,4.04,1
901151,084,Customer 084,8025 Main Street,Brooklyn,NY,03/31/2026,Tuesday,40.66480658774192,-73.9572281363883,15,0.54,0.23,0.0,0.77,1
901152,087,Customer 087,3624 Main Street,Brooklyn,NY,03/31/2026,Tuesday,40.66150707860249,-73.87346498223229,99,9.75,0.35,0.0,10.1,1
901153,089,Customer 089,5303 Main Street,Bronx,NY,03/31/2026,Tuesday,40.830728643622344,-73.89126472129591,33,5.63,0.0,0.0,5.63,1
901154,012,Customer 012,6312 Main Street,Brooklyn,NY,04/01/2026,Wednesday,40.636920669008184,-74.1652722110478,16,0.52,0.0,0.25,0.77,1
901155,014,Customer 014,906 Main Street,Manhattan,NY,04/01/2026,Wednesday,40.76099884306126,-73.94084004193822,5,0.71,0.0,0.0,0.71,1
901164,041,Customer 041,382 Main Street,New York,NY,04/01/2026,Wednesday,40.759382235947626,-73.93895415268634,21,0.6,0.0,0.0,0.6,1
901156,015,Customer 015,8876 Main Street,Bronx,NY,04/01/2026,Wednesday,40.82239448550935,-73.91429829435131,21,0.48,0.0,0.0,0.48,2
901162,032,Customer 032,5403 Main Street,Bronx,NY,04/01/2026,Wednesday,40.853589534832395,-73.89464414584027,21,0.49,0.0,0.0,0.49,3
901157,018,Customer 018,9159 Main Street,Bronx,NY,04/01/2026,Wednesday,40.84297611177931,-73.84592385676613,31,3.59,0.0,0.0,3.59,1
901158,019,Customer 019,8727 Main Street,Manhattan,NY,04/01/2026,Wednesday,40.778836484045,-73.98329931044094,4,0.95,0.35,0.25,1.55,1
901159,021,Customer 021,3868 Main Street,Brooklyn,NY,04/01/2026,Wednesday,40.68093339365346,-73.94670663597643,18,1.39,0.0,0.0,1.39,1
901160,025,Customer 025,4523 Main Street,Brooklyn,NY,04/01/2026,Wednesday,40.69835136729073,-73.9158925078441,8,0.76,0.0,0.0,0.76,1
901161,026,Customer 026,6905 Main Street,Queens,NY,04/01/2026,Wednesday,40.67584687606802,-73.85557337127459,73,3.12,0.0,0.0,3.12,1
901163,038,Customer 038,3741 Main Street,Manhattan,NY,04/01/2026,Wednesday,40.717842608430665,-73.9892410907712,3,0.77,0.0,0.0,0.77,1
901165,055,Customer 055,3502 Main Street,Queens,NY,04/01/2026,Wednesday,40.69661296220641,-73.82879015350318,25,7.31,0.03,0.0,7.34,1
901166,057,Customer 057,7858 Main Street,Bronx,NY,04/01/2026,Wednesday,40.81995444568525,-73.89158623543398,70,0.46,0.27,0.0,0.73,1
901170,082,Customer 082,6950 Main Street,Bronx,NY,04/01/2026,Wednesday,40.869718152184745,-73.87892875884225,70,0.92,0.0,0.0,0.92,2
901169,079,Customer 079,739 Main Street,Brooklyn,NY,04/01/2026,Wednesday,40.65822719611959,-73.92944076589842,24,1.56,0.12,0.0,1.68,1
901167,060,Customer 060,5635 Main Street,Brooklyn,NY,04/01/2026,Wednesday,40.676333247614394,-73.88613509640518,24,0.65,0.12,0.0,0.77,2
901168,067,Customer 067,3962 Main Street,Bronx,NY,04/01/2026,Wednesday,40.86604266971237,-73.92623623009767,14,0.83,0.0,0.0,0.83,1
901171,085,Customer 085,8660 Main Street,Brooklyn,NY,04/01/2026,Wednesday,40.6758490834141,-73.87795663986044,11,0.77,0.14,0.0,0.91,1
901172,086,Customer 086,4854 Main Street,Bronx,NY,04/01/2026,Wednesday,40.85368960688969,-73.90929502876213,33,0.93,0.0,0.0,0.93,1
901173,092,Customer 092,2317 Main Street,Brooklyn,NY,04/01/2026,Wednesday,40.63740290973405,-73.92010562279191,35,4.24,0.0,0.0,4.24,1
901178,035,Customer 035,2344 Main Street,Queens,NY,04/02/2026,Thursday,40.594970715995146,-73.77416307485291,1,0.52,0.35,0.0,0.87,1
901174,009,Customer 009,9261 Main Street,Queens,NY,04/02/2026,Thursday,40.600009486593315,-73.74405287870175,1,0.54,0.0,0.25,0.79,2
901182,043,Customer 043,4204 Main Street,Queens,NY,04/02/2026,Thursday,40.68152075934443,-73.85443641970784,1,0.59,0.1,0.0,0.69,3
901175,012,Customer 012,7082 Main Street,Brooklyn,NY,04/02/2026,Thursday,40.636920669008184,-74.1652722110478,16,0.44,0.0,0.0,0.44,1
901176,018,Customer 018,3646 Main Street,Bronx,NY,04/02/2026,Thursday,40.84297611177931,-73.84592385676613,31,4.51,0.35,0.0,4.86,1
901177,023,Customer 023,9802 Main Street,Queens,NY,04/02/2026,Thursday,40.76091447600587,-73.88181045003793,5,1.26,0.0,0.06,1.32,1
901180,040,Customer 040,5293 Main Street,Queens,NY,04/02/2026,Thursday,40.76395482312956,-73.91128512522792,5,0.56,0.0,0.0,0.56,2
901179,039,Customer 039,6281 Main Street,Bronx,NY,04/02/2026,Thursday,40.84909985735391,-73.92113692416197,70,0.57,0.0,0.0,0.57,1
901181,042,Customer 042,4650 Main Street,Brooklyn,NY,04/02/2026,Thursday,40.63208584532311,-73.96647452968952,9,2.53,0.2,0.0,2.73,1
901183,049,Customer 049,9271 Main Street,Bronx,NY,04/02/2026,Thursday,40.84161725986629,-73.90132809233144,7,0.55,0.0,0.0,0.55,1
901184,050,Customer 050,274 Main Street,Bronx,NY,04/02/2026,Thursday,40.88504380789946,-73.85462851943738,7,1.18,0.0,0.0,1.18,2
901185,056,Customer 056,4573 Main Street,Queens,NY,04/02/2026,Thursday,40.7572560717902,-73.91514119505781,2,0.96,0.0,0.25,1.21,1
901186,078,Customer 078,2056 Main Street,Manhattan,NY,04/02/2026,Thursday,40.76169824334662,-73.94957140792144,21,0.77,0.09,0.0,0.86,1
901187,086,Customer 086,5285 Main Street,Bronx,NY,04/02/2026,Thursday,40.85368960688969,-73.90929502876213,33,0.63,0.0,0.0,0.63,1
901188,090,Customer 090,6921 Main Street,Queens,NY,04/02/2026,Thursday,40.66953057344241,-73.7824756165742,34,5.87,0.35,0.0,6.22,1
901189,093,Customer 093,1475 Main Street,Queens,NY,04/02/2026,Thursday,40.692614111895054,-73.84437929166077,36,5.01,0.0,0.0,5.01,1
901190,004,Customer 004,9284 Main Street,New York,NY,04/03/2026,Friday,40.81882756334608,-73.93725056647254,20,4.93,0.0,0.0,4.93,1
901191,005,Customer 005,9376 Main Street,Queens,NY,04/03/2026,Friday,40.69747391202919,-73.82905390354207,25,2.55,0.11,0.0,2.66,1
901202,065,Customer 065,2787 Main Street,Manhattan,NY,04/03/2026,Friday,40.76900862942308,-73.96497922070525,4,0.58,0.09,0.01,0.68,1
901192,006,Customer 006,1515 Main Street,Manhattan,NY,04/03/2026,Friday,40.80740818873632,-73.96565982955099,4,0.66,0.0,0.0,0.66,2
901200,061,Customer 061,6672 Main Street,Brooklyn,NY,04/03/2026,Friday,40.598422117306654,-73.94163633556525,15,1.0,0.0,0.0,1.0,1
901193,007,Customer 007,271 Main Street,Brooklyn,NY,04/03/2026,Friday,40.63116428754058,-73.96665280296365,15,3.66,0.0,0.0,3.66,2
901194,008,Customer 008,4142 Main Street,Bronx,NY,04/03/2026,Friday,40.81813101864817,-73.90411620231987,70,1.32,0.35,0.0,1.67,1
901195,017,Customer 017,3184 Main Street,Brooklyn,NY,04/03/2026,Friday,40.68918573963909,-73.95966142657014,30,1.46,0.0,0.0,1.46,1
901196,031,Customer 031,7208 Main Street,Bronx,NY,04/03/2026,Friday,40.85734534786821,-73.89474039555732,22,2.38,0.0,0.03,2.41,1
901197,037,Customer 037,3552 Main Street,Brooklyn,NY,04/03/2026,Friday,40.6314761543859,-73.98026120703442,8,0.67,0.0,0.0,0.67,1
901205,073,Customer 073,2919 Main Street,Brooklyn,NY,04/03/2026,Friday,40.65052535821618,-73.96218340829046,8,0.72,0.08,0.0,0.8,2
901198,051,Customer 051,5583 Main Street,Queens,NY,04/03/2026,Friday,40.60737229758411,-73.75316746816085,1,0.91,0.35,0.0,1.26,1
901207,076,Customer 076,2710 Main Street,Brooklyn,NY,04/03/2026,Friday,40.681777334052896,-73.87899490500013,10,0.58,0.12,0.25,0.95,1
901199,054,Customer 054,456 Main Street,Manhattan,NY,04/03/2026,Friday,40.70449809311375,-73.95658499114683,10,0.48,0.0,0.0,0.48,2
901201,064,Customer 064,6997 Main Street,Brooklyn,NY,04/03/2026,Friday,40.67139788117989,-73.9340888408256,23,1.86,0.22,0.0,2.08,1
901203,068,Customer 068,9405 Main Street,Brooklyn,NY,04/03/2026,Friday,40.63036297971589,-74.08136228889674,17,1.09,0.17,0.0,1.26,1
901204,071,Customer 071,2417 Main Street,Manhattan,NY,04/03/2026,Friday,40.74827382831262,-73.98413653314174,3,0.62,0.0,0.02,0.64,1
901206,074,Customer 074,1577 Main Street,Bronx,NY,04/03/2026,Friday,40.87654063424415,-73.86675762676278,71,1.92,0.03,0.0,1.95,1
901208,080,Customer 080,4077 Main Street,Queens,NY,04/03/2026,Friday,40.67620628689007,-73.74285399139629,2,0.79,0.0,0.0,0.79,1
901209,083,Customer 083,4739 Main Street,Brooklyn,NY,04/03/2026,Friday,40.63287188101084,-74.16028394578468,16,4.21,0.0,0.0,4.21,1
901210,088,Customer 088,3732 Main Street,Bronx,NY,04/03/2026,Friday,40.85920015425595,-73.90056567901365,31,5.4,0.0,0.0,5.4,1
901211,094,Customer 094,3869 Main Street,Queens,NY,04/03/2026,Friday,40.69384632036886,-73.84342565090739,37,4.46,0.0,0.25,4.71,1
901231,091,Customer 091,5266 Main Street,Queens,NY,04/06/2026,Monday,40.69772873982824,-73.8341823153853,45,0.94,0.0,0.0,0.94,1
901212,001,Customer 001,3047 Main Street,Bronx,NY,04/06/2026,Monday,40.82393494763585,-73.90903906592717,45,3.44,0.0,0.0,3.44,2
901213,003,Customer 003,7009 Main Street,Bronx,NY,04/06/2026,Monday,40.86555164559,-73.88702973397817,19,7.88,0.0,0.25,8.13,1
901214,005,Customer 005,5773 Main Street,Queens,NY,04/06/2026,Monday,40.69747391202919,-73.82905390354207,25,2.76,0.08,0.0,2.84,1
901215,015,Customer 015,4337 Main Street,Bronx,NY,04/06/2026,Monday,40.82239448550935,-73.91429829435131,21,0.49,0.0,0.0,0.49,1
901216,016,Customer 016,8325 Main Street,Bronx,NY,04/06/2026,Monday,40.854973107257365,-73.86437656576189,21,0.44,0.0,0.0,0.44,2
901217,018,Customer 018,3030 Main Street,Bronx,NY,04/06/2026,Monday,40.84297611177931,-73.84592385676613,31,3.91,0.0,0.0,3.91,1
901218,020,Customer 020,5623 Main Street,Queens,NY,04/06/2026,Monday,40.70811449489744,-73.79898444261066,32,0.49,0.0,0.0,0.49,1
901219,021,Customer 021,7554 Main Street,Brooklyn,NY,04/06/2026,Monday,40.68093339365346,-73.94670663597643,18,1.53,0.0,0.0,1.53,1
901220,034,Customer 034,4977 Main Street,Manhattan,NY,04/06/2026,Monday,40.768896755175966,-73.95610818925888,3,1.42,0.0,0.07,1.49,1
901221,045,Customer 045,4099 Main Street,Brooklyn,NY,04/06/2026,Monday,40.63550402142037,-74.13303054062014,Bronx,0.78,0.0,0.0,0.78,1
901226,069,Customer 069,4567 Main Street,Queens,NY,04/06/2026,Monday,40.68901703882041,-73.80356301377114,2,0.69,0.07,0.0,0.76,1
901222,056,Customer 056,5634 Main Street,Queens,NY,04/06/2026,Monday,40.7572560717902,-73.91514119505781,2,0.67,0.0,0.0,0.67,2
901223,059,Customer 059,1398 Main Street,Brooklyn,NY,04/06/2026,Monday,40.67755950741335,-73.91187495774679,6,0.41,0.18,0.0,0.59,1
901224,066,Customer 066,6231 Main Street,Brooklyn,NY,04/06/2026,Monday,40.66065294279969,-73.87876303673895,1,0.88,0.07,0.0,0.95,1
901225,067,Customer 067,3142 Main Street,Bronx,NY,04/06/2026,Monday,40.86604266971237,-73.92623623009767,14,0.7,0.0,0.0,0.7,1
901227,070,Customer 070,4601 Main Street,Brooklyn,NY,04/06/2026,Monday,40.67439672491399,-73.9226282137167,11,0.7,0.0,0.0,0.7,1
901228,076,Customer 076,7647 Main Street,Brooklyn,NY,04/06/2026,Monday,40.681777334052896,-73.87899490500013,10,0.53,0.07,0.0,0.6,1
901229,082,Customer 082,7668 Main Street,Bronx,NY,04/06/2026,Monday,40.869718152184745,-73.87892875884225,70,0.84,0.0,0.0,0.84,1
901230,084,Customer 084,6701 Main Street,Brooklyn,NY,04/06/2026,Monday,40.66480658774192,-73.9572281363883,15,0.58,0.19,0.0,0.77,1
901236,036,Customer 036,8347 Main Street,New York,NY,04/07/2026,Tuesday,40.80325822563249,-73.93591692391615,14,0.44,0.35,0.31,1.1,1
901232,013,Customer 013,4840 Main Street,New York,NY,04/07/2026,Tuesday,40.81574307418728,-73.9379714247544,14,0.63,0.0,0.0,0.63,2
901235,029,Customer 029,5573 Main Street,Bronx,NY,04/07/2026,Tuesday,40.853619797063494,-73.90831990645347,14,2.16,0.0,0.25,2.41,3
901245,067,Customer 067,2132 Main Street,Bronx,NY,04/07/2026,Tuesday,40.86604266971237,-73.92623623009767,14,0.96,0.0,0.0,0.96,4
901237,041,Customer 041,1590 Main Street,New York,NY,04/07/2026,Tuesday,40.759382235947626,-73.93895415268634,21,0.46,0.0,0.0,0.46,1
901233,015,Customer 015,6793 Main Street,Bronx,NY,04/07/2026,Tuesday,40.82239448550935,-73.91429829435131,21,0.57,0.0,0.0,0.57,2
901234,028,Customer 028,7463 Main Street,Queens,NY,04/07/2026,Tuesday,40.71519521264396,-73.74349772371512,2,0.49,0.0,0.0,0.49,1
901240,056,Customer 056,9996 Main Street,Queens,NY,04/07/2026,Tuesday,40.7572560717902,-73.91514119505781,2,0.98,0.0,0.0,0.98,2
901238,044,Customer 044,3262 Main Street,Brooklyn,NY,04/07/2026,Tuesday,40.685443993544496,-73.943950969423,73,0.58,0.0,0.0,0.58,1
901239,047,Customer 047,3373 Main Street,Manhattan,NY,04/07/2026,Tuesday,40.71773283828544,-73.98411846097412,3,0.6,0.0,0.0,0.6,1
901241,058,Customer 058,1244 Main Street,Manhattan,NY,04/07/2026,Tuesday,40.71874598664543,-73.98172887364404,3,0.6,0.03,0.0,0.63,2
901242,059,Customer 059,7803 Main Street,Brooklyn,NY,04/07/2026,Tuesday,40.67755950741335,-73.91187495774679,6,0.41,0.15,0.0,0.56,1
901244,063,Customer 063,6627 Main Street,Brooklyn,NY,04/07/2026,Tuesday,40.689007393638555,-73.9173641706466,10,2.7,0.0,0.25,2.95,1
901243,062,Customer 062,8851 Main Street,Brooklyn,NY,04/07/2026,Tuesday,40.689239848977614,-73.91777406506378,10,1.92,0.0,0.0,1.92,2
901246,081,Customer 081,4359 Main Street,Brooklyn,NY,04/07/2026,Tuesday,40.68024236564245,-73.93137158188019,17,1.07,0.0,0.0,1.07,1
901247,083,Customer 083,4610 Main Street,Brooklyn,NY,04/07/2026,Tuesday,40.63287188101084,-74.16028394578468,16,3.49,0.0,0.0,3.49,1
901248,084,Customer 084,3721 Main Street,Brooklyn,NY,04/07/2026,Tuesday,40.66480658774192,-73.9572281363883,15,0.64,0.19,0.0,0.83,1
901249,087,Customer 087,5092 Main Street,Brooklyn,NY,04/07/2026,Tuesday,40.66150707860249,-73.87346498223229,99,8.25,0.0,0.0,8.25,1
901250,089,Customer 089,2500 Main Street,Bronx,NY,04/07/2026,Tuesday,40.830728643622344,-73.89126472129591,33,6.34,0.0,0.0,6.34,1
901251,002,Customer 002,8567 Main Street,Queens,NY,04/08/2026,Wednesday,40.70595191172637,-73.75457110312014,25,0.61,0.05,0.0,0.66,1
901260,041,Customer 041,3334 Main Street,New York,NY,04/08/2026,Wednesday,40.759382235947626,-73.93895415268634,21,0.44,0.0,0.0,0.44,1
901252,015,Customer 015,5709 Main Street,Bronx,NY,04/08/2026,Wednesday,40.82239448550935,-73.91429829435131,21,0.6,0.35,0.0,0.95,2
901259,032,Customer 032,5060 Main Street,Bronx,NY,04/08/2026,Wednesday,40.853589534832395,-73.89464414584027,21,0.61,0.0,0.0,0.61,3
901253,018,Customer 018,3326 Main Street,Bronx,NY,04/08/2026,Wednesday,40.84297611177931,-73.84592385676613,31,4.41,0.0,0.0,4.41,1
901254,019,Customer 019,8687 Main Street,Manhattan,NY,04/08/2026,Wednesday,40.778836484045,-73.98329931044094,4,0.78,0.0,0.0,0.78,1
901255,021,Customer 021,5498 Main Street,Brooklyn,NY,04/08/2026,Wednesday,40.68093339365346,-73.94670663597643,18,1.32,0.35,0.0,1.67,1
901256,024,Customer 024,1017 Main Street,Bronx,NY,04/08/2026,Wednesday,40.896883630705474,-73.85135085346376,7,0.82,0.0,0.25,1.07,1
901257,025,Customer 025,3093 Main Street,Brooklyn,NY,04/08/2026,Wednesday,40.69835136729073,-73.9158925078441,8,0.81,0.0,0.0,0.81,1
901258,026,Customer 026,7572 Main Street,Queens,NY,04/08/2026,Wednesday,40.67584687606802,-73.85557337127459,73,4.08,0.0,0.0,4.08,1
901261,046,Customer 046,7352 Main Street,Manhattan,NY,04/08/2026,Wednesday,40.773204917119784,-73.95678092820883,3,1.24,0.0,0.0,1.24,1
901262,052,Customer 052,2992 Main Street,Bronx,NY,04/08/2026,Wednesday,40.84586642009279,-73.89820757611032,14,1.63,0.0,0.0,1.63,1
901264,067,Customer 067,7361 Main Street,Bronx,NY,04/08/2026,Wednesday,40.86604266971237,-73.92623623009767,14,0.78,0.0,0.0,0.78,2
901263,066,Customer 066,3029 Main Street,Brooklyn,NY,04/08/2026,Wednesday,40.66065294279969,-73.87876303673895,1,0.9,0.08,0.0,0.98,1
901265,082,Customer 082,2687 Main Street,Bronx,NY,04/08/2026,Wednesday,40.869718152184745,-73.87892875884225,70,0.78,0.0,0.0,0.78,1
901266,086,Customer 086,4513 Main Street,Bronx,NY,04/08/2026,Wednesday,40.85368960688969,-73.90929502876213,33,0.85,0.0,0.0,0.85,1
901267,004,Customer 004,2392 Main Street,New York,NY,04/09/2026,Thursday,40.81882756334608,-73.93725056647254,20,5.11,0.35,0.0,5.46,1
901268,005,Customer 005,3517 Main Street,Queens,NY,04/09/2026,Thursday,40.69747391202919,-73.82905390354207,25,3.06,0.08,0.0,3.14,1
901269,018,Customer 018,853 Main Street,Bronx,NY,04/09/2026,Thursday,40.84297611177931,-73.84592385676613,31,4.62,0.0,0.0,4.62,1
901270,023,Customer 023,1019 Main Street,Queens,NY,04/09/2026,Thursday,40.76091447600587,-73.88181045003793,5,1.37,0.0,0.04,1.41,1
901273,040,Customer 040,6018 Main Street,Queens,NY,04/09/2026,Thursday,40.76395482312956,-73.91128512522792,5,0.56,0.0,0.0,0.56,2
901271,030,Customer 030,2586 Main Street,Brooklyn,NY,04/09/2026,Thursday,40.63878496266752,-73.97263862633669,17,2.45,0.0,0.0,2.45,1
901272,039,Customer 039,1214 Main Street,Bronx,NY,04/09/2026,Thursday,40.84909985735391,-73.92113692416197,70,0.65,0.0,0.0,0.65,1
901274,049,Customer 049,2052 Main Street,Bronx,NY,04/09/2026,Thursday,40.84161725986629,-73.90132809233144,7,0.46,0.0,0.25,0.71,1
901275,050,Customer 050,8757 Main Street,Bronx,NY,04/09/2026,Thursday,40.88504380789946,-73.85462851943738,7,0.96,0.0,0.0,0.96,2
901276,056,Customer 056,4730 Main Street,Queens,NY,04/09/2026,Thursday,40.7572560717902,-73.91514119505781,2,0.94,0.0,0.0,0.94,1
901277,086,Customer 086,3790 Main Street,Bronx,NY,04/09/2026,Thursday,40.85368960688969,-73.90929502876213,33,0.62,0.0,0.25,0.87,1
901278,093,Customer 093,9551 Main Street,Queens,NY,04/09/2026,Thursday,40.692614111895054,-73.84437929166077,36,3.81,0.0,0.0,3.81,1
901279,005,Customer 005,5465 Main Street,Queens,NY,04/10/2026,Friday,40.69747391202919,-73.82905390354207,25,3.07,0.11,0.0,3.18,1
901280,006,Customer 006,2775 Main Street,Manhattan,NY,04/10/2026,Friday,40.80740818873632,-73.96565982955099,4,0.96,0.0,0.0,0.96,1
901281,007,Customer 007,5921 Main Street,Brooklyn,NY,04/10/2026,Friday,40.63116428754058,-73.96665280296365,15,3.16,0.0,0.0,3.16,1
901282,031,Customer 031,8405 Main Street,Bronx,NY,04/10/2026,Friday,40.85734534786821,-73.89474039555732,22,2.21,0.0,0.02,2.23,1
901283,036,Customer 036,5911 Main Street,New York,NY,04/10/2026,Friday,40.80325822563249,-73.93591692391615,14,0.58,0.0,0.45,1.03,1
901284,047,Customer 047,843 Main Street,Manhattan,NY,04/10/2026,Friday,40.71773283828544,-73.98411846097412,3,0.62,0.0,0.0,0.62,1
901285,051,Customer 051,1102 Main Street,Queens,NY,04/10/2026,Friday,40.60737229758411,-73.75316746816085,1,0.66,0.0,0.0,0.66,1
901286,064,Customer 064,3443 Main Street,Brooklyn,NY,04/10/2026,Friday,40.67139788117989,-73.9340888408256,23,1.98,0.21,0.25,2.44,1
901287,068,Customer 068,7808 Main Street,Brooklyn,NY,04/10/2026,Friday,40.63036297971589,-74.08136228889674,17,0.83,0.16,0.0,0.99,1
901288,074,Customer 074,3748 Main Street,Bronx,NY,04/10/2026,Friday,40.87654063424415,-73.86675762676278,71,2.38,0.02,0.25,2.65,1
901289,080,Customer 080,111 Main Street,Queens,NY,04/10/2026,Friday,40.67620628689007,-73.74285399139629,2,0.68,0.0,0.0,0.68,1
901290,083,Customer 083,1679 Main Street,Brooklyn,NY,04/10/2026,Friday,40.63287188101084,-74.16028394578468,16,3.16,0.0,0.0,3.16,1
901313,091,Customer 091,4619 Main Street,Queens,NY,04/13/2026,Monday,40.69772873982824,-73.8341823153853,45,0.63,0.0,0.0,0.63,1
901291,001,Customer 001,5484 Main Street,Bronx,NY,04/13/2026,Monday,40.82393494763585,-73.90903906592717,45,3.46,0.0,0.0,3.46,2
901292,003,Customer 003,4470 Main Street,Bronx,NY,04/13/2026,Monday,40.86555164559,-73.88702973397817,19,8.62,0.0,0.0,8.62,1
901293,005,Customer 005,660 Main Street,Queens,NY,04/13/2026,Monday,40.69747391202919,-73.82905390354207,25,2.64,0.12,0.0,2.76,1
901294,010,Customer 010,3996 Main Street,Brooklyn,NY,04/13/2026,Monday,40.65654070000209,-73.91897014191731,6,0.4,0.0,0.0,0.4,1
901308,059,Customer 059,3807 Main Street,Brooklyn,NY,04/13/2026,Monday,40.67755950741335,-73.91187495774679,6,0.53,0.12,0.0,0.65,2
901295,015,Customer 015,7507 Main Street,Bronx,NY,04/13/2026,Monday,40.82239448550935,-73.91429829435131,21,0.54,0.0,0.0,0.54,1
901296,016,Customer 016,4676 Main Street,Bronx,NY,04/13/2026,Monday,40.854973107257365,-73.86437656576189,21,0.52,0.0,0.0,0.52,2
901297,018,Customer 018,5686 Main Street,Bronx,NY,04/13/2026,Monday,40.84297611177931,-73.84592385676613,31,3.91,0.0,0.0,3.91,1
901298,020,Customer 020,5709 Main Street,Queens,NY,04/13/2026,Monday,40.70811449489744,-73.79898444261066,32,0.53,0.0,0.0,0.53,1
901299,021,Customer 021,516 Main Street,Brooklyn,NY,04/13/2026,Monday,40.68093339365346,-73.94670663597643,18,1.25,0.0,0.0,1.25,1
901300,022,Customer 022,1920 Main Street,Queens,NY,04/13/2026,Monday,40.70649711069442,-73.756756602347,2,0.51,0.0,0.0,0.51,1
901307,056,Customer 056,4072 Main Street,Queens,NY,04/13/2026,Monday,40.7572560717902,-73.91514119505781,2,0.92,0.0,0.0,0.92,2
901301,027,Customer 027,8369 Main Street,Brooklyn,NY,04/13/2026,Monday,40.687360434885576,-73.98066195659537,9,0.65,0.0,0.0,0.65,1
901302,033,Customer 033,8711 Main Street,Bronx,NY,04/13/2026,Monday,40.88677507240233,-73.85199192252,7,0.97,0.0,0.0,0.97,1
901303,034,Customer 034,8835 Main Street,Manhattan,NY,04/13/2026,Monday,40.768896755175966,-73.95610818925888,3,1.32,0.0,0.07,1.39,1
901305,046,Customer 046,8648 Main Street,Manhattan,NY,04/13/2026,Monday,40.773204917119784,-73.95678092820883,3,1.54,0.0,0.0,1.54,2
901304,045,Customer 045,3412 Main Street,Brooklyn,NY,04/13/2026,Monday,40.63550402142037,-74.13303054062014,Bronx,0.73,0.0,0.0,0.73,1
901306,053,Customer 053,1194 Main Street,Queens,NY,04/13/2026,Monday,40.7618627220245,-73.88916852512102,5,1.97,0.0,0.0,1.97,1
901309,066,Customer 066,276 Main Street,Brooklyn,NY,04/13/2026,Monday,40.66065294279969,-73.87876303673895,1,0.74,0.09,0.0,0.83,1
901310,067,Customer 067,9904 Main Street,Bronx,NY,04/13/2026,Monday,40.86604266971237,-73.92623623009767,14,0.81,0.0,0.0,0.81,1
901311,070,Customer 070,1253 Main Street,Brooklyn,NY,04/13/2026,Monday,40.67439672491399,-73.9226282137167,11,0.67,0.0,0.0,0.67,1
901312,084,Customer 084,9984 Main Street,Brooklyn,NY,04/13/2026,Monday,40.66480658774192,-73.9572281363883,15,0.52,0.24,0.0,0.76,1
901314,094,Customer 094,311 Main Street,Queens,NY,04/13/2026,Monday,40.69384632036886,-73.84342565090739,37,4.59,0.0,0.0,4.59,1
901315,095,Customer 095,9784 Main Street,Queens,NY,04/13/2026,Monday,40.68727132626413,-73.82300862324279,38,5.17,0.0,0.0,5.17,1
901316,002,Customer 002,9367 Main Street,Queens,NY,04/14/2026,Tuesday,40.70595191172637,-73.75457110312014,25,0.8,0.05,0.0,0.85,1
901317,011,Customer 011,9992 Main Street,Brooklyn,NY,04/14/2026,Tuesday,40.652082455862505,-73.92481650340132,18,1.34,0.0,0.0,1.34,1
901322,036,Customer 036,8918 Main Street,New York,NY,04/14/2026,Tuesday,40.80325822563249,-73.93591692391615,14,0.59,0.0,0.33,0.92,1
901318,013,Customer 013,7648 Main Street,New York,NY,04/14/2026,Tuesday,40.81574307418728,-73.9379714247544,14,0.73,0.0,0.0,0.73,2
901321,029,Customer 029,2731 Main Street,Bronx,NY,04/14/2026,Tuesday,40.853619797063494,-73.90831990645347,14,2.02,0.0,0.0,2.02,3
901329,067,Customer 067,3638 Main Street,Bronx,NY,04/14/2026,Tuesday,40.86604266971237,-73.92623623009767,14,0.98,0.0,0.0,0.98,4
901323,041,Customer 041,8246 Main Street,New York,NY,04/14/2026,Tuesday,40.759382235947626,-73.93895415268634,21,0.56,0.0,0.0,0.56,1
901319,015,Customer 015,7174 Main Street,Bronx,NY,04/14/2026,Tuesday,40.82239448550935,-73.91429829435131,21,0.61,0.0,0.0,0.61,2
901320,028,Customer 028,883 Main Street,Queens,NY,04/14/2026,Tuesday,40.71519521264396,-73.74349772371512,2,0.62,0.0,0.0,0.62,1
901326,056,Customer 056,5673 Main Street,Queens,NY,04/14/2026,Tuesday,40.7572560717902,-73.91514119505781,2,0.94,0.0,0.0,0.94,2
901324,044,Customer 044,7272 Main Street,Brooklyn,NY,04/14/2026,Tuesday,40.685443993544496,-73.943950969423,73,0.59,0.0,0.0,0.59,1
901325,047,Customer 047,8392 Main Street,Manhattan,NY,04/14/2026,Tuesday,40.71773283828544,-73.98411846097412,3,0.47,0.0,0.0,0.47,1
901328,063,Customer 063,2639 Main Street,Brooklyn,NY,04/14/2026,Tuesday,40.689007393638555,-73.9173641706466,10,2.44,0.0,0.0,2.44,1
901327,062,Customer 062,1446 Main Street,Brooklyn,NY,04/14/2026,Tuesday,40.689239848977614,-73.91777406506378,10,2.51,0.0,0.0,2.51,2
901330,072,Customer 072,3249 Main Street,Brooklyn,NY,04/14/2026,Tuesday,40.65171110205392,-73.9191771105472,9,0.5,0.0,0.0,0.5,1
901331,077,Customer 077,6063 Main Street,Brooklyn,NY,04/14/2026,Tuesday,40.68010726771517,-73.91396093950846,23,1.12,0.21,0.0,1.33,1
901332,081,Customer 081,2303 Main Street,Brooklyn,NY,04/14/2026,Tuesday,40.68024236564245,-73.93137158188019,17,1.3,0.0,0.0,1.3,1
901333,083,Customer 083,1683 Main Street,Brooklyn,NY,04/14/2026,Tuesday,40.63287188101084,-74.16028394578468,16,4.11,0.0,0.0,4.11,1
901334,084,Customer 084,5236 Main Street,Brooklyn,NY,04/14/2026,Tuesday,40.66480658774192,-73.9572281363883,15,0.65,0.24,0.0,0.89,1
901335,087,Customer 087,3769 Main Street,Brooklyn,NY,04/14/2026,Tuesday,40.66150707860249,-73.87346498223229,99,8.41,0.0,0.0,8.41,1
901336,089,Customer 089,7246 Main Street,Bronx,NY,04/14/2026,Tuesday,40.830728643622344,-73.89126472129591,33,5.6,0.0,0.0,5.6,1
901337,012,Customer 012,5176 Main Street,Brooklyn,NY,04/15/2026,Wednesday,40.636920669008184,-74.1652722110478,16,0.43,0.0,0.0,0.43,1
901347,041,Customer 041,3188 Main Street,New York,NY,04/15/2026,Wednesday,40.759382235947626,-73.93895415268634,21,0.53,0.0,0.0,0.53,1
901338,015,Customer 015,2463 Main Street,Bronx,NY,04/15/2026,Wednesday,40.82239448550935,-73.91429829435131,21,0.53,0.0,0.0,0.53,2
901345,032,Customer 032,8683 Main Street,Bronx,NY,04/15/2026,Wednesday,40.853589534832395,-73.89464414584027,21,0.54,0.0,0.0,0.54,3
901339,018,Customer 018,5971 Main Street,Bronx,NY,04/15/2026,Wednesday,40.84297611177931,-73.84592385676613,31,4.88,0.0,0.25,5.13,1
901340,019,Customer 019,6878 Main Street,Manhattan,NY,04/15/2026,Wednesday,40.778836484045,-73.98329931044094,4,0.89,0.35,0.25,1.49,1
901341,021,Customer 021,3038 Main Street,Brooklyn,NY,04/15/2026,Wednesday,40.68093339365346,-73.94670663597643,18,1.24,0.0,0.0,1.24,1
901342,024,Customer 024,6711 Main Street,Bronx,NY,04/15/2026,Wednesday,40.896883630705474,-73.85135085346376,7,0.78,0.0,0.0,0.78,1
901343,025,Customer 025,7872 Main Street,Brooklyn,NY,04/15/2026,Wednesday,40.69835136729073,-73.9158925078441,8,0.96,0.0,0.0,0.96,1
901344,026,Customer 026,7151 Main Street,Queens,NY,04/15/2026,Wednesday,40.67584687606802,-73.85557337127459,73,3.56,0.35,0.0,3.91,1
901346,038,Customer 038,5455 Main Street,Manhattan,NY,04/15/2026,Wednesday,40.717842608430665,-73.9892410907712,3,0.58,0.0,0.25,0.83,1
901348,055,Customer 055,2070 Main Street,Queens,NY,04/15/2026,Wednesday,40.69661296220641,-73.82879015350318,25,6.75,0.04,0.0,6.79,1
901349,060,Customer 060,9987 Main Street,Brooklyn,NY,04/15/2026,Wednesday,40.676333247614394,-73.88613509640518,24,0.81,0.15,0.0,0.96,1
901350,067,Customer 067,4134 Main Street,Bronx,NY,04/15/2026,Wednesday,40.86604266971237,-73.92623623009767,14,0.96,0.0,0.25,1.21,1
901351,082,Customer 082,8815 Main Street,Bronx,NY,04/15/2026,Wednesday,40.869718152184745,-73.87892875884225,70,0.84,0.0,0.0,0.84,1
901352,086,Customer 086,7084 Main Street,Bronx,NY,04/15/2026,Wednesday,40.85368960688969,-73.90929502876213,33,0.67,0.0,0.0,0.67,1
901353,092,Customer 092,4805 Main Street,Brooklyn,NY,04/15/2026,Wednesday,40.63740290973405,-73.92010562279191,35,4.1,0.0,0.0,4.1,1
901354,005,Customer 005,8853 Main Street,Queens,NY,04/16/2026,Thursday,40.69747391202919,-73.82905390354207,25,2.79,0.12,0.0,2.91,1
901359,035,Customer 035,267 Main Street,Queens,NY,04/16/2026,Thursday,40.594970715995146,-73.77416307485291,1,0.71,0.0,0.0,0.71,1
901355,009,Customer 009,7207 Main Street,Queens,NY,04/16/2026,Thursday,40.600009486593315,-73.74405287870175,1,0.52,0.0,0.0,0.52,2
901362,043,Customer 043,6624 Main Street,Queens,NY,04/16/2026,Thursday,40.68152075934443,-73.85443641970784,1,0.52,0.08,0.0,0.6,3
901356,018,Customer 018,3487 Main Street,Bronx,NY,04/16/2026,Thursday,40.84297611177931,-73.84592385676613,31,4.61,0.35,0.0,4.96,1
901371,088,Customer 088,6425 Main Street,Bronx,NY,04/16/2026,Thursday,40.85920015425595,-73.90056567901365,31,6.21,0.0,0.0,6.21,2
901357,023,Customer 023,5519 Main Street,Queens,NY,04/16/2026,Thursday,40.76091447600587,-73.88181045003793,5,0.94,0.0,0.06,1.0,1
901358,030,Customer 030,7027 Main Street,Brooklyn,NY,04/16/2026,Thursday,40.63878496266752,-73.97263862633669,17,2.36,0.0,0.0,2.36,1
901360,039,Customer 039,6579 Main Street,Bronx,NY,04/16/2026,Thursday,40.84909985735391,-73.92113692416197,70,0.65,0.0,0.0,0.65,1
901361,042,Customer 042,8104 Main Street,Brooklyn,NY,04/16/2026,Thursday,40.63208584532311,-73.96647452968952,9,1.78,0.12,0.0,1.9,1
901363,048,Customer 048,1517 Main Street,Queens,NY,04/16/2026,Thursday,40.75405265049564,-73.81832518415463,2,0.49,0.0,0.0,0.49,1
901366,056,Customer 056,3196 Main Street,Queens,NY,04/16/2026,Thursday,40.7572560717902,-73.91514119505781,2,0.84,0.35,0.0,1.19,2
901364,049,Customer 049,7783 Main Street,Bronx,NY,04/16/2026,Thursday,40.84161725986629,-73.90132809233144,7,0.51,0.0,0.0,0.51,1
901365,050,Customer 050,1469 Main Street,Bronx,NY,04/16/2026,Thursday,40.88504380789946,-73.85462851943738,7,0.82,0.35,0.0,1.17,2
901367,060,Customer 060,2975 Main Street,Brooklyn,NY,04/16/2026,Thursday,40.676333247614394,-73.88613509640518,24,0.68,0.15,0.0,0.83,1
901368,075,Customer 075,1029 Main Street,Manhattan,NY,04/16/2026,Thursday,40.70710965261643,-73.94500754484459,6,1.46,0.11,0.0,1.57,1
901369,078,Customer 078,5370 Main Street,Manhattan,NY,04/16/2026,Thursday,40.76169824334662,-73.94957140792144,21,0.53,0.14,0.0,0.67,1
901370,086,Customer 086,9334 Main Street,Bronx,NY,04/16/2026,Thursday,40.85368960688969,-73.90929502876213,33,0.66,0.0,0.0,0.66,1
901372,090,Customer 090,4196 Main Street,Queens,NY,04/16/2026,Thursday,40.66953057344241,-73.7824756165742,34,6.09,0.0,0.0,6.09,1
901373,093,Customer 093,6000 Main Street,Queens,NY,04/16/2026,Thursday,40.692614111895054,-73.84437929166077,36,5.19,0.0,0.0,5.19,1
901374,004,Customer 004,5012 Main Street,New York,NY,04/17/2026,Friday,40.81882756334608,-73.93725056647254,20,3.65,0.0,0.0,3.65,1
901375,005,Customer 005,3818 Main Street,Queens,NY,04/17/2026,Friday,40.69747391202919,-73.82905390354207,25,2.69,0.12,0.0,2.81,1
901376,006,Customer 006,6748 Main Street,Manhattan,NY,04/17/2026,Friday,40.80740818873632,-73.96565982955099,4,0.67,0.0,0.0,0.67,1
901383,061,Customer 061,2590 Main Street,Brooklyn,NY,04/17/2026,Friday,40.598422117306654,-73.94163633556525,15,0.82,0.0,0.0,0.82,1
901377,007,Customer 007,6464 Main Street,Brooklyn,NY,04/17/2026,Friday,40.63116428754058,-73.96665280296365,15,3.39,0.0,0.0,3.39,2
901390,084,Customer 084,4240 Main Street,Brooklyn,NY,04/17/2026,Friday,40.66480658774192,-73.9572281363883,15,0.67,0.23,0.0,0.9,3
901378,008,Customer 008,8782 Main Street,Bronx,NY,04/17/2026,Friday,40.81813101864817,-73.90411620231987,70,1.29,0.0,0.0,1.29,1
901379,017,Customer 017,3598 Main Street,Brooklyn,NY,04/17/2026,Friday,40.68918573963909,-73.95966142657014,30,1.81,0.0,0.0,1.81,1
901380,031,Customer 031,9396 Main Street,Bronx,NY,04/17/2026,Friday,40.85734534786821,-73.89474039555732,22,2.74,0.35,0.02,3.11,1
901381,051,Customer 051,964 Main Street,Queens,NY,04/17/2026,Friday,40.60737229758411,-73.75316746816085,1,0.64,0.35,0.0,0.99,1
901382,054,Customer 054,5139 Main Street,Manhattan,NY,04/17/2026,Friday,40.70449809311375,-73.95658499114683,10,0.48,0.0,0.0,0.48,1
901384,064,Customer 064,4707 Main Street,Brooklyn,NY,04/17/2026,Friday,40.67139788117989,-73.9340888408256,23,1.6,0.19,0.0,1.79,1
901385,068,Customer 068,2321 Main Street,Brooklyn,NY,04/17/2026,Friday,40.63036297971589,-74.08136228889674,17,0.76,0.13,0.0,0.89,1
901386,073,Customer 073,9470 Main Street,Brooklyn,NY,04/17/2026,Friday,40.65052535821618,-73.96218340829046,8,1.02,0.11,0.0,1.13,1
901387,074,Customer 074,9386 Main Street,Bronx,NY,04/17/2026,Friday,40.87654063424415,-73.86675762676278,71,2.77,0.04,0.0,2.81,1
901388,080,Customer 080,3329 Main Street,Queens,NY,04/17/2026,Friday,40.67620628689007,-73.74285399139629,2,0.72,0.0,0.0,0.72,1
901389,083,Customer 083,8205 Main Street,Brooklyn,NY,04/17/2026,Friday,40.63287188101084,-74.16028394578468,16,4.52,0.35,0.0,4.87,1
901391,088,Customer 088,4012 Main Street,Bronx,NY,04/17/2026,Friday,40.85920015425595,-73.90056567901365,31,5.41,0.0,0.25,5.66,1
901410,091,Customer 091,8071 Main Street,Queens,NY,04/20/2026,Monday,40.69772873982824,-73.8341823153853,45,0.93,0.0,0.0,0.93,1
901392,001,Customer 001,274 Main Street,Bronx,NY,04/20/2026,Monday,40.82393494763585,-73.90903906592717,45,3.65,0.35,0.0,4.0,2
901393,005,Customer 005,5599 Main Street,Queens,NY,04/20/2026,Monday,40.69747391202919,-73.82905390354207,25,2.18,0.12,0.0,2.3,1
901394,010,Customer 010,3260 Main Street,Brooklyn,NY,04/20/2026,Monday,40.65654070000209,-73.91897014191731,6,0.43,0.0,0.0,0.43,1
901403,059,Customer 059,7146 Main Street,Brooklyn,NY,04/20/2026,Monday,40.67755950741335,-73.91187495774679,6,0.51,0.17,0.25,0.93,2
901395,015,Customer 015,1959 Main Street,Bronx,NY,04/20/2026,Monday,40.82239448550935,-73.91429829435131,21,0.55,0.0,0.0,0.55,1
901396,018,Customer 018,3982 Main Street,Bronx,NY,04/20/2026,Monday,40.84297611177931,-73.84592385676613,31,3.62,0.35,0.0,3.97,1
901397,020,Customer 020,1253 Main Street,Queens,NY,04/20/2026,Monday,40.70811449489744,-73.79898444261066,32,0.41,0.35,0.0,0.76,1
901398,021,Customer 021,5521 Main Street,Brooklyn,NY,04/20/2026,Monday,40.68093339365346,-73.94670663597643,18,1.48,0.0,0.0,1.48,1
901399,031,Customer 031,1401 Main Street,Bronx,NY,04/20/2026,Monday,40.85734534786821,-73.89474039555732,22,2.58,0.0,0.02,2.6,1
901400,034,Customer 034,3148 Main Street,Manhattan,NY,04/20/2026,Monday,40.768896755175966,-73.95610818925888,3,1.78,0.0,0.07,1.85,1
901401,045,Customer 045,3183 Main Street,Brooklyn,NY,04/20/2026,Monday,40.63550402142037,-74.13303054062014,Bronx,0.75,0.0,0.0,0.75,1
901402,056,Customer 056,4223 Main Street,Queens,NY,04/20/2026,Monday,40.7572560717902,-73.91514119505781,2,0.89,0.0,0.0,0.89,1
901404,063,Customer 063,6022 Main Street,Brooklyn,NY,04/20/2026,Monday,40.689007393638555,-73.9173641706466,10,3.08,0.35,0.0,3.43,1
901405,066,Customer 066,5967 Main Street,Brooklyn,NY,04/20/2026,Monday,40.66065294279969,-73.87876303673895,1,0.79,0.09,0.0,0.88,1
901406,067,Customer 067,5235 Main Street,Bronx,NY,04/20/2026,Monday,40.86604266971237,-73.92623623009767,14,0.8,0.0,0.0,0.8,1
901407,084,Customer 084,2547 Main Street,Brooklyn,NY,04/20/2026,Monday,40.66480658774192,-73.9572281363883,15,0.67,0.28,0.0,0.95,1
901409,089,Customer 089,8248 Main Street,Bronx,NY,04/20/2026,Monday,40.830728643622344,-73.89126472129591,33,6.89,0.0,0.0,6.89,1
901408,086,Customer 086,9814 Main Street,Bronx,NY,04/20/2026,Monday,40.85368960688969,-73.90929502876213,33,0.9,0.0,0.0,0.9,2
901415,036,Customer 036,5369 Main Street,New York,NY,04/21/2026,Tuesday,40.80325822563249,-73.93591692391615,14,0.6,0.0,0.29,0.89,1
901411,013,Customer 013,7128 Main Street,New York,NY,04/21/2026,Tuesday,40.81574307418728,-73.9379714247544,14,0.7,0.0,0.0,0.7,2
901414,029,Customer 029,3850 Main Street,Bronx,NY,04/21/2026,Tuesday,40.853619797063494,-73.90831990645347,14,2.23,0.0,0.0,2.23,3
901422,067,Customer 067,377 Main Street,Bronx,NY,04/21/2026,Tuesday,40.86604266971237,-73.92623623009767,14,0.73,0.0,0.0,0.73,4
901416,041,Customer 041,4625 Main Street,New York,NY,04/21/2026,Tuesday,40.759382235947626,-73.93895415268634,21,0.46,0.0,0.0,0.46,1
901412,015,Customer 015,2199 Main Street,Bronx,NY,04/21/2026,Tuesday,40.82239448550935,-73.91429829435131,21,0.52,0.0,0.0,0.52,2
901413,028,Customer 028,3284 Main Street,Queens,NY,04/21/2026,Tuesday,40.71519521264396,-73.74349772371512,2,0.52,0.0,0.0,0.52,1
901419,056,Customer 056,278 Main Street,Queens,NY,04/21/2026,Tuesday,40.7572560717902,-73.91514119505781,2,0.81,0.0,0.0,0.81,2
901417,044,Customer 044,5935 Main Street,Brooklyn,NY,04/21/2026,Tuesday,40.685443993544496,-73.943950969423,73,0.51,0.0,0.25,0.76,1
901418,047,Customer 047,8886 Main Street,Manhattan,NY,04/21/2026,Tuesday,40.71773283828544,-73.98411846097412,3,0.46,0.0,0.0,0.46,1
901421,063,Customer 063,1865 Main Street,Brooklyn,NY,04/21/2026,Tuesday,40.689007393638555,-73.9173641706466,10,2.85,0.0,0.0,2.85,1
901420,062,Customer 062,7418 Main Street,Brooklyn,NY,04/21/2026,Tuesday,40.689239848977614,-73.91777406506378,10,2.02,0.0,0.0,2.02,2
901423,081,Customer 081,1015 Main Street,Brooklyn,NY,04/21/2026,Tuesday,40.68024236564245,-73.93137158188019,17,1.12,0.0,0.0,1.12,1
901424,083,Customer 083,1775 Main Street,Brooklyn,NY,04/21/2026,Tuesday,40.63287188101084,-74.16028394578468,16,3.77,0.0,0.0,3.77,1
901425,084,Customer 084,5950 Main Street,Brooklyn,NY,04/21/2026,Tuesday,40.66480658774192,-73.9572281363883,15,0.68,0.2,0.0,0.88,1
901426,087,Customer 087,6587 Main Street,Brooklyn,NY,04/21/2026,Tuesday,40.66150707860249,-73.87346498223229,99,8.98,0.0,0.0,8.98,1
901427,089,Customer 089,4372 Main Street,Bronx,NY,04/21/2026,Tuesday,40.830728643622344,-73.89126472129591,33,5.71,0.0,0.0,5.71,1
901437,041,Customer 041,4171 Main Street,New York,NY,04/22/2026,Wednesday,40.759382235947626,-73.93895415268634,21,0.51,0.0,0.0,0.51,1
901428,015,Customer 015,3860 Main Street,Bronx,NY,04/22/2026,Wednesday,40.82239448550935,-73.91429829435131,21,0.42,0.0,0.25,0.67,2
901436,032,Customer 032,3645 Main Street,Bronx,NY,04/22/2026,Wednesday,40.853589534832395,-73.89464414584027,21,0.46,0.0,0.0,0.46,3
901429,017,Customer 017,2789 Main Street,Brooklyn,NY,04/22/2026,Wednesday,40.68918573963909,-73.95966142657014,30,1.76,0.0,0.0,1.76,1
901430,018,Customer 018,4710 Main Street,Bronx,NY,04/22/2026,Wednesday,40.84297611177931,-73.84592385676613,31,3.57,0.35,0.0,3.92,1
901431,019,Customer 019,4298 Main Street,Manhattan,NY,04/22/2026,Wednesday,40.778836484045,-73.98329931044094,4,0.75,0.0,0.0,0.75,1
901432,021,Customer 021,572 Main Street,Brooklyn,NY,04/22/2026,Wednesday,40.68093339365346,-73.94670663597643,18,1.25,0.0,0.0,1.25,1
901433,024,Customer 024,6448 Main Street,Bronx,NY,04/22/2026,Wednesday,40.896883630705474,-73.85135085346376,7,0.8,0.0,0.0,0.8,1
901434,025,Customer 025,9442 Main Street,Brooklyn,NY,04/22/2026,Wednesday,40.69835136729073,-73.9158925078441,8,0.89,0.0,0.0,0.89,1
901435,026,Customer 026,9819 Main Street,Queens,NY,04/22/2026,Wednesday,40.67584687606802,-73.85557337127459,73,3.49,0.0,0.0,3.49,1
901438,044,Customer 044,4593 Main Street,Brooklyn,NY,04/22/2026,Wednesday,40.685443993544496,-73.943950969423,73,0.41,0.35,0.25,1.01,2
901439,067,Customer 067,7907 Main Street,Bronx,NY,04/22/2026,Wednesday,40.86604266971237,-73.92623623009767,14,0.87,0.35,0.0,1.22,1
901440,085,Customer 085,4701 Main Street,Brooklyn,NY,04/22/2026,Wednesday,40.6758490834141,-73.87795663986044,11,0.99,0.12,0.0,1.11,1
901441,086,Customer 086,4555 Main Street,Bronx,NY,04/22/2026,Wednesday,40.85368960688969,-73.90929502876213,33,0.87,0.0,0.0,0.87,1
901442,005,Customer 005,9022 Main Street,Queens,NY,04/23/2026,Thursday,40.69747391202919,-73.82905390354207,25,2.24,0.1,0.0,2.34,1
901443,009,Customer 009,2950 Main Street,Queens,NY,04/23/2026,Thursday,40.600009486593315,-73.74405287870175,1,0.43,0.0,0.0,0.43,1
901444,018,Customer 018,2355 Main Street,Bronx,NY,04/23/2026,Thursday,40.84297611177931,-73.84592385676613,31,5.07,0.35,0.0,5.42,1
901445,023,Customer 023,2476 Main Street,Queens,NY,04/23/2026,Thursday,40.76091447600587,-73.88181045003793,5,0.97,0.35,0.05,1.37,1
901448,040,Customer 040,6535 Main Street,Queens,NY,04/23/2026,Thursday,40.76395482312956,-73.91128512522792,5,0.58,0.0,0.0,0.58,2
901446,030,Customer 030,6964 Main Street,Brooklyn,NY,04/23/2026,Thursday,40.63878496266752,-73.97263862633669,17,2.31,0.0,0.0,2.31,1
901447,039,Customer 039,5432 Main Street,Bronx,NY,04/23/2026,Thursday,40.84909985735391,-73.92113692416197,70,0.61,0.0,0.0,0.61,1
901449,049,Customer 049,8365 Main Street,Bronx,NY,04/23/2026,Thursday,40.84161725986629,-73.90132809233144,7,0.44,0.35,0.0,0.79,1
901450,050,Customer 050,5122 Main Street,Bronx,NY,04/23/2026,Thursday,40.88504380789946,-73.85462851943738,7,0.99,0.0,0.0,0.99,2
901451,056,Customer 056,3142 Main Street,Queens,NY,04/23/2026,Thursday,40.7572560717902,-73.91514119505781,2,0.64,0.35,0.0,0.99,1
901452,064,Customer 064,5077 Main Street,Brooklyn,NY,04/23/2026,Thursday,40.67139788117989,-73.9340888408256,23,1.74,0.16,0.0,1.9,1
901453,086,Customer 086,1459 Main Street,Bronx,NY,04/23/2026,Thursday,40.85368960688969,-73.90929502876213,33,0.94,0.0,0.0,0.94,1
901454,093,Customer 093,7492 Main Street,Queens,NY,04/23/2026,Thursday,40.692614111895054,-73.84437929166077,36,4.33,0.0,0.0,4.33,1
901455,001,Customer 001,8395 Main Street,Bronx,NY,04/24/2026,Friday,40.82393494763585,-73.90903906592717,45,3.29,0.0,0.0,3.29,1
901456,005,Customer 005,898 Main Street,Queens,NY,04/24/2026,Friday,40.69747391202919,-73.82905390354207,25,2.6,0.13,0.0,2.73,1
901457,006,Customer 006,7501 Main Street,Manhattan,NY,04/24/2026,Friday,40.80740818873632,-73.96565982955099,4,0.67,0.0,0.0,0.67,1
901458,007,Customer 007,1896 Main Street,Brooklyn,NY,04/24/2026,Friday,40.63116428754058,-73.96665280296365,15,3.0,0.0,0.0,3.0,1
901459,008,Customer 008,4180 Main Street,Bronx,NY,04/24/2026,Friday,40.81813101864817,-73.90411620231987,70,1.68,0.35,0.0,2.03,1
901460,009,Customer 009,6272 Main Street,Queens,NY,04/24/2026,Friday,40.600009486593315,-73.74405287870175,1,0.57,0.0,0.0,0.57,1
901462,051,Customer 051,5020 Main Street,Queens,NY,04/24/2026,Friday,40.60737229758411,-73.75316746816085,1,0.65,0.35,0.0,1.0,2
901461,031,Customer 031,7018 Main Street,Bronx,NY,04/24/2026,Friday,40.85734534786821,-73.89474039555732,22,2.26,0.0,0.03,2.29,1
901463,054,Customer 054,4456 Main Street,Manhattan,NY,04/24/2026,Friday,40.70449809311375,-73.95658499114683,10,0.41,0.0,0.0,0.41,1
901468,080,Customer 080,2676 Main Street,Queens,NY,04/24/2026,Friday,40.67620628689007,-73.74285399139629,2,0.76,0.0,0.0,0.76,1
901464,056,Customer 056,7970 Main Street,Queens,NY,04/24/2026,Friday,40.7572560717902,-73.91514119505781,2,0.94,0.0,0.0,0.94,2
901465,064,Customer 064,8453 Main Street,Brooklyn,NY,04/24/2026,Friday,40.67139788117989,-73.9340888408256,23,1.89,0.14,0.0,2.03,1
901466,068,Customer 068,6874 Main Street,Brooklyn,NY,04/24/2026,Friday,40.63036297971589,-74.08136228889674,17,0.73,0.11,0.0,0.84,1
901467,074,Customer 074,6222 Main Street,Bronx,NY,04/24/2026,Friday,40.87654063424415,-73.86675762676278,71,2.74,0.04,0.25,3.03,1
901469,083,Customer 083,9302 Main Street,Brooklyn,NY,04/24/2026,Friday,40.63287188101084,-74.16028394578468,16,3.07,0.0,0.0,3.07,1
901493,091,Customer 091,7396 Main Street,Queens,NY,04/27/2026,Monday,40.69772873982824,-73.8341823153853,45,0.73,0.35,0.0,1.08,1
901470,001,Customer 001,9759 Main Street,Bronx,NY,04/27/2026,Monday,40.82393494763585,-73.90903906592717,45,4.71,0.0,0.0,4.71,2
901471,003,Customer 003,7789 Main Street,Bronx,NY,04/27/2026,Monday,40.86555164559,-73.88702973397817,19,8.68,0.0,0.0,8.68,1
901472,005,Customer 005,1131 Main Street,Queens,NY,04/27/2026,Monday,40.69747391202919,-73.82905390354207,25,3.31,0.11,0.0,3.42,1
901473,010,Customer 010,9373 Main Street,Brooklyn,NY,04/27/2026,Monday,40.65654070000209,-73.91897014191731,6,0.47,0.0,0.0,0.47,1
901488,059,Customer 059,3710 Main Street,Brooklyn,NY,04/27/2026,Monday,40.67755950741335,-73.91187495774679,6,0.45,0.15,0.0,0.6,2
901474,015,Customer 015,3185 Main Street,Bronx,NY,04/27/2026,Monday,40.82239448550935,-73.91429829435131,21,0.46,0.0,0.0,0.46,1
901475,016,Customer 016,4933 Main Street,Bronx,NY,04/27/2026,Monday,40.854973107257365,-73.86437656576189,21,0.62,0.0,0.0,0.62,2
901476,018,Customer 018,7680 Main Street,Bronx,NY,04/27/2026,Monday,40.84297611177931,-73.84592385676613,31,4.61,0.0,0.0,4.61,1
901477,020,Customer 020,3470 Main Street,Queens,NY,04/27/2026,Monday,40.70811449489744,-73.79898444261066,32,0.57,0.0,0.0,0.57,1
901478,021,Customer 021,8242 Main Street,Brooklyn,NY,04/27/2026,Monday,40.68093339365346,-73.94670663597643,18,1.48,0.0,0.0,1.48,1
901479,022,Customer 022,7621 Main Street,Queens,NY,04/27/2026,Monday,40.70649711069442,-73.756756602347,2,0.58,0.0,0.0,0.58,1
901487,056,Customer 056,8066 Main Street,Queens,NY,04/27/2026,Monday,40.7572560717902,-73.91514119505781,2,0.9,0.0,0.0,0.9,2
901480,027,Customer 027,3195 Main Street,Brooklyn,NY,04/27/2026,Monday,40.687360434885576,-73.98066195659537,9,0.72,0.0,0.25,0.97,1
901481,033,Customer 033,7107 Main Street,Bronx,NY,04/27/2026,Monday,40.88677507240233,-73.85199192252,7,0.87,0.0,0.0,0.87,1
901482,034,Customer 034,5230 Main Street,Manhattan,NY,04/27/2026,Monday,40.768896755175966,-73.95610818925888,3,1.55,0.0,0.07,1.62,1
901484,046,Customer 046,4756 Main Street,Manhattan,NY,04/27/2026,Monday,40.773204917119784,-73.95678092820883,3,1.06,0.0,0.0,1.06,2
901483,045,Customer 045,9382 Main Street,Brooklyn,NY,04/27/2026,Monday,40.63550402142037,-74.13303054062014,Bronx,0.94,0.0,0.0,0.94,1
901485,052,Customer 052,5289 Main Street,Bronx,NY,04/27/2026,Monday,40.84586642009279,-73.89820757611032,14,1.69,0.0,0.0,1.69,1
901486,053,Customer 053,8975 Main Street,Queens,NY,04/27/2026,Monday,40.7618627220245,-73.88916852512102,5,1.84,0.0,0.0,1.84,1
901489,061,Customer 061,6435 Main Street,Brooklyn,NY,04/27/2026,Monday,40.598422117306654,-73.94163633556525,15,0.98,0.0,0.0,0.98,1
901492,084,Customer 084,497 Main Street,Brooklyn,NY,04/27/2026,Monday,40.66480658774192,-73.9572281363883,15,0.51,0.25,0.0,0.76,2
901490,066,Customer 066,6328 Main Street,Brooklyn,NY,04/27/2026,Monday,40.66065294279969,-73.87876303673895,1,0.65,0.1,0.0,0.75,1
901491,070,Customer 070,8415 Main Street,Brooklyn,NY,04/27/2026,Monday,40.67439672491399,-73.9226282137167,11,0.93,0.0,0.25,1.18,1
901494,094,Customer 094,7940 Main Street,Queens,NY,04/27/2026,Monday,40.69384632036886,-73.84342565090739,37,3.76,0.0,0.0,3.76,1
901495,095,Customer 095,8798 Main Street,Queens,NY,04/27/2026,Monday,40.68727132626413,-73.82300862324279,38,4.0,0.0,0.0,4.0,1
901496,002,Customer 002,1574 Main Street,Queens,NY,04/28/2026,Tuesday,40.70595191172637,-73.75457110312014,25,0.79,0.04,0.0,0.83,1
901497,011,Customer 011,6808 Main Street,Brooklyn,NY,04/28/2026,Tuesday,40.652082455862505,-73.92481650340132,18,1.56,0.0,0.0,1.56,1
901502,036,Customer 036,792 Main Street,New York,NY,04/28/2026,Tuesday,40.80325822563249,-73.93591692391615,14,0.44,0.0,0.31,0.75,1
901498,013,Customer 013,2982 Main Street,New York,NY,04/28/2026,Tuesday,40.81574307418728,-73.9379714247544,14,0.58,0.35,0.25,1.18,2
901501,029,Customer 029,7785 Main Street,Bronx,NY,04/28/2026,Tuesday,40.853619797063494,-73.90831990645347,14,2.18,0.0,0.0,2.18,3
901511,067,Customer 067,9137 Main Street,Bronx,NY,04/28/2026,Tuesday,40.86604266971237,-73.92623623009767,14,0.66,0.0,0.0,0.66,4
901504,041,Customer 041,8614 Main Street,New York,NY,04/28/2026,Tuesday,40.759382235947626,-73.93895415268634,21,0.6,0.0,0.0,0.6,1
901499,015,Customer 015,3301 Main Street,Bronx,NY,04/28/2026,Tuesday,40.82239448550935,-73.91429829435131,21,0.5,0.0,0.25,0.75,2
901500,028,Customer 028,439 Main Street,Queens,NY,04/28/2026,Tuesday,40.71519521264396,-73.74349772371512,2,0.47,0.0,0.0,0.47,1
901507,056,Customer 056,2391 Main Street,Queens,NY,04/28/2026,Tuesday,40.7572560717902,-73.91514119505781,2,0.9,0.0,0.0,0.9,2
901503,039,Customer 039,6571 Main Street,Bronx,NY,04/28/2026,Tuesday,40.84909985735391,-73.92113692416197,70,0.56,0.0,0.0,0.56,1
901505,044,Customer 044,6779 Main Street,Brooklyn,NY,04/28/2026,Tuesday,40.685443993544496,-73.943950969423,73,0.57,0.0,0.0,0.57,1
901506,047,Customer 047,4989 Main Street,Manhattan,NY,04/28/2026,Tuesday,40.71773283828544,-73.98411846097412,3,0.41,0.35,0.0,0.76,1
901508,060,Customer 060,7740 Main Street,Brooklyn,NY,04/28/2026,Tuesday,40.676333247614394,-73.88613509640518,24,0.71,0.12,0.0,0.83,1
901510,063,Customer 063,970 Main Street,Brooklyn,NY,04/28/2026,Tuesday,40.689007393638555,-73.9173641706466,10,3.26,0.0,0.0,3.26,1
901509,062,Customer 062,4120 Main Street,Brooklyn,NY,04/28/2026,Tuesday,40.689239848977614,-73.91777406506378,10,1.86,0.0,0.0,1.86,2
901512,072,Customer 072,1759 Main Street,Brooklyn,NY,04/28/2026,Tuesday,40.65171110205392,-73.9191771105472,9,0.44,0.0,0.0,0.44,1
901513,077,Customer 077,7641 Main Street,Brooklyn,NY,04/28/2026,Tuesday,40.68010726771517,-73.91396093950846,23,0.94,0.13,0.0,1.07,1
901514,081,Customer 081,7200 Main Street,Brooklyn,NY,04/28/2026,Tuesday,40.68024236564245,-73.93137158188019,17,1.13,0.0,0.0,1.13,1
901515,084,Customer 084,6291 Main Street,Brooklyn,NY,04/28/2026,Tuesday,40.66480658774192,-73.9572281363883,15,0.59,0.18,0.0,0.77,1
901516,087,Customer 087,3316 Main Street,Brooklyn,NY,04/28/2026,Tuesday,40.66150707860249,-73.87346498223229,99,9.54,0.0,0.0,9.54,1
901517,089,Customer 089,2278 Main Street,Bronx,NY,04/28/2026,Tuesday,40.830728643622344,-73.89126472129591,33,6.65,0.35,0.0,7.0,1
901518,003,Customer 003,8007 Main Street,Bronx,NY,04/29/2026,Wednesday,40.86555164559,-73.88702973397817,19,6.71,0.0,0.0,6.71,1
901519,012,Customer 012,4328 Main Street,Brooklyn,NY,04/29/2026,Wednesday,40.636920669008184,-74.1652722110478,16,0.56,0.0,0.0,0.56,1
901529,041,Customer 041,1749 Main Street,New York,NY,04/29/2026,Wednesday,40.759382235947626,-73.93895415268634,21,0.53,0.0,0.0,0.53,1
901520,015,Customer 015,2649 Main Street,Bronx,NY,04/29/2026,Wednesday,40.82239448550935,-73.91429829435131,21,0.57,0.0,0.0,0.57,2
901527,032,Customer 032,5568 Main Street,Bronx,NY,04/29/2026,Wednesday,40.853589534832395,-73.89464414584027,21,0.5,0.0,0.0,0.5,3
901521,018,Customer 018,4118 Main Street,Bronx,NY,04/29/2026,Wednesday,40.84297611177931,-73.84592385676613,31,4.55,0.0,0.0,4.55,1
901522,019,Customer 019,8436 Main Street,Manhattan,NY,04/29/2026,Wednesday,40.778836484045,-73.98329931044094,4,0.63,0.0,0.0,0.63,1
901523,021,Customer 021,4321 Main Street,Brooklyn,NY,04/29/2026,Wednesday,40.68093339365346,-73.94670663597643,18,1.7,0.35,0.0,2.05,1
901524,024,Customer 024,2610 Main Street,Bronx,NY,04/29/2026,Wednesday,40.896883630705474,-73.85135085346376,7,0.8,0.0,0.0,0.8,1
901525,025,Customer 025,6651 Main Street,Brooklyn,NY,04/29/2026,Wednesday,40.69835136729073,-73.9158925078441,8,0.87,0.0,0.0,0.87,1
901526,026,Customer 026,7983 Main Street,Queens,NY,04/29/2026,Wednesday,40.67584687606802,-73.85557337127459,73,3.54,0.35,0.0,3.89,1
901530,044,Customer 044,2588 Main Street,Brooklyn,NY,04/29/2026,Wednesday,40.685443993544496,-73.943950969423,73,0.52,0.0,0.0,0.52,2
901528,038,Customer 038,4793 Main Street,Manhattan,NY,04/29/2026,Wednesday,40.717842608430665,-73.9892410907712,3,0.78,0.0,0.0,0.78,1
901531,046,Customer 046,6109 Main Street,Manhattan,NY,04/29/2026,Wednesday,40.773204917119784,-73.95678092820883,3,1.1,0.0,0.0,1.1,2
901532,055,Customer 055,3249 Main Street,Queens,NY,04/29/2026,Wednesday,40.69661296220641,-73.82879015350318,25,5.65,0.03,0.25,5.93,1
901533,060,Customer 060,4760 Main Street,Brooklyn,NY,04/29/2026,Wednesday,40.676333247614394,-73.88613509640518,24,0.73,0.14,0.25,1.12,1
901534,067,Customer 067,5648 Main Street,Bronx,NY,04/29/2026,Wednesday,40.86604266971237,-73.92623623009767,14,0.71,0.0,0.0,0.71,1
901535,082,Customer 082,2028 Main Street,Bronx,NY,04/29/2026,Wednesday,40.869718152184745,-73.87892875884225,70,0.77,0.35,0.0,1.12,1
901536,086,Customer 086,4019 Main Street,Bronx,NY,04/29/2026,Wednesday,40.85368960688969,-73.90929502876213,33,0.72,0.0,0.0,0.72,1
901537,092,Customer 092,7853 Main Street,Brooklyn,NY,04/29/2026,Wednesday,40.63740290973405,-73.92010562279191,35,4.48,0.0,0.0,4.48,1
901538,005,Customer 005,5401 Main Street,Queens,NY,04/30/2026,Thursday,40.69747391202919,-73.82905390354207,25,3.11,0.1,0.0,3.21,1
901539,009,Customer 009,3114 Main Street,Queens,NY,04/30/2026,Thursday,40.600009486593315,-73.74405287870175,1,0.55,0.0,0.0,0.55,1
901540,010,Customer 010,8077 Main Street,Brooklyn,NY,04/30/2026,Thursday,40.65654070000209,-73.91897014191731,6,0.58,0.0,0.0,0.58,1
901551,075,Customer 075,2648 Main Street,Manhattan,NY,04/30/2026,Thursday,40.70710965261643,-73.94500754484459,6,1.45,0.14,0.25,1.84,2
901541,018,Customer 018,6010 Main Street,Bronx,NY,04/30/2026,Thursday,40.84297611177931,-73.84592385676613,31,3.62,0.35,0.25,4.22,1
901542,022,Customer 022,3558 Main Street,Queens,NY,04/30/2026,Thursday,40.70649711069442,-73.756756602347,2,0.6,0.0,0.0,0.6,1
901548,048,Customer 048,6928 Main Street,Queens,NY,04/30/2026,Thursday,40.75405265049564,-73.81832518415463,2,0.46,0.0,0.0,0.46,2
901550,056,Customer 056,3003 Main Street,Queens,NY,04/30/2026,Thursday,40.7572560717902,-73.91514119505781,2,0.96,0.0,0.0,0.96,3
901543,023,Customer 023,4580 Main Street,Queens,NY,04/30/2026,Thursday,40.76091447600587,-73.88181045003793,5,1.22,0.0,0.06,1.28,1
901546,040,Customer 040,734 Main Street,Queens,NY,04/30/2026,Thursday,40.76395482312956,-73.91128512522792,5,0.45,0.0,0.0,0.45,2
901544,030,Customer 030,9064 Main Street,Brooklyn,NY,04/30/2026,Thursday,40.63878496266752,-73.97263862633669,17,3.0,0.0,0.0,3.0,1
901545,039,Customer 039,5263 Main Street,Bronx,NY,04/30/2026,Thursday,40.84909985735391,-73.92113692416197,70,0.56,0.0,0.0,0.56,1
901547,042,Customer 042,3855 Main Street,Brooklyn,NY,04/30/2026,Thursday,40.63208584532311,-73.96647452968952,9,2.28,0.15,0.25,2.68,1
901549,050,Customer 050,938 Main Street,Bronx,NY,04/30/2026,Thursday,40.88504380789946,-73.85462851943738,7,1.11,0.0,0.0,1.11,1
901552,086,Customer 086,4659 Main Street,Bronx,NY,04/30/2026,Thursday,40.85368960688969,-73.90929502876213,33,0.89,0.0,0.0,0.89,1
901553,090,Customer 090,398 Main Street,Queens,NY,04/30/2026,Thursday,40.66953057344241,-73.7824756165742,34,7.07,0.0,0.0,7.07,1
901554,093,Customer 093,5704 Main Street,Queens,NY,04/30/2026,Thursday,40.692614111895054,-73.84437929166077,36,4.9,0.0,0.0,4.9,1
901555,004,Customer 004,7184 Main Street,New York,NY,05/01/2026,Friday,40.81882756334608,-73.93725056647254,20,3.4,0.0,0.0,3.4,1
901556,005,Customer 005,3215 Main Street,Queens,NY,05/01/2026,Friday,40.69747391202919,-73.82905390354207,25,2.75,0.13,0.0,2.88,1
901568,065,Customer 065,4156 Main Street,Manhattan,NY,05/01/2026,Friday,40.76900862942308,-73.96497922070525,4,0.55,0.11,0.01,0.67,1
901557,006,Customer 006,3815 Main Street,Manhattan,NY,05/01/2026,Friday,40.80740818873632,-73.96565982955099,4,0.8,0.0,0.0,0.8,2
901566,061,Customer 061,1645 Main Street,Brooklyn,NY,05/01/2026,Friday,40.598422117306654,-73.94163633556525,15,0.84,0.0,0.0,0.84,1
901558,007,Customer 007,7601 Main Street,Brooklyn,NY,05/01/2026,Friday,40.63116428754058,-73.96665280296365,15,4.19,0.0,0.0,4.19,2
901559,008,Customer 008,7520 Main Street,Bronx,NY,05/01/2026,Friday,40.81813101864817,-73.90411620231987,70,1.48,0.0,0.25,1.73,1
901560,011,Customer 011,221 Main Street,Brooklyn,NY,05/01/2026,Friday,40.652082455862505,-73.92481650340132,18,1.72,0.0,0.0,1.72,1
901561,017,Customer 017,9137 Main Street,Brooklyn,NY,05/01/2026,Friday,40.68918573963909,-73.95966142657014,30,1.35,0.0,0.0,1.35,1
901562,031,Customer 031,5669 Main Street,Bronx,NY,05/01/2026,Friday,40.85734534786821,-73.89474039555732,22,2.05,0.0,0.02,2.07,1
901563,037,Customer 037,3127 Main Street,Brooklyn,NY,05/01/2026,Friday,40.6314761543859,-73.98026120703442,8,0.56,0.35,0.0,0.91,1
901564,051,Customer 051,8968 Main Street,Queens,NY,05/01/2026,Friday,40.60737229758411,-73.75316746816085,1,0.7,0.0,0.0,0.7,1
901572,076,Customer 076,4895 Main Street,Brooklyn,NY,05/01/2026,Friday,40.681777334052896,-73.87899490500013,10,0.6,0.09,0.0,0.69,1
901565,054,Customer 054,9149 Main Street,Manhattan,NY,05/01/2026,Friday,40.70449809311375,-73.95658499114683,10,0.61,0.0,0.0,0.61,2
901567,064,Customer 064,8979 Main Street,Brooklyn,NY,05/01/2026,Friday,40.67139788117989,-73.9340888408256,23,1.65,0.18,0.0,1.83,1
901569,068,Customer 068,375 Main Street,Brooklyn,NY,05/01/2026,Friday,40.63036297971589,-74.08136228889674,17,0.93,0.16,0.0,1.09,1
901570,071,Customer 071,4009 Main Street,Manhattan,NY,05/01/2026,Friday,40.74827382831262,-73.98413653314174,3,0.57,0.0,0.02,0.59,1
901571,074,Customer 074,9071 Main Street,Bronx,NY,05/01/2026,Friday,40.87654063424415,-73.86675762676278,71,2.66,0.03,0.0,2.69,1
901573,080,Customer 080,2142 Main Street,Queens,NY,05/01/2026,Friday,40.67620628689007,-73.74285399139629,2,0.61,0.0,0.0,0.61,1
901574,083,Customer 083,4244 Main Street,Brooklyn,NY,05/01/2026,Friday,40.63287188101084,-74.16028394578468,16,2.95,0.0,0.0,2.95,1
901575,088,Customer 088,4195 Main Street,Bronx,NY,05/01/2026,Friday,40.85920015425595,-73.90056567901365,31,4.83,0.0,0.0,4.83,1
901594,091,Customer 091,5947 Main Street,Queens,NY,05/04/2026,Monday,40.69772873982824,-73.8341823153853,45,0.7,0.0,0.0,0.7,1
901576,001,Customer 001,1852 Main Street,Bronx,NY,05/04/2026,Monday,40.82393494763585,-73.90903906592717,45,4.31,0.0,0.25,4.56,2
901577,003,Customer 003,6141 Main Street,Bronx,NY,05/04/2026,Monday,40.86555164559,-73.88702973397817,19,7.01,0.0,0.0,7.01,1
901578,005,Customer 005,3402 Main Street,Queens,NY,05/04/2026,Monday,40.69747391202919,-73.82905390354207,25,2.93,0.12,0.0,3.05,1
901579,010,Customer 010,4587 Main Street,Brooklyn,NY,05/04/2026,Monday,40.65654070000209,-73.91897014191731,6,0.61,0.0,0.0,0.61,1
901588,059,Customer 059,4051 Main Street,Brooklyn,NY,05/04/2026,Monday,40.67755950741335,-73.91187495774679,6,0.47,0.17,0.0,0.64,2
901580,015,Customer 015,3439 Main Street,Bronx,NY,05/04/2026,Monday,40.82239448550935,-73.91429829435131,21,0.59,0.0,0.0,0.59,1
901581,016,Customer 016,7082 Main Street,Bronx,NY,05/04/2026,Monday,40.854973107257365,-73.86437656576189,21,0.62,0.0,0.0,0.62,2
901582,018,Customer 018,5067 Main Street,Bronx,NY,05/04/2026,Monday,40.84297611177931,-73.84592385676613,31,4.7,0.35,0.0,5.05,1
901583,020,Customer 020,6499 Main Street,Queens,NY,05/04/2026,Monday,40.70811449489744,-73.79898444261066,32,0.56,0.0,0.0,0.56,1
901584,021,Customer 021,3940 Main Street,Brooklyn,NY,05/04/2026,Monday,40.68093339365346,-73.94670663597643,18,1.39,0.0,0.0,1.39,1
901585,034,Customer 034,1855 Main Street,Manhattan,NY,05/04/2026,Monday,40.768896755175966,-73.95610818925888,3,1.49,0.35,0.09,1.93,1
901586,045,Customer 045,9174 Main Street,Brooklyn,NY,05/04/2026,Monday,40.63550402142037,-74.13303054062014,Bronx,0.88,0.0,0.25,1.13,1
901591,069,Customer 069,4301 Main Street,Queens,NY,05/04/2026,Monday,40.68901703882041,-73.80356301377114,2,0.73,0.05,0.0,0.78,1
901587,056,Customer 056,1674 Main Street,Queens,NY,05/04/2026,Monday,40.7572560717902,-73.91514119505781,2,0.93,0.0,0.0,0.93,2
901589,066,Customer 066,6856 Main Street,Brooklyn,NY,05/04/2026,Monday,40.66065294279969,-73.87876303673895,1,0.67,0.1,0.0,0.77,1
901590,067,Customer 067,9087 Main Street,Bronx,NY,05/04/2026,Monday,40.86604266971237,-73.92623623009767,14,0.89,0.0,0.0,0.89,1
901592,070,Customer 070,9744 Main Street,Brooklyn,NY,05/04/2026,Monday,40.67439672491399,-73.9226282137167,11,0.83,0.0,0.0,0.83,1
901593,084,Customer 084,8120 Main Street,Brooklyn,NY,05/04/2026,Monday,40.66480658774192,-73.9572281363883,15,0.64,0.27,0.0,0.91,1
901599,036,Customer 036,4674 Main Street,New York,NY,05/05/2026,Tuesday,40.80325822563249,-73.93591692391615,14,0.5,0.0,0.44,0.94,1
901595,013,Customer 013,3445 Main Street,New York,NY,05/05/2026,Tuesday,40.81574307418728,-73.9379714247544,14,0.7,0.35,0.0,1.05,2
901598,029,Customer 029,9694 Main Street,Bronx,NY,05/05/2026,Tuesday,40.853619797063494,-73.90831990645347,14,1.88,0.0,0.0,1.88,3
901607,067,Customer 067,1470 Main Street,Bronx,NY,05/05/2026,Tuesday,40.86604266971237,-73.92623623009767,14,0.87,0.0,0.0,0.87,4
901600,041,Customer 041,7716 Main Street,New York,NY,05/05/2026,Tuesday,40.759382235947626,-73.93895415268634,21,0.44,0.0,0.0,0.44,1
901596,015,Customer 015,1136 Main Street,Bronx,NY,05/05/2026,Tuesday,40.82239448550935,-73.91429829435131,21,0.57,0.0,0.0,0.57,2
901597,028,Customer 028,9193 Main Street,Queens,NY,05/05/2026,Tuesday,40.71519521264396,-73.74349772371512,2,0.56,0.0,0.0,0.56,1
901603,056,Customer 056,1632 Main Street,Queens,NY,05/05/2026,Tuesday,40.7572560717902,-73.91514119505781,2,0.82,0.35,0.0,1.17,2
901601,044,Customer 044,8841 Main Street,Brooklyn,NY,05/05/2026,Tuesday,40.685443993544496,-73.943950969423,73,0.56,0.0,0.0,0.56,1
901602,047,Customer 047,2315 Main Street,Manhattan,NY,05/05/2026,Tuesday,40.71773283828544,-73.98411846097412,3,0.6,0.0,0.0,0.6,1
901604,058,Customer 058,3463 Main Street,Manhattan,NY,05/05/2026,Tuesday,40.71874598664543,-73.98172887364404,3,0.43,0.03,0.0,0.46,2
901606,063,Customer 063,5632 Main Street,Brooklyn,NY,05/05/2026,Tuesday,40.689007393638555,-73.9173641706466,10,3.09,0.0,0.0,3.09,1
901605,062,Customer 062,9057 Main Street,Brooklyn,NY,05/05/2026,Tuesday,40.689239848977614,-73.91777406506378,10,1.81,0.0,0.0,1.81,2
901608,081,Customer 081,1986 Main Street,Brooklyn,NY,05/05/2026,Tuesday,40.68024236564245,-73.93137158188019,17,1.2,0.0,0.0,1.2,1
901609,083,Customer 083,9041 Main Street,Brooklyn,NY,05/05/2026,Tuesday,40.63287188101084,-74.16028394578468,16,3.42,0.0,0.0,3.42,1
901610,084,Customer 084,8146 Main Street,Brooklyn,NY,05/05/2026,Tuesday,40.66480658774192,-73.9572281363883,15,0.6,0.25,0.0,0.85,1
901611,087,Customer 087,795 Main Street,Brooklyn,NY,05/05/2026,Tuesday,40.66150707860249,-73.87346498223229,99,10.29,0.0,0.0,10.29,1
901612,089,Customer 089,900 Main Street,Bronx,NY,05/05/2026,Tuesday,40.830728643622344,-73.89126472129591,33,6.99,0.0,0.25,7.24,1
901613,090,Customer 090,5694 Main Street,Queens,NY,05/05/2026,Tuesday,40.66953057344241,-73.7824756165742,34,5.58,0.0,0.0,5.58,1
901614,014,Customer 014,9246 Main Street,Manhattan,NY,05/06/2026,Wednesday,40.76099884306126,-73.94084004193822,5,0.58,0.0,0.0,0.58,1
901623,041,Customer 041,3853 Main Street,New York,NY,05/06/2026,Wednesday,40.759382235947626,-73.93895415268634,21,0.59,0.35,0.0,0.94,1
901615,015,Customer 015,8715 Main Street,Bronx,NY,05/06/2026,Wednesday,40.82239448550935,-73.91429829435131,21,0.48,0.0,0.0,0.48,2
901622,032,Customer 032,4226 Main Street,Bronx,NY,05/06/2026,Wednesday,40.853589534832395,-73.89464414584027,21,0.52,0.0,0.0,0.52,3
901616,018,Customer 018,8760 Main Street,Bronx,NY,05/06/2026,Wednesday,40.84297611177931,-73.84592385676613,31,3.37,0.0,0.0,3.37,1
901617,019,Customer 019,4337 Main Street,Manhattan,NY,05/06/2026,Wednesday,40.778836484045,-73.98329931044094,4,0.81,0.0,0.25,1.06,1
901618,021,Customer 021,4179 Main Street,Brooklyn,NY,05/06/2026,Wednesday,40.68093339365346,-73.94670663597643,18,1.43,0.0,0.0,1.43,1
901619,024,Customer 024,2637 Main Street,Bronx,NY,05/06/2026,Wednesday,40.896883630705474,-73.85135085346376,7,0.72,0.35,0.0,1.07,1
901620,025,Customer 025,2899 Main Street,Brooklyn,NY,05/06/2026,Wednesday,40.69835136729073,-73.9158925078441,8,0.68,0.0,0.0,0.68,1
901621,026,Customer 026,4975 Main Street,Queens,NY,05/06/2026,Wednesday,40.67584687606802,-73.85557337127459,73,4.07,0.0,0.0,4.07,1
901624,057,Customer 057,4055 Main Street,Bronx,NY,05/06/2026,Wednesday,40.81995444568525,-73.89158623543398,70,0.41,0.29,0.0,0.7,1
901627,082,Customer 082,1597 Main Street,Bronx,NY,05/06/2026,Wednesday,40.869718152184745,-73.87892875884225,70,0.73,0.0,0.0,0.73,2
901625,067,Customer 067,4873 Main Street,Bronx,NY,05/06/2026,Wednesday,40.86604266971237,-73.92623623009767,14,0.64,0.0,0.25,0.89,1
901626,079,Customer 079,8721 Main Street,Brooklyn,NY,05/06/2026,Wednesday,40.65822719611959,-73.92944076589842,24,1.51,0.09,0.0,1.6,1
901628,085,Customer 085,6762 Main Street,Brooklyn,NY,05/06/2026,Wednesday,40.6758490834141,-73.87795663986044,11,0.81,0.1,0.0,0.91,1
901629,086,Customer 086,8372 Main Street,Bronx,NY,05/06/2026,Wednesday,40.85368960688969,-73.90929502876213,33,0.87,0.0,0.0,0.87,1
901630,001,Customer 001,581 Main Street,Bronx,NY,05/07/2026,Thursday,40.82393494763585,-73.90903906592717,45,4.65,0.0,0.25,4.9,1
901631,005,Customer 005,6281 Main Street,Queens,NY,05/07/2026,Thursday,40.69747391202919,-73.82905390354207,25,3.14,0.11,0.25,3.5,1
901632,009,Customer 009,6907 Main Street,Queens,NY,05/07/2026,Thursday,40.600009486593315,-73.74405287870175,1,0.59,0.0,0.0,0.59,1
901642,066,Customer 066,4989 Main Street,Brooklyn,NY,05/07/2026,Thursday,40.66065294279969,-73.87876303673895,1,0.77,0.08,0.0,0.85,2
901633,018,Customer 018,9521 Main Street,Bronx,NY,05/07/2026,Thursday,40.84297611177931,-73.84592385676613,31,4.78,0.0,0.0,4.78,1
901634,023,Customer 023,6772 Main Street,Queens,NY,05/07/2026,Thursday,40.76091447600587,-73.88181045003793,5,1.3,0.0,0.06,1.36,1
901637,040,Customer 040,1672 Main Street,Queens,NY,05/07/2026,Thursday,40.76395482312956,-73.91128512522792,5,0.62,0.0,0.0,0.62,2
901635,030,Customer 030,4280 Main Street,Brooklyn,NY,05/07/2026,Thursday,40.63878496266752,-73.97263862633669,17,2.39,0.0,0.25,2.64,1
901636,039,Customer 039,6579 Main Street,Bronx,NY,05/07/2026,Thursday,40.84909985735391,-73.92113692416197,70,0.64,0.0,0.0,0.64,1
901638,044,Customer 044,8623 Main Street,Brooklyn,NY,05/07/2026,Thursday,40.685443993544496,-73.943950969423,73,0.41,0.0,0.0,0.41,1
901639,049,Customer 049,1290 Main Street,Bronx,NY,05/07/2026,Thursday,40.84161725986629,-73.90132809233144,7,0.57,0.0,0.0,0.57,1
901640,050,Customer 050,3681 Main Street,Bronx,NY,05/07/2026,Thursday,40.88504380789946,-73.85462851943738,7,1.1,0.35,0.0,1.45,2
901643,080,Customer 080,9616 Main Street,Queens,NY,05/07/2026,Thursday,40.67620628689007,-73.74285399139629,2,0.77,0.0,0.0,0.77,1
901641,056,Customer 056,9297 Main Street,Queens,NY,05/07/2026,Thursday,40.7572560717902,-73.91514119505781,2,0.67,0.0,0.0,0.67,2
901644,085,Customer 085,2813 Main Street,Brooklyn,NY,05/07/2026,Thursday,40.6758490834141,-73.87795663986044,11,1.03,0.14,0.0,1.17,1
901645,086,Customer 086,6993 Main Street,Bronx,NY,05/07/2026,Thursday,40.85368960688969,-73.90929502876213,33,0.83,0.0,0.0,0.83,1
901646,093,Customer 093,7574 Main Street,Queens,NY,05/07/2026,Thursday,40.692614111895054,-73.84437929166077,36,4.58,0.0,0.0,4.58,1
901647,005,Customer 005,8299 Main Street,Queens,NY,05/08/2026,Friday,40.69747391202919,-73.82905390354207,25,2.31,0.11,0.0,2.42,1
901648,006,Customer 006,2969 Main Street,Manhattan,NY,05/08/2026,Friday,40.80740818873632,-73.96565982955099,4,0.83,0.0,0.0,0.83,1
901649,007,Customer 007,3754 Main Street,Brooklyn,NY,05/08/2026,Friday,40.63116428754058,-73.96665280296365,15,2.91,0.0,0.0,2.91,1
901650,008,Customer 008,9272 Main Street,Bronx,NY,05/08/2026,Friday,40.81813101864817,-73.90411620231987,70,1.17,0.0,0.0,1.17,1
901651,031,Customer 031,4764 Main Street,Bronx,NY,05/08/2026,Friday,40.85734534786821,-73.89474039555732,22,2.45,0.0,0.02,2.47,1
901652,051,Customer 051,344 Main Street,Queens,NY,05/08/2026,Friday,40.60737229758411,-73.75316746816085,1,0.75,0.35,0.0,1.1,1
901653,064,Customer 064,5191 Main Street,Brooklyn,NY,05/08/2026,Friday,40.67139788117989,-73.9340888408256,23,1.59,0.14,0.0,1.73,1
901654,068,Customer 068,116 Main Street,Brooklyn,NY,05/08/2026,Friday,40.63036297971589,-74.08136228889674,17,1.03,0.11,0.0,1.14,1
901657,080,Customer 080,1298 Main Street,Queens,NY,05/08/2026,Friday,40.67620628689007,-73.74285399139629,2,0.72,0.35,0.0,1.07,1
901655,069,Customer 069,6478 Main Street,Queens,NY,05/08/2026,Friday,40.68901703882041,-73.80356301377114,2,0.76,0.06,0.0,0.82,2
901656,074,Customer 074,5586 Main Street,Bronx,NY,05/08/2026,Friday,40.87654063424415,-73.86675762676278,71,1.92,0.03,0.0,1.95,1
901658,083,Customer 083,9643 Main Street,Brooklyn,NY,05/08/2026,Friday,40.63287188101084,-74.16028394578468,16,4.23,0.0,0.0,4.23,1
901683,091,Customer 091,1181 Main Street,Queens,NY,05/11/2026,Monday,40.69772873982824,-73.8341823153853,45,0.72,0.0,0.0,0.72,1
901659,001,Customer 001,6844 Main Street,Bronx,NY,05/11/2026,Monday,40.82393494763585,-73.90903906592717,45,4.6,0.0,0.0,4.6,2
901660,003,Customer 003,8162 Main Street,Bronx,NY,05/11/2026,Monday,40.86555164559,-73.88702973397817,19,7.73,0.0,0.0,7.73,1
901661,005,Customer 005,9363 Main Street,Queens,NY,05/11/2026,Monday,40.69747391202919,-73.82905390354207,25,3.24,0.13,0.0,3.37,1
901662,010,Customer 010,3299 Main Street,Brooklyn,NY,05/11/2026,Monday,40.65654070000209,-73.91897014191731,6,0.52,0.0,0.25,0.77,1
901676,059,Customer 059,353 Main Street,Brooklyn,NY,05/11/2026,Monday,40.67755950741335,-73.91187495774679,6,0.49,0.16,0.0,0.65,2
901663,015,Customer 015,6675 Main Street,Bronx,NY,05/11/2026,Monday,40.82239448550935,-73.91429829435131,21,0.48,0.0,0.0,0.48,1
901664,016,Customer 016,2791 Main Street,Bronx,NY,05/11/2026,Monday,40.854973107257365,-73.86437656576189,21,0.54,0.35,0.25,1.14,2
901665,018,Customer 018,7012 Main Street,Bronx,NY,05/11/2026,Monday,40.84297611177931,-73.84592385676613,31,3.59,0.0,0.0,3.59,1
901666,020,Customer 020,9495 Main Street,Queens,NY,05/11/2026,Monday,40.70811449489744,-73.79898444261066,32,0.56,0.0,0.0,0.56,1
901667,021,Customer 021,9032 Main Street,Brooklyn,NY,05/11/2026,Monday,40.68093339365346,-73.94670663597643,18,1.32,0.0,0.0,1.32,1
901668,022,Customer 022,9583 Main Street,Queens,NY,05/11/2026,Monday,40.70649711069442,-73.756756602347,2,0.54,0.35,0.0,0.89,1
901675,056,Customer 056,1100 Main Street,Queens,NY,05/11/2026,Monday,40.7572560717902,-73.91514119505781,2,0.96,0.0,0.0,0.96,2
901669,027,Customer 027,3974 Main Street,Brooklyn,NY,05/11/2026,Monday,40.687360434885576,-73.98066195659537,9,0.52,0.0,0.0,0.52,1
901670,033,Customer 033,8511 Main Street,Bronx,NY,05/11/2026,Monday,40.88677507240233,-73.85199192252,7,1.01,0.0,0.0,1.01,1
901671,034,Customer 034,1611 Main Street,Manhattan,NY,05/11/2026,Monday,40.768896755175966,-73.95610818925888,3,1.34,0.35,0.06,1.75,1
901673,046,Customer 046,4081 Main Street,Manhattan,NY,05/11/2026,Monday,40.773204917119784,-73.95678092820883,3,1.49,0.0,0.0,1.49,2
901672,045,Customer 045,3931 Main Street,Brooklyn,NY,05/11/2026,Monday,40.63550402142037,-74.13303054062014,Bronx,0.86,0.0,0.0,0.86,1
901674,053,Customer 053,9743 Main Street,Queens,NY,05/11/2026,Monday,40.7618627220245,-73.88916852512102,5,2.59,0.35,0.0,2.94,1
901677,061,Customer 061,3056 Main Street,Brooklyn,NY,05/11/2026,Monday,40.598422117306654,-73.94163633556525,15,0.92,0.35,0.0,1.27,1
901682,084,Customer 084,7196 Main Street,Brooklyn,NY,05/11/2026,Monday,40.66480658774192,-73.9572281363883,15,0.62,0.2,0.0,0.82,2
901678,066,Customer 066,8932 Main Street,Brooklyn,NY,05/11/2026,Monday,40.66065294279969,-73.87876303673895,1,0.89,0.07,0.0,0.96,1
901679,067,Customer 067,2563 Main Street,Bronx,NY,05/11/2026,Monday,40.86604266971237,-73.92623623009767,14,0.96,0.0,0.0,0.96,1
901680,070,Customer 070,9403 Main Street,Brooklyn,NY,05/11/2026,Monday,40.67439672491399,-73.9226282137167,11,0.69,0.0,0.0,0.69,1
901681,082,Customer 082,5521 Main Street,Bronx,NY,05/11/2026,Monday,40.869718152184745,-73.87892875884225,70,0.77,0.0,0.25,1.02,1
901684,094,Customer 094,686 Main Street,Queens,NY,05/11/2026,Monday,40.69384632036886,-73.84342565090739,37,4.36,0.0,0.0,4.36,1
901685,095,Customer 095,9012 Main Street,Queens,NY,05/11/2026,Monday,40.68727132626413,-73.82300862324279,38,4.44,0.0,0.0,4.44,1
901686,002,Customer 002,529 Main Street,Queens,NY,05/12/2026,Tuesday,40.70595191172637,-73.75457110312014,25,0.57,0.05,0.0,0.62,1
901687,011,Customer 011,9514 Main Street,Brooklyn,NY,05/12/2026,Tuesday,40.652082455862505,-73.92481650340132,18,1.6,0.0,0.0,1.6,1
901692,036,Customer 036,2280 Main Street,New York,NY,05/12/2026,Tuesday,40.80325822563249,-73.93591692391615,14,0.54,0.0,0.31,0.85,1
901688,013,Customer 013,5344 Main Street,New York,NY,05/12/2026,Tuesday,40.81574307418728,-73.9379714247544,14,0.72,0.0,0.0,0.72,2
901691,029,Customer 029,6236 Main Street,Bronx,NY,05/12/2026,Tuesday,40.853619797063494,-73.90831990645347,14,1.89,0.0,0.0,1.89,3
901699,067,Customer 067,2800 Main Street,Bronx,NY,05/12/2026,Tuesday,40.86604266971237,-73.92623623009767,14,0.92,0.0,0.0,0.92,4
901693,041,Customer 041,9481 Main Street,New York,NY,05/12/2026,Tuesday,40.759382235947626,-73.93895415268634,21,0.45,0.0,0.0,0.45,1
901689,015,Customer 015,5314 Main Street,Bronx,NY,05/12/2026,Tuesday,40.82239448550935,-73.91429829435131,21,0.62,0.35,0.0,0.97,2
901690,017,Customer 017,6140 Main Street,Brooklyn,NY,05/12/2026,Tuesday,40.68918573963909,-73.95966142657014,30,1.72,0.0,0.0,1.72,1
901694,044,Customer 044,8833 Main Street,Brooklyn,NY,05/12/2026,Tuesday,40.685443993544496,-73.943950969423,73,0.42,0.0,0.0,0.42,1
901695,047,Customer 047,9528 Main Street,Manhattan,NY,05/12/2026,Tuesday,40.71773283828544,-73.98411846097412,3,0.44,0.0,0.0,0.44,1
901696,056,Customer 056,6149 Main Street,Queens,NY,05/12/2026,Tuesday,40.7572560717902,-73.91514119505781,2,0.97,0.0,0.0,0.97,1
901698,063,Customer 063,2065 Main Street,Brooklyn,NY,05/12/2026,Tuesday,40.689007393638555,-73.9173641706466,10,2.44,0.0,0.0,2.44,1
901697,062,Customer 062,4807 Main Street,Brooklyn,NY,05/12/2026,Tuesday,40.689239848977614,-73.91777406506378,10,1.98,0.0,0.0,1.98,2
901700,072,Customer 072,5139 Main Street,Brooklyn,NY,05/12/2026,Tuesday,40.65171110205392,-73.9191771105472,9,0.41,0.0,0.0,0.41,1
901701,077,Customer 077,3613 Main Street,Brooklyn,NY,05/12/2026,Tuesday,40.68010726771517,-73.91396093950846,23,0.81,0.14,0.0,0.95,1
901702,081,Customer 081,850 Main Street,Brooklyn,NY,05/12/2026,Tuesday,40.68024236564245,-73.93137158188019,17,0.97,0.0,0.0,0.97,1
901703,082,Customer 082,1887 Main Street,Bronx,NY,05/12/2026,Tuesday,40.869718152184745,-73.87892875884225,70,0.96,0.0,0.0,0.96,1
901704,083,Customer 083,3005 Main Street,Brooklyn,NY,05/12/2026,Tuesday,40.63287188101084,-74.16028394578468,16,4.22,0.35,0.0,4.57,1
901705,084,Customer 084,9794 Main Street,Brooklyn,NY,05/12/2026,Tuesday,40.66480658774192,-73.9572281363883,15,0.6,0.3,0.0,0.9,1
901706,087,Customer 087,6014 Main Street,Brooklyn,NY,05/12/2026,Tuesday,40.66150707860249,-73.87346498223229,99,10.33,0.0,0.25,10.58,1
901707,089,Customer 089,2767 Main Street,Bronx,NY,05/12/2026,Tuesday,40.830728643622344,-73.89126472129591,33,7.05,0.0,0.0,7.05,1
901708,012,Customer 012,9739 Main Street,Brooklyn,NY,05/13/2026,Wednesday,40.636920669008184,-74.1652722110478,16,0.6,0.0,0.0,0.6,1
901719,041,Customer 041,216 Main Street,New York,NY,05/13/2026,Wednesday,40.759382235947626,-73.93895415268634,21,0.59,0.0,0.0,0.59,1
901709,015,Customer 015,8325 Main Street,Bronx,NY,05/13/2026,Wednesday,40.82239448550935,-73.91429829435131,21,0.58,0.0,0.0,0.58,2
901716,032,Customer 032,4895 Main Street,Bronx,NY,05/13/2026,Wednesday,40.853589534832395,-73.89464414584027,21,0.5,0.0,0.0,0.5,3
901710,018,Customer 018,5544 Main Street,Bronx,NY,05/13/2026,Wednesday,40.84297611177931,-73.84592385676613,31,5.08,0.0,0.0,5.08,1
901711,020,Customer 020,3861 Main Street,Queens,NY,05/13/2026,Wednesday,40.70811449489744,-73.79898444261066,32,0.41,0.0,0.0,0.41,1
901712,021,Customer 021,1996 Main Street,Brooklyn,NY,05/13/2026,Wednesday,40.68093339365346,-73.94670663597643,18,1.63,0.35,0.0,1.98,1
901713,024,Customer 024,3443 Main Street,Bronx,NY,05/13/2026,Wednesday,40.896883630705474,-73.85135085346376,7,0.56,0.0,0.25,0.81,1
901714,025,Customer 025,4751 Main Street,Brooklyn,NY,05/13/2026,Wednesday,40.69835136729073,-73.9158925078441,8,0.78,0.0,0.0,0.78,1
901715,026,Customer 026,9708 Main Street,Queens,NY,05/13/2026,Wednesday,40.67584687606802,-73.85557337127459,73,4.42,0.0,0.0,4.42,1
901717,035,Customer 035,2847 Main Street,Queens,NY,05/13/2026,Wednesday,40.594970715995146,-73.77416307485291,1,0.62,0.0,0.0,0.62,1
901718,038,Customer 038,9002 Main Street,Manhattan,NY,05/13/2026,Wednesday,40.717842608430665,-73.9892410907712,3,0.61,0.0,0.0,0.61,1
901720,055,Customer 055,3060 Main Street,Queens,NY,05/13/2026,Wednesday,40.69661296220641,-73.82879015350318,25,7.54,0.04,0.0,7.58,1
901721,060,Customer 060,9458 Main Street,Brooklyn,NY,05/13/2026,Wednesday,40.676333247614394,-73.88613509640518,24,0.85,0.12,0.0,0.97,1
901722,067,Customer 067,6530 Main Street,Bronx,NY,05/13/2026,Wednesday,40.86604266971237,-73.92623623009767,14,0.95,0.0,0.0,0.95,1
901723,082,Customer 082,9387 Main Street,Bronx,NY,05/13/2026,Wednesday,40.869718152184745,-73.87892875884225,70,0.72,0.0,0.0,0.72,1
901724,086,Customer 086,9687 Main Street,Bronx,NY,05/13/2026,Wednesday,40.85368960688969,-73.90929502876213,33,0.66,0.0,0.0,0.66,1
901725,092,Customer 092,8950 Main Street,Brooklyn,NY,05/13/2026,Wednesday,40.63740290973405,-73.92010562279191,35,4.06,0.0,0.0,4.06,1
901726,005,Customer 005,420 Main Street,Queens,NY,05/14/2026,Thursday,40.69747391202919,-73.82905390354207,25,2.4,0.13,0.0,2.53,1
901732,035,Customer 035,8526 Main Street,Queens,NY,05/14/2026,Thursday,40.594970715995146,-73.77416307485291,1,0.73,0.0,0.0,0.73,1
901727,009,Customer 009,3056 Main Street,Queens,NY,05/14/2026,Thursday,40.600009486593315,-73.74405287870175,1,0.57,0.0,0.0,0.57,2
901736,043,Customer 043,1633 Main Street,Queens,NY,05/14/2026,Thursday,40.68152075934443,-73.85443641970784,1,0.6,0.1,0.0,0.7,3
901730,023,Customer 023,2307 Main Street,Queens,NY,05/14/2026,Thursday,40.76091447600587,-73.88181045003793,5,0.9,0.0,0.06,0.96,1
901728,014,Customer 014,5524 Main Street,Manhattan,NY,05/14/2026,Thursday,40.76099884306126,-73.94084004193822,5,0.62,0.0,0.0,0.62,2
901734,040,Customer 040,1443 Main Street,Queens,NY,05/14/2026,Thursday,40.76395482312956,-73.91128512522792,5,0.46,0.0,0.0,0.46,3
901729,018,Customer 018,5455 Main Street,Bronx,NY,05/14/2026,Thursday,40.84297611177931,-73.84592385676613,31,4.21,0.0,0.0,4.21,1
901731,030,Customer 030,7728 Main Street,Brooklyn,NY,05/14/2026,Thursday,40.63878496266752,-73.97263862633669,17,2.38,0.0,0.0,2.38,1
901733,039,Customer 039,762 Main Street,Bronx,NY,05/14/2026,Thursday,40.84909985735391,-73.92113692416197,70,0.64,0.0,0.0,0.64,1
901735,042,Customer 042,2770 Main Street,Brooklyn,NY,05/14/2026,Thursday,40.63208584532311,-73.96647452968952,9,2.27,0.12,0.25,2.64,1
901737,048,Customer 048,5060 Main Street,Queens,NY,05/14/2026,Thursday,40.75405265049564,-73.81832518415463,2,0.53,0.0,0.25,0.78,1
901740,056,Customer 056,2678 Main Street,Queens,NY,05/14/2026,Thursday,40.7572560717902,-73.91514119505781,2,0.86,0.0,0.0,0.86,2
901738,049,Customer 049,1028 Main Street,Bronx,NY,05/14/2026,Thursday,40.84161725986629,-73.90132809233144,7,0.46,0.0,0.0,0.46,1
901739,050,Customer 050,7802 Main Street,Bronx,NY,05/14/2026,Thursday,40.88504380789946,-73.85462851943738,7,0.86,0.35,0.0,1.21,2
901741,075,Customer 075,3343 Main Street,Manhattan,NY,05/14/2026,Thursday,40.70710965261643,-73.94500754484459,6,1.68,0.16,0.0,1.84,1
901742,078,Customer 078,3514 Main Street,Manhattan,NY,05/14/2026,Thursday,40.76169824334662,-73.94957140792144,21,0.61,0.1,0.0,0.71,1
901743,086,Customer 086,9248 Main Street,Bronx,NY,05/14/2026,Thursday,40.85368960688969,-73.90929502876213,33,0.72,0.0,0.0,0.72,1
901744,090,Customer 090,2559 Main Street,Queens,NY,05/14/2026,Thursday,40.66953057344241,-73.7824756165742,34,4.89,0.0,0.0,4.89,1
901745,004,Customer 004,3616 Main Street,New York,NY,05/15/2026,Friday,40.81882756334608,-73.93725056647254,20,4.87,0.0,0.25,5.12,1
901746,005,Customer 005,9659 Main Street,Queens,NY,05/15/2026,Friday,40.69747391202919,-73.82905390354207,25,2.82,0.1,0.0,2.92,1
901747,006,Customer 006,2043 Main Street,Manhattan,NY,05/15/2026,Friday,40.80740818873632,-73.96565982955099,4,0.63,0.35,0.0,0.98,1
901754,061,Customer 061,1574 Main Street,Brooklyn,NY,05/15/2026,Friday,40.598422117306654,-73.94163633556525,15,0.75,0.0,0.0,0.75,1
901748,007,Customer 007,8941 Main Street,Brooklyn,NY,05/15/2026,Friday,40.63116428754058,-73.96665280296365,15,3.04,0.0,0.0,3.04,2
901749,008,Customer 008,543 Main Street,Bronx,NY,05/15/2026,Friday,40.81813101864817,-73.90411620231987,70,1.28,0.0,0.0,1.28,1
901750,017,Customer 017,2825 Main Street,Brooklyn,NY,05/15/2026,Friday,40.68918573963909,-73.95966142657014,30,1.6,0.0,0.0,1.6,1
901751,031,Customer 031,224 Main Street,Bronx,NY,05/15/2026,Friday,40.85734534786821,-73.89474039555732,22,2.66,0.0,0.03,2.69,1
901752,051,Customer 051,1843 Main Street,Queens,NY,05/15/2026,Friday,40.60737229758411,-73.75316746816085,1,0.67,0.0,0.0,0.67,1
901753,054,Customer 054,2041 Main Street,Manhattan,NY,05/15/2026,Friday,40.70449809311375,-73.95658499114683,10,0.4,0.35,0.25,1.0,1
901755,064,Customer 064,1859 Main Street,Brooklyn,NY,05/15/2026,Friday,40.67139788117989,-73.9340888408256,23,1.37,0.2,0.0,1.57,1
901756,068,Customer 068,795 Main Street,Brooklyn,NY,05/15/2026,Friday,40.63036297971589,-74.08136228889674,17,0.98,0.13,0.0,1.11,1
901757,073,Customer 073,8794 Main Street,Brooklyn,NY,05/15/2026,Friday,40.65052535821618,-73.96218340829046,8,1.01,0.14,0.0,1.15,1
901758,074,Customer 074,1971 Main Street,Bronx,NY,05/15/2026,Friday,40.87654063424415,-73.86675762676278,71,2.35,0.02,0.0,2.37,1
901759,080,Customer 080,4257 Main Street,Queens,NY,05/15/2026,Friday,40.67620628689007,-73.74285399139629,2,0.63,0.0,0.0,0.63,1
901760,083,Customer 083,3382 Main Street,Brooklyn,NY,05/15/2026,Friday,40.63287188101084,-74.16028394578468,16,3.5,0.0,0.0,3.5,1
901761,088,Customer 088,2539 Main Street,Bronx,NY,05/15/2026,Friday,40.85920015425595,-73.90056567901365,31,6.24,0.0,0.0,6.24,1
901777,091,Customer 091,6524 Main Street,Queens,NY,05/18/2026,Monday,40.69772873982824,-73.8341823153853,45,0.8,0.0,0.0,0.8,1
901762,001,Customer 001,5512 Main Street,Bronx,NY,05/18/2026,Monday,40.82393494763585,-73.90903906592717,45,3.77,0.0,0.0,3.77,2
901763,005,Customer 005,711 Main Street,Queens,NY,05/18/2026,Monday,40.69747391202919,-73.82905390354207,25,2.72,0.1,0.0,2.82,1
901764,006,Customer 006,9144 Main Street,Manhattan,NY,05/18/2026,Monday,40.80740818873632,-73.96565982955099,4,0.86,0.0,0.0,0.86,1
901765,010,Customer 010,4184 Main Street,Brooklyn,NY,05/18/2026,Monday,40.65654070000209,-73.91897014191731,6,0.54,0.0,0.25,0.79,1
901766,015,Customer 015,9896 Main Street,Bronx,NY,05/18/2026,Monday,40.82239448550935,-73.91429829435131,21,0.54,0.35,0.0,0.89,1
901767,016,Customer 016,8174 Main Street,Bronx,NY,05/18/2026,Monday,40.854973107257365,-73.86437656576189,21,0.63,0.0,0.0,0.63,2
901768,018,Customer 018,6892 Main Street,Bronx,NY,05/18/2026,Monday,40.84297611177931,-73.84592385676613,31,3.66,0.0,0.0,3.66,1
901769,020,Customer 020,1731 Main Street,Queens,NY,05/18/2026,Monday,40.70811449489744,-73.79898444261066,32,0.47,0.0,0.0,0.47,1
901770,021,Customer 021,9455 Main Street,Brooklyn,NY,05/18/2026,Monday,40.68093339365346,-73.94670663597643,18,1.39,0.0,0.0,1.39,1
901771,034,Customer 034,2805 Main Street,Manhattan,NY,05/18/2026,Monday,40.768896755175966,-73.95610818925888,3,1.23,0.0,0.09,1.32,1
901772,045,Customer 045,4351 Main Street,Brooklyn,NY,05/18/2026,Monday,40.63550402142037,-74.13303054062014,Bronx,1.0,0.0,0.0,1.0,1
901773,056,Customer 056,1934 Main Street,Queens,NY,05/18/2026,Monday,40.7572560717902,-73.91514119505781,2,0.91,0.0,0.0,0.91,1
901774,066,Customer 066,8867 Main Street,Brooklyn,NY,05/18/2026,Monday,40.66065294279969,-73.87876303673895,1,0.78,0.08,0.0,0.86,1
901775,067,Customer 067,5933 Main Street,Bronx,NY,05/18/2026,Monday,40.86604266971237,-73.92623623009767,14,0.9,0.0,0.0,0.9,1
901776,084,Customer 084,1476 Main Street,Brooklyn,NY,05/18/2026,Monday,40.66480658774192,-73.9572281363883,15,0.59,0.21,0.0,0.8,1
901782,036,Customer 036,3737 Main Street,New York,NY,05/19/2026,Tuesday,40.80325822563249,-73.93591692391615,14,0.52,0.35,0.47,1.34,1
901778,013,Customer 013,9163 Main Street,New York,NY,05/19/2026,Tuesday,40.81574307418728,-73.9379714247544,14,0.66,0.0,0.0,0.66,2
901781,029,Customer 029,1774 Main Street,Bronx,NY,05/19/2026,Tuesday,40.853619797063494,-73.90831990645347,14,1.5,0.35,0.0,1.85,3
901788,067,Customer 067,562 Main Street,Bronx,NY,05/19/2026,Tuesday,40.86604266971237,-73.92623623009767,14,0.64,0.0,0.0,0.64,4
901779,015,Customer 015,9619 Main Street,Bronx,NY,05/19/2026,Tuesday,40.82239448550935,-73.91429829435131,21,0.48,0.0,0.0,0.48,1
901780,028,Customer 028,8483 Main Street,Queens,NY,05/19/2026,Tuesday,40.71519521264396,-73.74349772371512,2,0.61,0.0,0.0,0.61,1
901785,056,Customer 056,6778 Main Street,Queens,NY,05/19/2026,Tuesday,40.7572560717902,-73.91514119505781,2,0.78,0.0,0.0,0.78,2
901783,044,Customer 044,1216 Main Street,Brooklyn,NY,05/19/2026,Tuesday,40.685443993544496,-73.943950969423,73,0.62,0.0,0.0,0.62,1
901784,047,Customer 047,9709 Main Street,Manhattan,NY,05/19/2026,Tuesday,40.71773283828544,-73.98411846097412,3,0.47,0.0,0.0,0.47,1
901787,063,Customer 063,8219 Main Street,Brooklyn,NY,05/19/2026,Tuesday,40.689007393638555,-73.9173641706466,10,2.61,0.0,0.0,2.61,1
901786,062,Customer 062,459 Main Street,Brooklyn,NY,05/19/2026,Tuesday,40.689239848977614,-73.91777406506378,10,1.76,0.0,0.0,1.76,2
901789,084,Customer 084,6878 Main Street,Brooklyn,NY,05/19/2026,Tuesday,40.66480658774192,-73.9572281363883,15,0.48,0.21,0.0,0.69,1
901790,087,Customer 087,6269 Main Street,Brooklyn,NY,05/19/2026,Tuesday,40.66150707860249,-73.87346498223229,99,10.35,0.0,0.0,10.35,1
901791,089,Customer 089,4179 Main Street,Bronx,NY,05/19/2026,Tuesday,40.830728643622344,-73.89126472129591,33,7.33,0.0,0.0,7.33,1
901799,041,Customer 041,573 Main Street,New York,NY,05/20/2026,Wednesday,40.759382235947626,-73.93895415268634,21,0.62,0.0,0.0,0.62,1
901792,015,Customer 015,828 Main Street,Bronx,NY,05/20/2026,Wednesday,40.82239448550935,-73.91429829435131,21,0.46,0.0,0.0,0.46,2
901798,032,Customer 032,5191 Main Street,Bronx,NY,05/20/2026,Wednesday,40.853589534832395,-73.89464414584027,21,0.58,0.0,0.25,0.83,3
901793,018,Customer 018,8911 Main Street,Bronx,NY,05/20/2026,Wednesday,40.84297611177931,-73.84592385676613,31,4.55,0.35,0.0,4.9,1
901794,019,Customer 019,4172 Main Street,Manhattan,NY,05/20/2026,Wednesday,40.778836484045,-73.98329931044094,4,0.81,0.0,0.0,0.81,1
901795,021,Customer 021,6201 Main Street,Brooklyn,NY,05/20/2026,Wednesday,40.68093339365346,-73.94670663597643,18,1.17,0.0,0.0,1.17,1
901796,025,Customer 025,9608 Main Street,Brooklyn,NY,05/20/2026,Wednesday,40.69835136729073,-73.9158925078441,8,0.83,0.0,0.0,0.83,1
901797,026,Customer 026,4588 Main Street,Queens,NY,05/20/2026,Wednesday,40.67584687606802,-73.85557337127459,73,3.07,0.0,0.0,3.07,1
901800,058,Customer 058,2040 Main Street,Manhattan,NY,05/20/2026,Wednesday,40.71874598664543,-73.98172887364404,3,0.61,0.04,0.0,0.65,1
901801,067,Customer 067,1798 Main Street,Bronx,NY,05/20/2026,Wednesday,40.86604266971237,-73.92623623009767,14,0.9,0.0,0.0,0.9,1
901802,079,Customer 079,9747 Main Street,Brooklyn,NY,05/20/2026,Wednesday,40.65822719611959,-73.92944076589842,24,2.15,0.12,0.0,2.27,1
901803,082,Customer 082,2932 Main Street,Bronx,NY,05/20/2026,Wednesday,40.869718152184745,-73.87892875884225,70,1.1,0.0,0.0,1.1,1
901804,086,Customer 086,2310 Main Street,Bronx,NY,05/20/2026,Wednesday,40.85368960688969,-73.90929502876213,33,0.93,0.0,0.0,0.93,1
901805,005,Customer 005,8821 Main Street,Queens,NY,05/21/2026,Thursday,40.69747391202919,-73.82905390354207,25,2.55,0.11,0.0,2.66,1
901806,009,Customer 009,5175 Main Street,Queens,NY,05/21/2026,Thursday,40.600009486593315,-73.74405287870175,1,0.48,0.0,0.0,0.48,1
901814,051,Customer 051,1801 Main Street,Queens,NY,05/21/2026,Thursday,40.60737229758411,-73.75316746816085,1,0.9,0.0,0.0,0.9,2
901807,018,Customer 018,6119 Main Street,Bronx,NY,05/21/2026,Thursday,40.84297611177931,-73.84592385676613,31,3.35,0.0,0.0,3.35,1
901808,023,Customer 023,7431 Main Street,Queens,NY,05/21/2026,Thursday,40.76091447600587,-73.88181045003793,5,0.92,0.0,0.04,0.96,1
901811,040,Customer 040,1202 Main Street,Queens,NY,05/21/2026,Thursday,40.76395482312956,-73.91128512522792,5,0.4,0.0,0.0,0.4,2
901809,030,Customer 030,6623 Main Street,Brooklyn,NY,05/21/2026,Thursday,40.63878496266752,-73.97263862633669,17,3.22,0.0,0.0,3.22,1
901810,039,Customer 039,7878 Main Street,Bronx,NY,05/21/2026,Thursday,40.84909985735391,-73.92113692416197,70,0.54,0.0,0.25,0.79,1
901812,049,Customer 049,2472 Main Street,Bronx,NY,05/21/2026,Thursday,40.84161725986629,-73.90132809233144,7,0.45,0.0,0.0,0.45,1
901813,050,Customer 050,5106 Main Street,Bronx,NY,05/21/2026,Thursday,40.88504380789946,-73.85462851943738,7,1.17,0.0,0.0,1.17,2
901815,056,Customer 056,2922 Main Street,Queens,NY,05/21/2026,Thursday,40.7572560717902,-73.91514119505781,2,0.95,0.0,0.0,0.95,1
901816,086,Customer 086,9911 Main Street,Bronx,NY,05/21/2026,Thursday,40.85368960688969,-73.90929502876213,33,0.96,0.0,0.0,0.96,1
901817,093,Customer 093,696 Main Street,Queens,NY,05/21/2026,Thursday,40.692614111895054,-73.84437929166077,36,4.29,0.0,0.0,4.29,1
901818,005,Customer 005,3809 Main Street,Queens,NY,05/22/2026,Friday,40.69747391202919,-73.82905390354207,25,2.29,0.09,0.0,2.38,1
901819,006,Customer 006,1790 Main Street,Manhattan,NY,05/22/2026,Friday,40.80740818873632,-73.96565982955099,4,0.69,0.0,0.0,0.69,1
901820,007,Customer 007,592 Main Street,Brooklyn,NY,05/22/2026,Friday,40.63116428754058,-73.96665280296365,15,2.92,0.0,0.0,2.92,1
901821,008,Customer 008,2924 Main Street,Bronx,NY,05/22/2026,Friday,40.81813101864817,-73.90411620231987,70,1.59,0.0,0.0,1.59,1
901828,057,Customer 057,1517 Main Street,Bronx,NY,05/22/2026,Friday,40.81995444568525,-73.89158623543398,70,0.55,0.44,0.0,0.99,2
901822,017,Customer 017,8652 Main Street,Brooklyn,NY,05/22/2026,Friday,40.68918573963909,-73.95966142657014,30,1.43,0.0,0.25,1.68,1
901823,029,Customer 029,1622 Main Street,Bronx,NY,05/22/2026,Friday,40.853619797063494,-73.90831990645347,14,1.52,0.0,0.0,1.52,1
901824,031,Customer 031,4097 Main Street,Bronx,NY,05/22/2026,Friday,40.85734534786821,-73.89474039555732,22,2.02,0.0,0.04,2.06,1
901825,050,Customer 050,6163 Main Street,Bronx,NY,05/22/2026,Friday,40.88504380789946,-73.85462851943738,7,1.14,0.0,0.0,1.14,1
901826,051,Customer 051,6312 Main Street,Queens,NY,05/22/2026,Friday,40.60737229758411,-73.75316746816085,1,0.7,0.0,0.0,0.7,1
901829,063,Customer 063,9790 Main Street,Brooklyn,NY,05/22/2026,Friday,40.689007393638555,-73.9173641706466,10,2.71,0.0,0.0,2.71,1
901827,054,Customer 054,6488 Main Street,Manhattan,NY,05/22/2026,Friday,40.70449809311375,-73.95658499114683,10,0.56,0.0,0.0,0.56,2
901830,064,Customer 064,6117 Main Street,Brooklyn,NY,05/22/2026,Friday,40.67139788117989,-73.9340888408256,23,1.75,0.13,0.0,1.88,1
901831,068,Customer 068,9397 Main Street,Brooklyn,NY,05/22/2026,Friday,40.63036297971589,-74.08136228889674,17,0.82,0.11,0.0,0.93,1
901832,073,Customer 073,9369 Main Street,Brooklyn,NY,05/22/2026,Friday,40.65052535821618,-73.96218340829046,8,0.74,0.12,0.0,0.86,1
901833,074,Customer 074,1290 Main Street,Bronx,NY,05/22/2026,Friday,40.87654063424415,-73.86675762676278,71,2.39,0.03,0.0,2.42,1
901834,080,Customer 080,3978 Main Street,Queens,NY,05/22/2026,Friday,40.67620628689007,-73.74285399139629,2,0.66,0.0,0.0,0.66,1
901835,083,Customer 083,8652 Main Street,Brooklyn,NY,05/22/2026,Friday,40.63287188101084,-74.16028394578468,16,4.4,0.0,0.0,4.4,1
901836,087,Customer 087,9465 Main Street,Brooklyn,NY,05/22/2026,Friday,40.66150707860249,-73.87346498223229,99,10.9,0.0,0.25,11.15,1
901861,091,Customer 091,7399 Main Street,Queens,NY,05/25/2026,Monday,40.69772873982824,-73.8341823153853,45,0.66,0.35,0.0,1.01,1
901837,001,Customer 001,4962 Main Street,Bronx,NY,05/25/2026,Monday,40.82393494763585,-73.90903906592717,45,4.29,0.0,0.0,4.29,2
901838,003,Customer 003,9134 Main Street,Bronx,NY,05/25/2026,Monday,40.86555164559,-73.88702973397817,19,6.74,0.0,0.0,6.74,1
901839,005,Customer 005,4462 Main Street,Queens,NY,05/25/2026,Monday,40.69747391202919,-73.82905390354207,25,2.99,0.1,0.0,3.09,1
901840,010,Customer 010,4430 Main Street,Brooklyn,NY,05/25/2026,Monday,40.65654070000209,-73.91897014191731,6,0.5,0.0,0.0,0.5,1
901856,059,Customer 059,2414 Main Street,Brooklyn,NY,05/25/2026,Monday,40.67755950741335,-73.91187495774679,6,0.62,0.16,0.0,0.78,2
901841,015,Customer 015,843 Main Street,Bronx,NY,05/25/2026,Monday,40.82239448550935,-73.91429829435131,21,0.55,0.0,0.0,0.55,1
901842,016,Customer 016,2418 Main Street,Bronx,NY,05/25/2026,Monday,40.854973107257365,-73.86437656576189,21,0.6,0.0,0.0,0.6,2
901843,018,Customer 018,915 Main Street,Bronx,NY,05/25/2026,Monday,40.84297611177931,-73.84592385676613,31,4.21,0.35,0.0,4.56,1
901844,020,Customer 020,965 Main Street,Queens,NY,05/25/2026,Monday,40.70811449489744,-73.79898444261066,32,0.61,0.0,0.0,0.61,1
901845,021,Customer 021,7800 Main Street,Brooklyn,NY,05/25/2026,Monday,40.68093339365346,-73.94670663597643,18,1.22,0.0,0.0,1.22,1
901846,022,Customer 022,4687 Main Street,Queens,NY,05/25/2026,Monday,40.70649711069442,-73.756756602347,2,0.61,0.0,0.0,0.61,1
901855,056,Customer 056,7836 Main Street,Queens,NY,05/25/2026,Monday,40.7572560717902,-73.91514119505781,2,0.78,0.0,0.0,0.78,2
901847,023,Customer 023,8565 Main Street,Queens,NY,05/25/2026,Monday,40.76091447600587,-73.88181045003793,5,0.93,0.0,0.06,0.99,1
901854,053,Customer 053,6869 Main Street,Queens,NY,05/25/2026,Monday,40.7618627220245,-73.88916852512102,5,2.29,0.0,0.0,2.29,2
901848,027,Customer 027,8984 Main Street,Brooklyn,NY,05/25/2026,Monday,40.687360434885576,-73.98066195659537,9,0.53,0.0,0.0,0.53,1
901849,033,Customer 033,1598 Main Street,Bronx,NY,05/25/2026,Monday,40.88677507240233,-73.85199192252,7,0.88,0.0,0.0,0.88,1
901850,034,Customer 034,7699 Main Street,Manhattan,NY,05/25/2026,Monday,40.768896755175966,-73.95610818925888,3,1.47,0.35,0.06,1.88,1
901852,046,Customer 046,175 Main Street,Manhattan,NY,05/25/2026,Monday,40.773204917119784,-73.95678092820883,3,1.46,0.0,0.0,1.46,2
901851,045,Customer 045,637 Main Street,Brooklyn,NY,05/25/2026,Monday,40.63550402142037,-74.13303054062014,Bronx,0.7,0.0,0.0,0.7,1
901853,052,Customer 052,4901 Main Street,Bronx,NY,05/25/2026,Monday,40.84586642009279,-73.89820757611032,14,1.65,0.0,0.0,1.65,1
901858,067,Customer 067,4962 Main Street,Bronx,NY,05/25/2026,Monday,40.86604266971237,-73.92623623009767,14,0.77,0.0,0.25,1.02,2
901857,066,Customer 066,9299 Main Street,Brooklyn,NY,05/25/2026,Monday,40.66065294279969,-73.87876303673895,1,0.61,0.07,0.0,0.68,1
901859,070,Customer 070,4064 Main Street,Brooklyn,NY,05/25/2026,Monday,40.67439672491399,-73.9226282137167,11,0.75,0.0,0.0,0.75,1
901860,084,Customer 084,2997 Main Street,Brooklyn,NY,05/25/2026,Monday,40.66480658774192,-73.9572281363883,15,0.58,0.2,0.0,0.78,1
901862,094,Customer 094,1411 Main Street,Queens,NY,05/25/2026,Monday,40.69384632036886,-73.84342565090739,37,4.07,0.0,0.0,4.07,1
901863,095,Customer 095,259 Main Street,Queens,NY,05/25/2026,Monday,40.68727132626413,-73.82300862324279,38,4.36,0.0,0.0,4.36,1
901864,002,Customer 002,8183 Main Street,Queens,NY,05/26/2026,Tuesday,40.70595191172637,-73.75457110312014,25,0.61,0.05,0.0,0.66,1
901865,011,Customer 011,412 Main Street,Brooklyn,NY,05/26/2026,Tuesday,40.652082455862505,-73.92481650340132,18,1.61,0.0,0.0,1.61,1
901869,036,Customer 036,624 Main Street,New York,NY,05/26/2026,Tuesday,40.80325822563249,-73.93591692391615,14,0.46,0.0,0.4,0.86,1
901866,013,Customer 013,3002 Main Street,New York,NY,05/26/2026,Tuesday,40.81574307418728,-73.9379714247544,14,0.72,0.0,0.0,0.72,2
901868,029,Customer 029,5625 Main Street,Bronx,NY,05/26/2026,Tuesday,40.853619797063494,-73.90831990645347,14,2.02,0.35,0.0,2.37,3
901876,067,Customer 067,7120 Main Street,Bronx,NY,05/26/2026,Tuesday,40.86604266971237,-73.92623623009767,14,0.83,0.0,0.0,0.83,4
901867,023,Customer 023,5240 Main Street,Queens,NY,05/26/2026,Tuesday,40.76091447600587,-73.88181045003793,5,0.93,0.0,0.05,0.98,1
901870,041,Customer 041,911 Main Street,New York,NY,05/26/2026,Tuesday,40.759382235947626,-73.93895415268634,21,0.44,0.0,0.0,0.44,1
901871,044,Customer 044,1177 Main Street,Brooklyn,NY,05/26/2026,Tuesday,40.685443993544496,-73.943950969423,73,0.48,0.35,0.0,0.83,1
901872,047,Customer 047,299 Main Street,Manhattan,NY,05/26/2026,Tuesday,40.71773283828544,-73.98411846097412,3,0.55,0.0,0.0,0.55,1
901873,056,Customer 056,5013 Main Street,Queens,NY,05/26/2026,Tuesday,40.7572560717902,-73.91514119505781,2,0.98,0.0,0.25,1.23,1
901875,063,Customer 063,6455 Main Street,Brooklyn,NY,05/26/2026,Tuesday,40.689007393638555,-73.9173641706466,10,3.0,0.0,0.25,3.25,1
901874,062,Customer 062,4091 Main Street,Brooklyn,NY,05/26/2026,Tuesday,40.689239848977614,-73.91777406506378,10,2.51,0.0,0.0,2.51,2
901877,072,Customer 072,4058 Main Street,Brooklyn,NY,05/26/2026,Tuesday,40.65171110205392,-73.9191771105472,9,0.5,0.0,0.0,0.5,1
901878,077,Customer 077,5125 Main Street,Brooklyn,NY,05/26/2026,Tuesday,40.68010726771517,-73.91396093950846,23,0.81,0.15,0.0,0.96,1
901879,081,Customer 081,2675 Main Street,Brooklyn,NY,05/26/2026,Tuesday,40.68024236564245,-73.93137158188019,17,0.85,0.0,0.0,0.85,1
901880,084,Customer 084,5229 Main Street,Brooklyn,NY,05/26/2026,Tuesday,40.66480658774192,-73.9572281363883,15,0.45,0.24,0.0,0.69,1
901881,087,Customer 087,1101 Main Street,Brooklyn,NY,05/26/2026,Tuesday,40.66150707860249,-73.87346498223229,99,7.45,0.0,0.0,7.45,1
901882,089,Customer 089,3726 Main Street,Bronx,NY,05/26/2026,Tuesday,40.830728643622344,-73.89126472129591,33,7.19,0.0,0.0,7.19,1
901895,055,Customer 055,5195 Main Street,Queens,NY,05/27/2026,Wednesday,40.69661296220641,-73.82879015350318,25,5.92,0.04,0.0,5.96,1
901883,005,Customer 005,8462 Main Street,Queens,NY,05/27/2026,Wednesday,40.69747391202919,-73.82905390354207,25,3.05,0.11,0.0,3.16,2
901884,007,Customer 007,7375 Main Street,Brooklyn,NY,05/27/2026,Wednesday,40.63116428754058,-73.96665280296365,15,4.11,0.0,0.0,4.11,1
901885,012,Customer 012,9317 Main Street,Brooklyn,NY,05/27/2026,Wednesday,40.636920669008184,-74.1652722110478,16,0.62,0.0,0.0,0.62,1
901894,041,Customer 041,828 Main Street,New York,NY,05/27/2026,Wednesday,40.759382235947626,-73.93895415268634,21,0.56,0.35,0.0,0.91,1
901886,015,Customer 015,9822 Main Street,Bronx,NY,05/27/2026,Wednesday,40.82239448550935,-73.91429829435131,21,0.59,0.0,0.0,0.59,2
901887,018,Customer 018,6966 Main Street,Bronx,NY,05/27/2026,Wednesday,40.84297611177931,-73.84592385676613,31,4.02,0.0,0.0,4.02,1
901888,019,Customer 019,2417 Main Street,Manhattan,NY,05/27/2026,Wednesday,40.778836484045,-73.98329931044094,4,0.93,0.0,0.0,0.93,1
901889,021,Customer 021,504 Main Street,Brooklyn,NY,05/27/2026,Wednesday,40.68093339365346,-73.94670663597643,18,1.21,0.0,0.0,1.21,1
901890,024,Customer 024,3797 Main Street,Bronx,NY,05/27/2026,Wednesday,40.896883630705474,-73.85135085346376,7,0.59,0.0,0.0,0.59,1
901891,025,Customer 025,2856 Main Street,Brooklyn,NY,05/27/2026,Wednesday,40.69835136729073,-73.9158925078441,8,0.82,0.0,0.0,0.82,1
901892,026,Customer 026,5876 Main Street,Queens,NY,05/27/2026,Wednesday,40.67584687606802,-73.85557337127459,73,4.32,0.0,0.0,4.32,1
901893,038,Customer 038,9422 Main Street,Manhattan,NY,05/27/2026,Wednesday,40.717842608430665,-73.9892410907712,3,0.76,0.0,0.0,0.76,1
901896,060,Customer 060,3602 Main Street,Brooklyn,NY,05/27/2026,Wednesday,40.676333247614394,-73.88613509640518,24,0.8,0.08,0.0,0.88,1
901897,067,Customer 067,4667 Main Street,Bronx,NY,05/27/2026,Wednesday,40.86604266971237,-73.92623623009767,14,0.72,0.0,0.0,0.72,1
901898,082,Customer 082,2545 Main Street,Bronx,NY,05/27/2026,Wednesday,40.869718152184745,-73.87892875884225,70,0.96,0.0,0.0,0.96,1
901899,086,Customer 086,4092 Main Street,Bronx,NY,05/27/2026,Wednesday,40.85368960688969,-73.90929502876213,33,0.92,0.0,0.0,0.92,1
901900,092,Customer 092,147 Main Street,Brooklyn,NY,05/27/2026,Wednesday,40.63740290973405,-73.92010562279191,35,5.05,0.0,0.0,5.05,1
901901,005,Customer 005,2263 Main Street,Queens,NY,05/28/2026,Thursday,40.69747391202919,-73.82905390354207,25,3.22,0.08,0.0,3.3,1
901906,035,Customer 035,4273 Main Street,Queens,NY,05/28/2026,Thursday,40.594970715995146,-73.77416307485291,1,0.62,0.0,0.0,0.62,1
901902,009,Customer 009,1312 Main Street,Queens,NY,05/28/2026,Thursday,40.600009486593315,-73.74405287870175,1,0.42,0.0,0.0,0.42,2
901910,043,Customer 043,2351 Main Street,Queens,NY,05/28/2026,Thursday,40.68152075934443,-73.85443641970784,1,0.62,0.09,0.0,0.71,3
901903,018,Customer 018,4620 Main Street,Bronx,NY,05/28/2026,Thursday,40.84297611177931,-73.84592385676613,31,3.78,0.0,0.0,3.78,1
901904,023,Customer 023,8309 Main Street,Queens,NY,05/28/2026,Thursday,40.76091447600587,-73.88181045003793,5,0.98,0.0,0.05,1.03,1
901908,040,Customer 040,2840 Main Street,Queens,NY,05/28/2026,Thursday,40.76395482312956,-73.91128512522792,5,0.48,0.0,0.0,0.48,2
901905,030,Customer 030,3931 Main Street,Brooklyn,NY,05/28/2026,Thursday,40.63878496266752,-73.97263862633669,17,3.18,0.0,0.25,3.43,1
901907,039,Customer 039,3781 Main Street,Bronx,NY,05/28/2026,Thursday,40.84909985735391,-73.92113692416197,70,0.49,0.0,0.0,0.49,1
901909,042,Customer 042,2024 Main Street,Brooklyn,NY,05/28/2026,Thursday,40.63208584532311,-73.96647452968952,9,1.88,0.12,0.0,2.0,1
901911,048,Customer 048,8508 Main Street,Queens,NY,05/28/2026,Thursday,40.75405265049564,-73.81832518415463,2,0.55,0.0,0.0,0.55,1
901914,056,Customer 056,4022 Main Street,Queens,NY,05/28/2026,Thursday,40.7572560717902,-73.91514119505781,2,0.77,0.0,0.0,0.77,2
901912,049,Customer 049,9834 Main Street,Bronx,NY,05/28/2026,Thursday,40.84161725986629,-73.90132809233144,7,0.61,0.0,0.0,0.61,1
901913,050,Customer 050,2516 Main Street,Bronx,NY,05/28/2026,Thursday,40.88504380789946,-73.85462851943738,7,1.05,0.0,0.0,1.05,2
901915,075,Customer 075,4475 Main Street,Manhattan,NY,05/28/2026,Thursday,40.70710965261643,-73.94500754484459,6,1.42,0.1,0.0,1.52,1
901916,078,Customer 078,5520 Main Street,Manhattan,NY,05/28/2026,Thursday,40.76169824334662,-73.94957140792144,21,0.79,0.12,0.0,0.91,1
901917,086,Customer 086,7253 Main Street,Bronx,NY,05/28/2026,Thursday,40.85368960688969,-73.90929502876213,33,0.74,0.0,0.0,0.74,1
901918,090,Customer 090,1141 Main Street,Queens,NY,05/28/2026,Thursday,40.66953057344241,-73.7824756165742,34,7.41,0.0,0.0,7.41,1
901919,093,Customer 093,229 Main Street,Queens,NY,05/28/2026,Thursday,40.692614111895054,-73.84437929166077,36,3.77,0.0,0.25,4.02,1
901920,004,Customer 004,5393 Main Street,New York,NY,05/29/2026,Friday,40.81882756334608,-73.93725056647254,20,3.99,0.0,0.0,3.99,1
901921,005,Customer 005,7418 Main Street,Queens,NY,05/29/2026,Friday,40.69747391202919,-73.82905390354207,25,2.58,0.1,0.0,2.68,1
901922,006,Customer 006,4624 Main Street,Manhattan,NY,05/29/2026,Friday,40.80740818873632,-73.96565982955099,4,0.93,0.0,0.0,0.93,1
901929,061,Customer 061,6120 Main Street,Brooklyn,NY,05/29/2026,Friday,40.598422117306654,-73.94163633556525,15,1.08,0.35,0.0,1.43,1
901923,007,Customer 007,4453 Main Street,Brooklyn,NY,05/29/2026,Friday,40.63116428754058,-73.96665280296365,15,3.31,0.0,0.0,3.31,2
901924,008,Customer 008,4438 Main Street,Bronx,NY,05/29/2026,Friday,40.81813101864817,-73.90411620231987,70,1.16,0.0,0.25,1.41,1
901925,017,Customer 017,3704 Main Street,Brooklyn,NY,05/29/2026,Friday,40.68918573963909,-73.95966142657014,30,1.77,0.35,0.0,2.12,1
901926,031,Customer 031,9225 Main Street,Bronx,NY,05/29/2026,Friday,40.85734534786821,-73.89474039555732,22,2.52,0.0,0.04,2.56,1
901927,054,Customer 054,9558 Main Street,Manhattan,NY,05/29/2026,Friday,40.70449809311375,-73.95658499114683,10,0.45,0.0,0.0,0.45,1
901928,059,Customer 059,5950 Main Street,Brooklyn,NY,05/29/2026,Friday,40.67755950741335,-73.91187495774679,6,0.46,0.1,0.0,0.56,1
901930,064,Customer 064,3019 Main Street,Brooklyn,NY,05/29/2026,Friday,40.67139788117989,-73.9340888408256,23,1.33,0.23,0.0,1.56,1
901931,068,Customer 068,9999 Main Street,Brooklyn,NY,05/29/2026,Friday,40.63036297971589,-74.08136228889674,17,1.04,0.11,0.0,1.15,1
901932,073,Customer 073,1522 Main Street,Brooklyn,NY,05/29/2026,Friday,40.65052535821618,-73.96218340829046,8,0.94,0.12,0.0,1.06,1
901933,074,Customer 074,6294 Main Street,Bronx,NY,05/29/2026,Friday,40.87654063424415,-73.86675762676278,71,2.01,0.02,0.0,2.03,1
901934,080,Customer 080,8040 Main Street,Queens,NY,05/29/2026,Friday,40.67620628689007,-73.74285399139629,2,0.7,0.0,0.0,0.7,1
901935,083,Customer 083,3593 Main Street,Brooklyn,NY,05/29/2026,Friday,40.63287188101084,-74.16028394578468,16,4.54,0.0,0.0,4.54,1
901936,088,Customer 088,9985 Main Street,Bronx,NY,05/29/2026,Friday,40.85920015425595,-73.90056567901365,31,4.78,0.0,0.0,4.78,1
901937,090,Customer 090,3738 Main Street,Queens,NY,05/29/2026,Friday,40.66953057344241,-73.7824756165742,34,5.86,0.0,0.0,5.86,1
901938,001,Customer 001,7622 Main Street,Bronx,NY,06/01/2026,Monday,40.82393494763585,-73.90903906592717,45,3.88,0.35,0.25,4.48,1
901939,003,Customer 003,8384 Main Street,Bronx,NY,06/01/2026,Monday,40.86555164559,-73.88702973397817,19,8.68,0.0,0.0,8.68,1
901940,005,Customer 005,2142 Main Street,Queens,NY,06/01/2026,Monday,40.69747391202919,-73.82905390354207,25,2.38,0.08,0.25,2.71,1
901941,010,Customer 010,3096 Main Street,Brooklyn,NY,06/01/2026,Monday,40.65654070000209,-73.91897014191731,6,0.45,0.0,0.0,0.45,1
901951,059,Customer 059,4485 Main Street,Brooklyn,NY,06/01/2026,Monday,40.67755950741335,-73.91187495774679,6,0.54,0.1,0.0,0.64,2
901942,015,Customer 015,4331 Main Street,Bronx,NY,06/01/2026,Monday,40.82239448550935,-73.91429829435131,21,0.61,0.0,0.0,0.61,1
901943,016,Customer 016,2246 Main Street,Bronx,NY,06/01/2026,Monday,40.854973107257365,-73.86437656576189,21,0.53,0.0,0.0,0.53,2
901944,018,Customer 018,2420 Main Street,Bronx,NY,06/01/2026,Monday,40.84297611177931,-73.84592385676613,31,5.07,0.0,0.0,5.07,1
901945,020,Customer 020,4884 Main Street,Queens,NY,06/01/2026,Monday,40.70811449489744,-73.79898444261066,32,0.52,0.0,0.0,0.52,1
901946,021,Customer 021,9374 Main Street,Brooklyn,NY,06/01/2026,Monday,40.68093339365346,-73.94670663597643,18,1.19,0.0,0.0,1.19,1
901947,034,Customer 034,7944 Main Street,Manhattan,NY,06/01/2026,Monday,40.768896755175966,-73.95610818925888,3,1.25,0.0,0.08,1.33,1
901948,044,Customer 044,5095 Main Street,Brooklyn,NY,06/01/2026,Monday,40.685443993544496,-73.943950969423,73,0.55,0.0,0.0,0.55,1
901949,045,Customer 045,1275 Main Street,Brooklyn,NY,06/01/2026,Monday,40.63550402142037,-74.13303054062014,Bronx,0.92,0.0,0.25,1.17,1
901955,069,Customer 069,1674 Main Street,Queens,NY,06/01/2026,Monday,40.68901703882041,-73.80356301377114,2,0.52,0.06,0.0,0.58,1
901950,056,Customer 056,5317 Main Street,Queens,NY,06/01/2026,Monday,40.7572560717902,-73.91514119505781,2,0.89,0.0,0.25,1.14,2
901952,065,Customer 065,9806 Main Street,Manhattan,NY,06/01/2026,Monday,40.76900862942308,-73.96497922070525,4,0.77,0.07,0.01,0.85,1
901953,066,Customer 066,3128 Main Street,Brooklyn,NY,06/01/2026,Monday,40.66065294279969,-73.87876303673895,1,0.79,0.08,0.0,0.87,1
901954,067,Customer 067,2864 Main Street,Bronx,NY,06/01/2026,Monday,40.86604266971237,-73.92623623009767,14,0.91,0.0,0.25,1.16,1
901956,084,Customer 084,3890 Main Street,Brooklyn,NY,06/01/2026,Monday,40.66480658774192,-73.9572281363883,15,0.47,0.23,0.0,0.7,1
901962,036,Customer 036,716 Main Street,New York,NY,06/02/2026,Tuesday,40.80325822563249,-73.93591692391615,14,0.48,0.0,0.36,0.84,1
901957,013,Customer 013,9573 Main Street,New York,NY,06/02/2026,Tuesday,40.81574307418728,-73.9379714247544,14,0.57,0.0,0.0,0.57,2
901961,029,Customer 029,3398 Main Street,Bronx,NY,06/02/2026,Tuesday,40.853619797063494,-73.90831990645347,14,1.7,0.0,0.0,1.7,3
901971,067,Customer 067,5477 Main Street,Bronx,NY,06/02/2026,Tuesday,40.86604266971237,-73.92623623009767,14,0.83,0.0,0.25,1.08,4
901963,041,Customer 041,9364 Main Street,New York,NY,06/02/2026,Tuesday,40.759382235947626,-73.93895415268634,21,0.5,0.35,0.0,0.85,1
901958,015,Customer 015,1234 Main Street,Bronx,NY,06/02/2026,Tuesday,40.82239448550935,-73.91429829435131,21,0.43,0.35,0.0,0.78,2
901959,025,Customer 025,7706 Main Street,Brooklyn,NY,06/02/2026,Tuesday,40.69835136729073,-73.9158925078441,8,0.65,0.0,0.0,0.65,1
901960,028,Customer 028,9817 Main Street,Queens,NY,06/02/2026,Tuesday,40.71519521264396,-73.74349772371512,2,0.5,0.0,0.0,0.5,1
901967,056,Customer 056,4388 Main Street,Queens,NY,06/02/2026,Tuesday,40.7572560717902,-73.91514119505781,2,0.79,0.0,0.0,0.79,2
901964,044,Customer 044,9824 Main Street,Brooklyn,NY,06/02/2026,Tuesday,40.685443993544496,-73.943950969423,73,0.45,0.0,0.0,0.45,1
901966,047,Customer 047,5244 Main Street,Manhattan,NY,06/02/2026,Tuesday,40.71773283828544,-73.98411846097412,3,0.45,0.0,0.0,0.45,1
901968,058,Customer 058,1295 Main Street,Manhattan,NY,06/02/2026,Tuesday,40.71874598664543,-73.98172887364404,3,0.47,0.03,0.0,0.5,2
901965,046,Customer 046,7680 Main Street,Manhattan,NY,06/02/2026,Tuesday,40.773204917119784,-73.95678092820883,3,1.21,0.0,0.0,1.21,3
901970,063,Customer 063,6816 Main Street,Brooklyn,NY,06/02/2026,Tuesday,40.689007393638555,-73.9173641706466,10,2.72,0.0,0.0,2.72,1
901969,062,Customer 062,4334 Main Street,Brooklyn,NY,06/02/2026,Tuesday,40.689239848977614,-73.91777406506378,10,2.24,0.0,0.0,2.24,2
901972,081,Customer 081,1102 Main Street,Brooklyn,NY,06/02/2026,Tuesday,40.68024236564245,-73.93137158188019,17,1.33,0.0,0.0,1.33,1
901973,083,Customer 083,8596 Main Street,Brooklyn,NY,06/02/2026,Tuesday,40.63287188101084,-74.16028394578468,16,3.74,0.35,0.0,4.09,1
901974,084,Customer 084,5616 Main Street,Brooklyn,NY,06/02/2026,Tuesday,40.66480658774192,-73.9572281363883,15,0.52,0.27,0.0,0.79,1
901975,087,Customer 087,4657 Main Street,Brooklyn,NY,06/02/2026,Tuesday,40.66150707860249,-73.87346498223229,99,7.53,0.0,0.25,7.78,1
901976,089,Customer 089,3760 Main Street,Bronx,NY,06/02/2026,Tuesday,40.830728643622344,-73.89126472129591,33,6.61,0.35,0.0,6.96,1
901982,023,Customer 023,8364 Main Street,Queens,NY,06/03/2026,Wednesday,40.76091447600587,-73.88181045003793,5,1.0,0.0,0.05,1.05,1
901977,014,Customer 014,1226 Main Street,Manhattan,NY,06/03/2026,Wednesday,40.76099884306126,-73.94084004193822,5,0.69,0.0,0.0,0.69,2
901987,041,Customer 041,3068 Main Street,New York,NY,06/03/2026,Wednesday,40.759382235947626,-73.93895415268634,21,0.54,0.0,0.0,0.54,1
901978,015,Customer 015,5461 Main Street,Bronx,NY,06/03/2026,Wednesday,40.82239448550935,-73.91429829435131,21,0.48,0.0,0.0,0.48,2
901986,032,Customer 032,715 Main Street,Bronx,NY,06/03/2026,Wednesday,40.853589534832395,-73.89464414584027,21,0.6,0.35,0.0,0.95,3
901979,018,Customer 018,3453 Main Street,Bronx,NY,06/03/2026,Wednesday,40.84297611177931,-73.84592385676613,31,5.02,0.0,0.25,5.27,1
901980,019,Customer 019,2323 Main Street,Manhattan,NY,06/03/2026,Wednesday,40.778836484045,-73.98329931044094,4,0.68,0.0,0.0,0.68,1
901981,021,Customer 021,3506 Main Street,Brooklyn,NY,06/03/2026,Wednesday,40.68093339365346,-73.94670663597643,18,1.28,0.0,0.0,1.28,1
901983,024,Customer 024,8951 Main Street,Bronx,NY,06/03/2026,Wednesday,40.896883630705474,-73.85135085346376,7,0.77,0.0,0.0,0.77,1
901984,025,Customer 025,5241 Main Street,Brooklyn,NY,06/03/2026,Wednesday,40.69835136729073,-73.9158925078441,8,0.64,0.0,0.0,0.64,1
901985,026,Customer 026,9644 Main Street,Queens,NY,06/03/2026,Wednesday,40.67584687606802,-73.85557337127459,73,4.5,0.0,0.0,4.5,1
901988,051,Customer 051,1866 Main Street,Queens,NY,06/03/2026,Wednesday,40.60737229758411,-73.75316746816085,1,0.61,0.0,0.0,0.61,1
901989,057,Customer 057,7108 Main Street,Bronx,NY,06/03/2026,Wednesday,40.81995444568525,-73.89158623543398,70,0.42,0.39,0.0,0.81,1
901992,082,Customer 082,2777 Main Street,Bronx,NY,06/03/2026,Wednesday,40.869718152184745,-73.87892875884225,70,0.71,0.0,0.0,0.71,2
901990,067,Customer 067,3550 Main Street,Bronx,NY,06/03/2026,Wednesday,40.86604266971237,-73.92623623009767,14,0.89,0.0,0.0,0.89,1
901991,079,Customer 079,9627 Main Street,Brooklyn,NY,06/03/2026,Wednesday,40.65822719611959,-73.92944076589842,24,1.46,0.12,0.0,1.58,1
901993,085,Customer 085,6876 Main Street,Brooklyn,NY,06/03/2026,Wednesday,40.6758490834141,-73.87795663986044,11,0.8,0.11,0.0,0.91,1
901994,086,Customer 086,1764 Main Street,Bronx,NY,06/03/2026,Wednesday,40.85368960688969,-73.90929502876213,33,0.71,0.0,0.0,0.71,1
901995,005,Customer 005,7786 Main Street,Queens,NY,06/04/2026,Thursday,40.69747391202919,-73.82905390354207,25,3.18,0.1,0.0,3.28,1
901996,009,Customer 009,9683 Main Street,Queens,NY,06/04/2026,Thursday,40.600009486593315,-73.74405287870175,1,0.43,0.0,0.0,0.43,1
901997,018,Customer 018,1350 Main Street,Bronx,NY,06/04/2026,Thursday,40.84297611177931,-73.84592385676613,31,3.75,0.0,0.0,3.75,1
901998,023,Customer 023,5779 Main Street,Queens,NY,06/04/2026,Thursday,40.76091447600587,-73.88181045003793,5,1.11,0.0,0.04,1.15,1
902001,040,Customer 040,6453 Main Street,Queens,NY,06/04/2026,Thursday,40.76395482312956,-73.91128512522792,5,0.44,0.0,0.0,0.44,2
901999,030,Customer 030,8041 Main Street,Brooklyn,NY,06/04/2026,Thursday,40.63878496266752,-73.97263862633669,17,2.16,0.0,0.0,2.16,1
902000,039,Customer 039,1892 Main Street,Bronx,NY,06/04/2026,Thursday,40.84909985735391,-73.92113692416197,70,0.49,0.0,0.0,0.49,1
902002,049,Customer 049,6366 Main Street,Bronx,NY,06/04/2026,Thursday,40.84161725986629,-73.90132809233144,7,0.55,0.0,0.0,0.55,1
902003,050,Customer 050,8940 Main Street,Bronx,NY,06/04/2026,Thursday,40.88504380789946,-73.85462851943738,7,0.86,0.0,0.0,0.86,2
902004,056,Customer 056,9917 Main Street,Queens,NY,06/04/2026,Thursday,40.7572560717902,-73.91514119505781,2,0.74,0.0,0.0,0.74,1
902005,086,Customer 086,5822 Main Street,Bronx,NY,06/04/2026,Thursday,40.85368960688969,-73.90929502876213,33,0.67,0.0,0.0,0.67,1
902006,093,Customer 093,6825 Main Street,Queens,NY,06/04/2026,Thursday,40.692614111895054,-73.84437929166077,36,4.57,0.0,0.0,4.57,1
902007,005,Customer 005,6794 Main Street,Queens,NY,06/05/2026,Friday,40.69747391202919,-73.82905390354207,25,2.69,0.12,0.0,2.81,1
902016,065,Customer 065,7415 Main Street,Manhattan,NY,06/05/2026,Friday,40.76900862942308,-73.96497922070525,4,0.71,0.07,0.01,0.79,1
902008,006,Customer 006,3047 Main Street,Manhattan,NY,06/05/2026,Friday,40.80740818873632,-73.96565982955099,4,0.85,0.0,0.0,0.85,2
902009,008,Customer 008,9131 Main Street,Bronx,NY,06/05/2026,Friday,40.81813101864817,-73.90411620231987,70,1.25,0.0,0.0,1.25,1
902010,031,Customer 031,8283 Main Street,Bronx,NY,06/05/2026,Friday,40.85734534786821,-73.89474039555732,22,1.94,0.0,0.03,1.97,1
902018,071,Customer 071,7177 Main Street,Manhattan,NY,06/05/2026,Friday,40.74827382831262,-73.98413653314174,3,0.42,0.0,0.01,0.43,1
902011,034,Customer 034,9213 Main Street,Manhattan,NY,06/05/2026,Friday,40.768896755175966,-73.95610818925888,3,1.74,0.0,0.06,1.8,2
902012,037,Customer 037,797 Main Street,Brooklyn,NY,06/05/2026,Friday,40.6314761543859,-73.98026120703442,8,0.65,0.0,0.0,0.65,1
902013,051,Customer 051,7232 Main Street,Queens,NY,06/05/2026,Friday,40.60737229758411,-73.75316746816085,1,0.86,0.0,0.0,0.86,1
902014,061,Customer 061,4244 Main Street,Brooklyn,NY,06/05/2026,Friday,40.598422117306654,-73.94163633556525,15,0.98,0.35,0.0,1.33,1
902015,064,Customer 064,9411 Main Street,Brooklyn,NY,06/05/2026,Friday,40.67139788117989,-73.9340888408256,23,1.84,0.23,0.0,2.07,1
902017,068,Customer 068,8731 Main Street,Brooklyn,NY,06/05/2026,Friday,40.63036297971589,-74.08136228889674,17,0.94,0.14,0.0,1.08,1
902019,074,Customer 074,3322 Main Street,Bronx,NY,06/05/2026,Friday,40.87654063424415,-73.86675762676278,71,2.01,0.02,0.25,2.28,1
902020,076,Customer 076,163 Main Street,Brooklyn,NY,06/05/2026,Friday,40.681777334052896,-73.87899490500013,10,0.49,0.09,0.0,0.58,1
902021,080,Customer 080,131 Main Street,Queens,NY,06/05/2026,Friday,40.67620628689007,-73.74285399139629,2,0.79,0.0,0.0,0.79,1
902022,083,Customer 083,9349 Main Street,Brooklyn,NY,06/05/2026,Friday,40.63287188101084,-74.16028394578468,16,3.64,0.0,0.0,3.64,1
902049,091,Customer 091,9872 Main Street,Queens,NY,06/08/2026,Monday,40.69772873982824,-73.8341823153853,45,0.75,0.0,0.0,0.75,1
902023,001,Customer 001,3439 Main Street,Bronx,NY,06/08/2026,Monday,40.82393494763585,-73.90903906592717,45,3.94,0.0,0.0,3.94,2
902024,003,Customer 003,1968 Main Street,Bronx,NY,06/08/2026,Monday,40.86555164559,-73.88702973397817,19,9.75,0.35,0.0,10.1,1
902025,005,Customer 005,3000 Main Street,Queens,NY,06/08/2026,Monday,40.69747391202919,-73.82905390354207,25,3.23,0.12,0.0,3.35,1
902026,010,Customer 010,8387 Main Street,Brooklyn,NY,06/08/2026,Monday,40.65654070000209,-73.91897014191731,6,0.4,0.35,0.0,0.75,1
902027,015,Customer 015,5823 Main Street,Bronx,NY,06/08/2026,Monday,40.82239448550935,-73.91429829435131,21,0.52,0.0,0.0,0.52,1
902028,016,Customer 016,8756 Main Street,Bronx,NY,06/08/2026,Monday,40.854973107257365,-73.86437656576189,21,0.52,0.0,0.0,0.52,2
902029,018,Customer 018,8001 Main Street,Bronx,NY,06/08/2026,Monday,40.84297611177931,-73.84592385676613,31,4.7,0.0,0.25,4.95,1
902030,020,Customer 020,9635 Main Street,Queens,NY,06/08/2026,Monday,40.70811449489744,-73.79898444261066,32,0.41,0.0,0.0,0.41,1
902031,021,Customer 021,4464 Main Street,Brooklyn,NY,06/08/2026,Monday,40.68093339365346,-73.94670663597643,18,1.48,0.0,0.0,1.48,1
902032,022,Customer 022,6813 Main Street,Queens,NY,06/08/2026,Monday,40.70649711069442,-73.756756602347,2,0.49,0.0,0.0,0.49,1
902043,056,Customer 056,6339 Main Street,Queens,NY,06/08/2026,Monday,40.7572560717902,-73.91514119505781,2,0.89,0.0,0.0,0.89,2
902037,042,Customer 042,468 Main Street,Brooklyn,NY,06/08/2026,Monday,40.63208584532311,-73.96647452968952,9,2.14,0.14,0.0,2.28,1
902033,027,Customer 027,4997 Main Street,Brooklyn,NY,06/08/2026,Monday,40.687360434885576,-73.98066195659537,9,0.66,0.0,0.0,0.66,2
902034,031,Customer 031,6274 Main Street,Bronx,NY,06/08/2026,Monday,40.85734534786821,-73.89474039555732,22,2.51,0.0,0.03,2.54,1
902035,033,Customer 033,5898 Main Street,Bronx,NY,06/08/2026,Monday,40.88677507240233,-73.85199192252,7,0.82,0.0,0.0,0.82,1
902040,047,Customer 047,8259 Main Street,Manhattan,NY,06/08/2026,Monday,40.71773283828544,-73.98411846097412,3,0.58,0.0,0.0,0.58,1
902036,034,Customer 034,8410 Main Street,Manhattan,NY,06/08/2026,Monday,40.768896755175966,-73.95610818925888,3,1.28,0.0,0.06,1.34,2
902039,046,Customer 046,9314 Main Street,Manhattan,NY,06/08/2026,Monday,40.773204917119784,-73.95678092820883,3,1.25,0.0,0.0,1.25,3
902038,045,Customer 045,5089 Main Street,Brooklyn,NY,06/08/2026,Monday,40.63550402142037,-74.13303054062014,Bronx,0.91,0.0,0.0,0.91,1
902041,052,Customer 052,8358 Main Street,Bronx,NY,06/08/2026,Monday,40.84586642009279,-73.89820757611032,14,1.19,0.0,0.0,1.19,1
902046,067,Customer 067,4532 Main Street,Bronx,NY,06/08/2026,Monday,40.86604266971237,-73.92623623009767,14,0.95,0.35,0.0,1.3,2
902042,053,Customer 053,7609 Main Street,Queens,NY,06/08/2026,Monday,40.7618627220245,-73.88916852512102,5,1.79,0.0,0.0,1.79,1
902044,060,Customer 060,6563 Main Street,Brooklyn,NY,06/08/2026,Monday,40.676333247614394,-73.88613509640518,24,0.84,0.13,0.0,0.97,1
902045,066,Customer 066,4849 Main Street,Brooklyn,NY,06/08/2026,Monday,40.66065294279969,-73.87876303673895,1,0.64,0.08,0.0,0.72,1
902047,070,Customer 070,9490 Main Street,Brooklyn,NY,06/08/2026,Monday,40.67439672491399,-73.9226282137167,11,0.89,0.35,0.0,1.24,1
902048,084,Customer 084,7424 Main Street,Brooklyn,NY,06/08/2026,Monday,40.66480658774192,-73.9572281363883,15,0.67,0.17,0.0,0.84,1
902050,094,Customer 094,4377 Main Street,Queens,NY,06/08/2026,Monday,40.69384632036886,-73.84342565090739,37,5.12,0.0,0.0,5.12,1
902051,095,Customer 095,4920 Main Street,Queens,NY,06/08/2026,Monday,40.68727132626413,-73.82300862324279,38,3.94,0.0,0.0,3.94,1
902052,002,Customer 002,419 Main Street,Queens,NY,06/09/2026,Tuesday,40.70595191172637,-73.75457110312014,25,0.65,0.04,0.0,0.69,1
902053,011,Customer 011,4943 Main Street,Brooklyn,NY,06/09/2026,Tuesday,40.652082455862505,-73.92481650340132,18,1.74,0.35,0.0,2.09,1
902058,036,Customer 036,3897 Main Street,New York,NY,06/09/2026,Tuesday,40.80325822563249,-73.93591692391615,14,0.45,0.0,0.3,0.75,1
902054,013,Customer 013,8029 Main Street,New York,NY,06/09/2026,Tuesday,40.81574307418728,-73.9379714247544,14,0.55,0.0,0.25,0.8,2
902057,029,Customer 029,581 Main Street,Bronx,NY,06/09/2026,Tuesday,40.853619797063494,-73.90831990645347,14,1.97,0.0,0.0,1.97,3
902065,067,Customer 067,7282 Main Street,Bronx,NY,06/09/2026,Tuesday,40.86604266971237,-73.92623623009767,14,0.85,0.0,0.0,0.85,4
902059,041,Customer 041,9863 Main Street,New York,NY,06/09/2026,Tuesday,40.759382235947626,-73.93895415268634,21,0.47,0.0,0.0,0.47,1
902055,015,Customer 015,6231 Main Street,Bronx,NY,06/09/2026,Tuesday,40.82239448550935,-73.91429829435131,21,0.49,0.0,0.0,0.49,2
902056,028,Customer 028,3965 Main Street,Queens,NY,06/09/2026,Tuesday,40.71519521264396,-73.74349772371512,2,0.59,0.0,0.25,0.84,1
902062,056,Customer 056,5773 Main Street,Queens,NY,06/09/2026,Tuesday,40.7572560717902,-73.91514119505781,2,0.69,0.0,0.0,0.69,2
902060,044,Customer 044,1213 Main Street,Brooklyn,NY,06/09/2026,Tuesday,40.685443993544496,-73.943950969423,73,0.55,0.0,0.0,0.55,1
902061,047,Customer 047,8204 Main Street,Manhattan,NY,06/09/2026,Tuesday,40.71773283828544,-73.98411846097412,3,0.58,0.0,0.0,0.58,1
902064,063,Customer 063,4332 Main Street,Brooklyn,NY,06/09/2026,Tuesday,40.689007393638555,-73.9173641706466,10,2.94,0.0,0.0,2.94,1
902063,062,Customer 062,955 Main Street,Brooklyn,NY,06/09/2026,Tuesday,40.689239848977614,-73.91777406506378,10,2.25,0.0,0.25,2.5,2
902066,072,Customer 072,9456 Main Street,Brooklyn,NY,06/09/2026,Tuesday,40.65171110205392,-73.9191771105472,9,0.59,0.0,0.0,0.59,1
902067,081,Customer 081,3393 Main Street,Brooklyn,NY,06/09/2026,Tuesday,40.68024236564245,-73.93137158188019,17,1.05,0.0,0.25,1.3,1
902068,083,Customer 083,713 Main Street,Brooklyn,NY,06/09/2026,Tuesday,40.63287188101084,-74.16028394578468,16,4.46,0.0,0.0,4.46,1
902069,084,Customer 084,9222 Main Street,Brooklyn,NY,06/09/2026,Tuesday,40.66480658774192,-73.9572281363883,15,0.58,0.3,0.0,0.88,1
902070,087,Customer 087,7223 Main Street,Brooklyn,NY,06/09/2026,Tuesday,40.66150707860249,-73.87346498223229,99,8.91,0.35,0.0,9.26,1
902071,089,Customer 089,6794 Main Street,Bronx,NY,06/09/2026,Tuesday,40.830728643622344,-73.89126472129591,33,6.4,0.0,0.0,6.4,1
902072,012,Customer 012,1169 Main Street,Brooklyn,NY,06/10/2026,Wednesday,40.636920669008184,-74.1652722110478,16,0.44,0.0,0.0,0.44,1
902081,041,Customer 041,1442 Main Street,New York,NY,06/10/2026,Wednesday,40.759382235947626,-73.93895415268634,21,0.54,0.0,0.0,0.54,1
902073,015,Customer 015,6261 Main Street,Bronx,NY,06/10/2026,Wednesday,40.82239448550935,-73.91429829435131,21,0.43,0.0,0.0,0.43,2
902079,032,Customer 032,8618 Main Street,Bronx,NY,06/10/2026,Wednesday,40.853589534832395,-73.89464414584027,21,0.47,0.0,0.0,0.47,3
902074,018,Customer 018,575 Main Street,Bronx,NY,06/10/2026,Wednesday,40.84297611177931,-73.84592385676613,31,3.92,0.0,0.0,3.92,1
902084,065,Customer 065,9485 Main Street,Manhattan,NY,06/10/2026,Wednesday,40.76900862942308,-73.96497922070525,4,0.74,0.1,0.01,0.85,1
902075,019,Customer 019,7959 Main Street,Manhattan,NY,06/10/2026,Wednesday,40.778836484045,-73.98329931044094,4,0.66,0.0,0.0,0.66,2
902076,024,Customer 024,8653 Main Street,Bronx,NY,06/10/2026,Wednesday,40.896883630705474,-73.85135085346376,7,0.59,0.35,0.0,0.94,1
902077,025,Customer 025,8531 Main Street,Brooklyn,NY,06/10/2026,Wednesday,40.69835136729073,-73.9158925078441,8,0.73,0.0,0.0,0.73,1
902078,026,Customer 026,7600 Main Street,Queens,NY,06/10/2026,Wednesday,40.67584687606802,-73.85557337127459,73,3.49,0.0,0.0,3.49,1
902080,038,Customer 038,1312 Main Street,Manhattan,NY,06/10/2026,Wednesday,40.717842608430665,-73.9892410907712,3,0.83,0.0,0.0,0.83,1
902082,055,Customer 055,3665 Main Street,Queens,NY,06/10/2026,Wednesday,40.69661296220641,-73.82879015350318,25,8.38,0.03,0.0,8.41,1
902083,060,Customer 060,8155 Main Street,Brooklyn,NY,06/10/2026,Wednesday,40.676333247614394,-73.88613509640518,24,0.67,0.09,0.0,0.76,1
902085,067,Customer 067,5271 Main Street,Bronx,NY,06/10/2026,Wednesday,40.86604266971237,-73.92623623009767,14,0.67,0.0,0.25,0.92,1
902086,082,Customer 082,427 Main Street,Bronx,NY,06/10/2026,Wednesday,40.869718152184745,-73.87892875884225,70,0.97,0.0,0.0,0.97,1
902087,086,Customer 086,2158 Main Street,Bronx,NY,06/10/2026,Wednesday,40.85368960688969,-73.90929502876213,33,0.65,0.0,0.0,0.65,1
902088,092,Customer 092,8801 Main Street,Brooklyn,NY,06/10/2026,Wednesday,40.63740290973405,-73.92010562279191,35,4.74,0.35,0.25,5.34,1
902089,005,Customer 005,5723 Main Street,Queens,NY,06/11/2026,Thursday,40.69747391202919,-73.82905390354207,25,2.39,0.1,0.0,2.49,1
902094,035,Customer 035,6815 Main Street,Queens,NY,06/11/2026,Thursday,40.594970715995146,-73.77416307485291,1,0.69,0.0,0.0,0.69,1
902090,009,Customer 009,3655 Main Street,Queens,NY,06/11/2026,Thursday,40.600009486593315,-73.74405287870175,1,0.57,0.0,0.0,0.57,2
902099,043,Customer 043,2438 Main Street,Queens,NY,06/11/2026,Thursday,40.68152075934443,-73.85443641970784,1,0.43,0.13,0.25,0.81,3
902091,018,Customer 018,7148 Main Street,Bronx,NY,06/11/2026,Thursday,40.84297611177931,-73.84592385676613,31,4.3,0.0,0.0,4.3,1
902092,023,Customer 023,9681 Main Street,Queens,NY,06/11/2026,Thursday,40.76091447600587,-73.88181045003793,5,1.05,0.0,0.05,1.1,1
902097,040,Customer 040,5008 Main Street,Queens,NY,06/11/2026,Thursday,40.76395482312956,-73.91128512522792,5,0.47,0.0,0.0,0.47,2
902093,030,Customer 030,8424 Main Street,Brooklyn,NY,06/11/2026,Thursday,40.63878496266752,-73.97263862633669,17,2.86,0.35,0.0,3.21,1
902095,036,Customer 036,6288 Main Street,New York,NY,06/11/2026,Thursday,40.80325822563249,-73.93591692391615,14,0.61,0.0,0.37,0.98,1
902096,039,Customer 039,7666 Main Street,Bronx,NY,06/11/2026,Thursday,40.84909985735391,-73.92113692416197,70,0.61,0.35,0.0,0.96,1
902098,042,Customer 042,9278 Main Street,Brooklyn,NY,06/11/2026,Thursday,40.63208584532311,-73.96647452968952,9,2.66,0.2,0.25,3.11,1
902100,048,Customer 048,2001 Main Street,Queens,NY,06/11/2026,Thursday,40.75405265049564,-73.81832518415463,2,0.46,0.0,0.0,0.46,1
902103,056,Customer 056,4658 Main Street,Queens,NY,06/11/2026,Thursday,40.7572560717902,-73.91514119505781,2,0.83,0.0,0.0,0.83,2
902101,049,Customer 049,454 Main Street,Bronx,NY,06/11/2026,Thursday,40.84161725986629,-73.90132809233144,7,0.53,0.0,0.0,0.53,1
902102,050,Customer 050,4361 Main Street,Bronx,NY,06/11/2026,Thursday,40.88504380789946,-73.85462851943738,7,1.03,0.35,0.0,1.38,2
902104,075,Customer 075,6387 Main Street,Manhattan,NY,06/11/2026,Thursday,40.70710965261643,-73.94500754484459,6,1.46,0.1,0.0,1.56,1
902105,078,Customer 078,3512 Main Street,Manhattan,NY,06/11/2026,Thursday,40.76169824334662,-73.94957140792144,21,0.74,0.09,0.0,0.83,1
902106,086,Customer 086,4752 Main Street,Bronx,NY,06/11/2026,Thursday,40.85368960688969,-73.90929502876213,33,0.8,0.0,0.0,0.8,1
902107,090,Customer 090,1946 Main Street,Queens,NY,06/11/2026,Thursday,40.66953057344241,-73.7824756165742,34,6.83,0.0,0.0,6.83,1
902108,093,Customer 093,9028 Main Street,Queens,NY,06/11/2026,Thursday,40.692614111895054,-73.84437929166077,36,4.65,0.0,0.25,4.9,1
902109,004,Customer 004,1492 Main Street,New York,NY,06/12/2026,Friday,40.81882756334608,-73.93725056647254,20,4.58,0.0,0.0,4.58,1
902110,005,Customer 005,219 Main Street,Queens,NY,06/12/2026,Friday,40.69747391202919,-73.82905390354207,25,3.01,0.1,0.0,3.11,1
902111,006,Customer 006,8205 Main Street,Manhattan,NY,06/12/2026,Friday,40.80740818873632,-73.96565982955099,4,0.73,0.35,0.0,1.08,1
902119,061,Customer 061,8444 Main Street,Brooklyn,NY,06/12/2026,Friday,40.598422117306654,-73.94163633556525,15,0.79,0.0,0.0,0.79,1
902112,007,Customer 007,2714 Main Street,Brooklyn,NY,06/12/2026,Friday,40.63116428754058,-73.96665280296365,15,4.04,0.0,0.0,4.04,2
902113,008,Customer 008,1333 Main Street,Bronx,NY,06/12/2026,Friday,40.81813101864817,-73.90411620231987,70,1.7,0.0,0.0,1.7,1
902114,017,Customer 017,6486 Main Street,Brooklyn,NY,06/12/2026,Friday,40.68918573963909,-73.95966142657014,30,1.68,0.0,0.0,1.68,1
902115,031,Customer 031,945 Main Street,Bronx,NY,06/12/2026,Friday,40.85734534786821,-73.89474039555732,22,2.21,0.0,0.04,2.25,1
902116,038,Customer 038,1018 Main Street,Manhattan,NY,06/12/2026,Friday,40.717842608430665,-73.9892410907712,3,0.76,0.0,0.0,0.76,1
902117,051,Customer 051,591 Main Street,Queens,NY,06/12/2026,Friday,40.60737229758411,-73.75316746816085,1,0.61,0.0,0.0,0.61,1
902118,054,Customer 054,7659 Main Street,Manhattan,NY,06/12/2026,Friday,40.70449809311375,-73.95658499114683,10,0.61,0.0,0.25,0.86,1
902120,064,Customer 064,4259 Main Street,Brooklyn,NY,06/12/2026,Friday,40.67139788117989,-73.9340888408256,23,1.4,0.14,0.0,1.54,1
902121,068,Customer 068,2839 Main Street,Brooklyn,NY,06/12/2026,Friday,40.63036297971589,-74.08136228889674,17,1.02,0.18,0.0,1.2,1
902122,073,Customer 073,2470 Main Street,Brooklyn,NY,06/12/2026,Friday,40.65052535821618,-73.96218340829046,8,0.77,0.11,0.0,0.88,1
902123,074,Customer 074,2258 Main Street,Bronx,NY,06/12/2026,Friday,40.87654063424415,-73.86675762676278,71,2.63,0.03,0.0,2.66,1
902124,078,Customer 078,1448 Main Street,Manhattan,NY,06/12/2026,Friday,40.76169824334662,-73.94957140792144,21,0.62,0.1,0.0,0.72,1
902125,080,Customer 080,5098 Main Street,Queens,NY,06/12/2026,Friday,40.67620628689007,-73.74285399139629,2,0.8,0.0,0.0,0.8,1
902126,083,Customer 083,3092 Main Street,Brooklyn,NY,06/12/2026,Friday,40.63287188101084,-74.16028394578468,16,4.41,0.0,0.25,4.66,1
902127,088,Customer 088,5016 Main Street,Bronx,NY,06/12/2026,Friday,40.85920015425595,-73.90056567901365,31,5.22,0.0,0.0,5.22,1
902128,001,Customer 001,9520 Main Street,Bronx,NY,06/15/2026,Monday,40.82393494763585,-73.90903906592717,45,3.27,0.35,0.0,3.62,1
902129,003,Customer 003,2897 Main Street,Bronx,NY,06/15/2026,Monday,40.86555164559,-73.88702973397817,19,9.86,0.0,0.0,9.86,1
902130,005,Customer 005,8879 Main Street,Queens,NY,06/15/2026,Monday,40.69747391202919,-73.82905390354207,25,2.62,0.12,0.0,2.74,1
902131,010,Customer 010,6315 Main Street,Brooklyn,NY,06/15/2026,Monday,40.65654070000209,-73.91897014191731,6,0.52,0.0,0.0,0.52,1
902142,059,Customer 059,245 Main Street,Brooklyn,NY,06/15/2026,Monday,40.67755950741335,-73.91187495774679,6,0.5,0.16,0.25,0.91,2
902132,015,Customer 015,9233 Main Street,Bronx,NY,06/15/2026,Monday,40.82239448550935,-73.91429829435131,21,0.41,0.0,0.0,0.41,1
902133,016,Customer 016,4877 Main Street,Bronx,NY,06/15/2026,Monday,40.854973107257365,-73.86437656576189,21,0.64,0.0,0.25,0.89,2
902134,018,Customer 018,9459 Main Street,Bronx,NY,06/15/2026,Monday,40.84297611177931,-73.84592385676613,31,3.45,0.0,0.25,3.7,1
902135,020,Customer 020,3403 Main Street,Queens,NY,06/15/2026,Monday,40.70811449489744,-73.79898444261066,32,0.62,0.0,0.0,0.62,1
902136,021,Customer 021,5441 Main Street,Brooklyn,NY,06/15/2026,Monday,40.68093339365346,-73.94670663597643,18,1.68,0.0,0.0,1.68,1
902137,034,Customer 034,3365 Main Street,Manhattan,NY,06/15/2026,Monday,40.768896755175966,-73.95610818925888,3,1.8,0.0,0.09,1.89,1
902138,039,Customer 039,3668 Main Street,Bronx,NY,06/15/2026,Monday,40.84909985735391,-73.92113692416197,70,0.67,0.35,0.0,1.02,1
902139,040,Customer 040,4879 Main Street,Queens,NY,06/15/2026,Monday,40.76395482312956,-73.91128512522792,5,0.4,0.0,0.0,0.4,1
902140,045,Customer 045,9408 Main Street,Brooklyn,NY,06/15/2026,Monday,40.63550402142037,-74.13303054062014,Bronx,0.68,0.0,0.0,0.68,1
902141,056,Customer 056,9635 Main Street,Queens,NY,06/15/2026,Monday,40.7572560717902,-73.91514119505781,2,0.68,0.0,0.0,0.68,1
902143,066,Customer 066,4113 Main Street,Brooklyn,NY,06/15/2026,Monday,40.66065294279969,-73.87876303673895,1,0.78,0.08,0.0,0.86,1
902144,084,Customer 084,5163 Main Street,Brooklyn,NY,06/15/2026,Monday,40.66480658774192,-73.9572281363883,15,0.53,0.19,0.0,0.72,1
902145,086,Customer 086,1220 Main Street,Bronx,NY,06/15/2026,Monday,40.85368960688969,-73.90929502876213,33,0.84,0.0,0.0,0.84,1
902150,036,Customer 036,6613 Main Street,New York,NY,06/16/2026,Tuesday,40.80325822563249,-73.93591692391615,14,0.62,0.0,0.26,0.88,1
902146,013,Customer 013,8510 Main Street,New York,NY,06/16/2026,Tuesday,40.81574307418728,-73.9379714247544,14,0.66,0.0,0.0,0.66,2
902154,052,Customer 052,4336 Main Street,Bronx,NY,06/16/2026,Tuesday,40.84586642009279,-73.89820757611032,14,1.62,0.0,0.0,1.62,3
902149,029,Customer 029,2385 Main Street,Bronx,NY,06/16/2026,Tuesday,40.853619797063494,-73.90831990645347,14,1.95,0.0,0.0,1.95,4
902158,067,Customer 067,2167 Main Street,Bronx,NY,06/16/2026,Tuesday,40.86604266971237,-73.92623623009767,14,0.69,0.0,0.0,0.69,5
902151,041,Customer 041,9300 Main Street,New York,NY,06/16/2026,Tuesday,40.759382235947626,-73.93895415268634,21,0.5,0.35,0.0,0.85,1
902147,015,Customer 015,6507 Main Street,Bronx,NY,06/16/2026,Tuesday,40.82239448550935,-73.91429829435131,21,0.47,0.35,0.0,0.82,2
902148,028,Customer 028,4927 Main Street,Queens,NY,06/16/2026,Tuesday,40.71519521264396,-73.74349772371512,2,0.45,0.0,0.25,0.7,1
902155,056,Customer 056,3684 Main Street,Queens,NY,06/16/2026,Tuesday,40.7572560717902,-73.91514119505781,2,0.7,0.0,0.0,0.7,2
902152,044,Customer 044,3385 Main Street,Brooklyn,NY,06/16/2026,Tuesday,40.685443993544496,-73.943950969423,73,0.42,0.0,0.0,0.42,1
902153,047,Customer 047,2149 Main Street,Manhattan,NY,06/16/2026,Tuesday,40.71773283828544,-73.98411846097412,3,0.61,0.0,0.0,0.61,1
902157,063,Customer 063,5829 Main Street,Brooklyn,NY,06/16/2026,Tuesday,40.689007393638555,-73.9173641706466,10,2.54,0.0,0.0,2.54,1
902156,062,Customer 062,3458 Main Street,Brooklyn,NY,06/16/2026,Tuesday,40.689239848977614,-73.91777406506378,10,1.68,0.0,0.0,1.68,2
902159,072,Customer 072,5852 Main Street,Brooklyn,NY,06/16/2026,Tuesday,40.65171110205392,-73.9191771105472,9,0.49,0.0,0.0,0.49,1
902160,081,Customer 081,4516 Main Street,Brooklyn,NY,06/16/2026,Tuesday,40.68024236564245,-73.93137158188019,17,1.05,0.0,0.0,1.05,1
902161,083,Customer 083,1084 Main Street,Brooklyn,NY,06/16/2026,Tuesday,40.63287188101084,-74.16028394578468,16,3.72,0.35,0.0,4.07,1
902162,084,Customer 084,1883 Main Street,Brooklyn,NY,06/16/2026,Tuesday,40.66480658774192,-73.9572281363883,15,0.54,0.17,0.0,0.71,1
902163,087,Customer 087,5231 Main Street,Brooklyn,NY,06/16/2026,Tuesday,40.66150707860249,-73.87346498223229,99,10.96,0.0,0.0,10.96,1
902164,089,Customer 089,6299 Main Street,Bronx,NY,06/16/2026,Tuesday,40.830728643622344,-73.89126472129591,33,6.38,0.0,0.0,6.38,1
902167,019,Customer 019,8895 Main Street,Manhattan,NY,06/17/2026,Wednesday,40.778836484045,-73.98329931044094,4,0.8,0.0,0.0,0.8,1
902165,006,Customer 006,1540 Main Street,Manhattan,NY,06/17/2026,Wednesday,40.80740818873632,-73.96565982955099,4,0.77,0.0,0.0,0.77,2
902166,018,Customer 018,3028 Main Street,Bronx,NY,06/17/2026,Wednesday,40.84297611177931,-73.84592385676613,31,4.75,0.0,0.0,4.75,1
902168,021,Customer 021,1711 Main Street,Brooklyn,NY,06/17/2026,Wednesday,40.68093339365346,-73.94670663597643,18,1.25,0.0,0.0,1.25,1
902169,024,Customer 024,4670 Main Street,Bronx,NY,06/17/2026,Wednesday,40.896883630705474,-73.85135085346376,7,0.61,0.0,0.0,0.61,1
902170,025,Customer 025,6677 Main Street,Brooklyn,NY,06/17/2026,Wednesday,40.69835136729073,-73.9158925078441,8,0.88,0.0,0.25,1.13,1
902171,026,Customer 026,4027 Main Street,Queens,NY,06/17/2026,Wednesday,40.67584687606802,-73.85557337127459,73,4.02,0.0,0.0,4.02,1
902172,032,Customer 032,1820 Main Street,Bronx,NY,06/17/2026,Wednesday,40.853589534832395,-73.89464414584027,21,0.45,0.35,0.0,0.8,1
902173,067,Customer 067,2073 Main Street,Bronx,NY,06/17/2026,Wednesday,40.86604266971237,-73.92623623009767,14,0.81,0.0,0.0,0.81,1
902174,082,Customer 082,6907 Main Street,Bronx,NY,06/17/2026,Wednesday,40.869718152184745,-73.87892875884225,70,0.73,0.0,0.0,0.73,1
902175,086,Customer 086,3422 Main Street,Bronx,NY,06/17/2026,Wednesday,40.85368960688969,-73.90929502876213,33,0.83,0.0,0.0,0.83,1
902176,005,Customer 005,9095 Main Street,Queens,NY,06/18/2026,Thursday,40.69747391202919,-73.82905390354207,25,2.14,0.13,0.0,2.27,1
902177,009,Customer 009,4903 Main Street,Queens,NY,06/18/2026,Thursday,40.600009486593315,-73.74405287870175,1,0.4,0.0,0.0,0.4,1
902178,018,Customer 018,5873 Main Street,Bronx,NY,06/18/2026,Thursday,40.84297611177931,-73.84592385676613,31,4.0,0.0,0.0,4.0,1
902179,022,Customer 022,7258 Main Street,Queens,NY,06/18/2026,Thursday,40.70649711069442,-73.756756602347,2,0.68,0.0,0.0,0.68,1
902184,048,Customer 048,1267 Main Street,Queens,NY,06/18/2026,Thursday,40.75405265049564,-73.81832518415463,2,0.59,0.35,0.0,0.94,2
902187,056,Customer 056,2647 Main Street,Queens,NY,06/18/2026,Thursday,40.7572560717902,-73.91514119505781,2,0.73,0.0,0.0,0.73,3
902180,023,Customer 023,6074 Main Street,Queens,NY,06/18/2026,Thursday,40.76091447600587,-73.88181045003793,5,0.94,0.0,0.06,1.0,1
902183,040,Customer 040,8347 Main Street,Queens,NY,06/18/2026,Thursday,40.76395482312956,-73.91128512522792,5,0.53,0.0,0.0,0.53,2
902181,030,Customer 030,7969 Main Street,Brooklyn,NY,06/18/2026,Thursday,40.63878496266752,-73.97263862633669,17,2.42,0.0,0.25,2.67,1
902182,039,Customer 039,8917 Main Street,Bronx,NY,06/18/2026,Thursday,40.84909985735391,-73.92113692416197,70,0.66,0.0,0.0,0.66,1
902185,049,Customer 049,6459 Main Street,Bronx,NY,06/18/2026,Thursday,40.84161725986629,-73.90132809233144,7,0.56,0.0,0.0,0.56,1
902186,050,Customer 050,5506 Main Street,Bronx,NY,06/18/2026,Thursday,40.88504380789946,-73.85462851943738,7,0.95,0.0,0.0,0.95,2
902188,086,Customer 086,6158 Main Street,Bronx,NY,06/18/2026,Thursday,40.85368960688969,-73.90929502876213,33,0.67,0.0,0.0,0.67,1
902189,005,Customer 005,3647 Main Street,Queens,NY,06/19/2026,Friday,40.69747391202919,-73.82905390354207,25,3.04,0.11,0.0,3.15,1
902190,006,Customer 006,3142 Main Street,Manhattan,NY,06/19/2026,Friday,40.80740818873632,-73.96565982955099,4,0.74,0.0,0.0,0.74,1
902191,007,Customer 007,5413 Main Street,Brooklyn,NY,06/19/2026,Friday,40.63116428754058,-73.96665280296365,15,3.2,0.35,0.0,3.55,1
902192,008,Customer 008,2930 Main Street,Bronx,NY,06/19/2026,Friday,40.81813101864817,-73.90411620231987,70,1.5,0.0,0.0,1.5,1
902193,021,Customer 021,7935 Main Street,Brooklyn,NY,06/19/2026,Friday,40.68093339365346,-73.94670663597643,18,1.49,0.0,0.0,1.49,1
902194,031,Customer 031,8356 Main Street,Bronx,NY,06/19/2026,Friday,40.85734534786821,-73.89474039555732,22,1.91,0.0,0.03,1.94,1
902195,051,Customer 051,5463 Main Street,Queens,NY,06/19/2026,Friday,40.60737229758411,-73.75316746816085,1,0.77,0.0,0.0,0.77,1
902196,064,Customer 064,9712 Main Street,Brooklyn,NY,06/19/2026,Friday,40.67139788117989,-73.9340888408256,23,1.55,0.14,0.0,1.69,1
902197,068,Customer 068,6693 Main Street,Brooklyn,NY,06/19/2026,Friday,40.63036297971589,-74.08136228889674,17,0.76,0.11,0.0,0.87,1
902198,074,Customer 074,1328 Main Street,Bronx,NY,06/19/2026,Friday,40.87654063424415,-73.86675762676278,71,2.51,0.03,0.0,2.54,1
902199,080,Customer 080,2682 Main Street,Queens,NY,06/19/2026,Friday,40.67620628689007,-73.74285399139629,2,0.56,0.0,0.0,0.56,1
902200,083,Customer 083,3912 Main Street,Brooklyn,NY,06/19/2026,Friday,40.63287188101084,-74.16028394578468,16,3.39,0.0,0.0,3.39,1
902228,091,Customer 091,6631 Main Street,Queens,NY,06/22/2026,Monday,40.69772873982824,-73.8341823153853,45,0.66,0.0,0.0,0.66,1
902201,001,Customer 001,4460 Main Street,Bronx,NY,06/22/2026,Monday,40.82393494763585,-73.90903906592717,45,4.02,0.35,0.0,4.37,2
902202,003,Customer 003,514 Main Street,Bronx,NY,06/22/2026,Monday,40.86555164559,-73.88702973397817,19,8.28,0.35,0.0,8.63,1
902203,005,Customer 005,1417 Main Street,Queens,NY,06/22/2026,Monday,40.69747391202919,-73.82905390354207,25,3.2,0.12,0.0,3.32,1
902204,010,Customer 010,3518 Main Street,Brooklyn,NY,06/22/2026,Monday,40.65654070000209,-73.91897014191731,6,0.4,0.35,0.0,0.75,1
902222,059,Customer 059,2774 Main Street,Brooklyn,NY,06/22/2026,Monday,40.67755950741335,-73.91187495774679,6,0.6,0.12,0.0,0.72,2
902205,015,Customer 015,2719 Main Street,Bronx,NY,06/22/2026,Monday,40.82239448550935,-73.91429829435131,21,0.45,0.0,0.0,0.45,1
902206,016,Customer 016,9196 Main Street,Bronx,NY,06/22/2026,Monday,40.854973107257365,-73.86437656576189,21,0.6,0.0,0.0,0.6,2
902207,017,Customer 017,5426 Main Street,Brooklyn,NY,06/22/2026,Monday,40.68918573963909,-73.95966142657014,30,1.42,0.0,0.0,1.42,1
902208,018,Customer 018,9111 Main Street,Bronx,NY,06/22/2026,Monday,40.84297611177931,-73.84592385676613,31,3.58,0.0,0.0,3.58,1
902209,020,Customer 020,2688 Main Street,Queens,NY,06/22/2026,Monday,40.70811449489744,-73.79898444261066,32,0.45,0.0,0.0,0.45,1
902210,021,Customer 021,9481 Main Street,Brooklyn,NY,06/22/2026,Monday,40.68093339365346,-73.94670663597643,18,1.39,0.0,0.0,1.39,1
902211,022,Customer 022,9327 Main Street,Queens,NY,06/22/2026,Monday,40.70649711069442,-73.756756602347,2,0.57,0.0,0.25,0.82,1
902221,056,Customer 056,3510 Main Street,Queens,NY,06/22/2026,Monday,40.7572560717902,-73.91514119505781,2,0.83,0.0,0.0,0.83,2
902212,027,Customer 027,2823 Main Street,Brooklyn,NY,06/22/2026,Monday,40.687360434885576,-73.98066195659537,9,0.68,0.0,0.0,0.68,1
902213,033,Customer 033,8384 Main Street,Bronx,NY,06/22/2026,Monday,40.88677507240233,-73.85199192252,7,0.89,0.35,0.0,1.24,1
902214,034,Customer 034,8212 Main Street,Manhattan,NY,06/22/2026,Monday,40.768896755175966,-73.95610818925888,3,1.51,0.0,0.07,1.58,1
902217,046,Customer 046,2940 Main Street,Manhattan,NY,06/22/2026,Monday,40.773204917119784,-73.95678092820883,3,1.3,0.0,0.0,1.3,2
902220,053,Customer 053,647 Main Street,Queens,NY,06/22/2026,Monday,40.7618627220245,-73.88916852512102,5,2.37,0.0,0.0,2.37,1
902215,040,Customer 040,2914 Main Street,Queens,NY,06/22/2026,Monday,40.76395482312956,-73.91128512522792,5,0.56,0.0,0.0,0.56,2
902216,045,Customer 045,633 Main Street,Brooklyn,NY,06/22/2026,Monday,40.63550402142037,-74.13303054062014,Bronx,1.04,0.0,0.0,1.04,1
902218,051,Customer 051,6231 Main Street,Queens,NY,06/22/2026,Monday,40.60737229758411,-73.75316746816085,1,0.67,0.0,0.25,0.92,1
902223,066,Customer 066,4514 Main Street,Brooklyn,NY,06/22/2026,Monday,40.66065294279969,-73.87876303673895,1,0.67,0.06,0.0,0.73,2
902219,052,Customer 052,1959 Main Street,Bronx,NY,06/22/2026,Monday,40.84586642009279,-73.89820757611032,14,1.66,0.0,0.0,1.66,1
902224,067,Customer 067,5561 Main Street,Bronx,NY,06/22/2026,Monday,40.86604266971237,-73.92623623009767,14,0.66,0.0,0.25,0.91,2
902225,070,Customer 070,2031 Main Street,Brooklyn,NY,06/22/2026,Monday,40.67439672491399,-73.9226282137167,11,0.84,0.0,0.0,0.84,1
902226,079,Customer 079,1622 Main Street,Brooklyn,NY,06/22/2026,Monday,40.65822719611959,-73.92944076589842,24,1.57,0.14,0.0,1.71,1
902227,084,Customer 084,3853 Main Street,Brooklyn,NY,06/22/2026,Monday,40.66480658774192,-73.9572281363883,15,0.48,0.22,0.25,0.95,1
902229,094,Customer 094,7449 Main Street,Queens,NY,06/22/2026,Monday,40.69384632036886,-73.84342565090739,37,4.65,0.0,0.0,4.65,1
902230,095,Customer 095,8833 Main Street,Queens,NY,06/22/2026,Monday,40.68727132626413,-73.82300862324279,38,4.02,0.35,0.0,4.37,1
902231,002,Customer 002,1834 Main Street,Queens,NY,06/23/2026,Tuesday,40.70595191172637,-73.75457110312014,25,0.55,0.03,0.0,0.58,1
902232,011,Customer 011,8577 Main Street,Brooklyn,NY,06/23/2026,Tuesday,40.652082455862505,-73.92481650340132,18,1.33,0.0,0.0,1.33,1
902238,036,Customer 036,8739 Main Street,New York,NY,06/23/2026,Tuesday,40.80325822563249,-73.93591692391615,14,0.54,0.0,0.34,0.88,1
902233,013,Customer 013,2178 Main Street,New York,NY,06/23/2026,Tuesday,40.81574307418728,-73.9379714247544,14,0.69,0.0,0.0,0.69,2
902237,029,Customer 029,1036 Main Street,Bronx,NY,06/23/2026,Tuesday,40.853619797063494,-73.90831990645347,14,1.8,0.35,0.0,2.15,3
902247,067,Customer 067,407 Main Street,Bronx,NY,06/23/2026,Tuesday,40.86604266971237,-73.92623623009767,14,0.65,0.0,0.0,0.65,4
902239,041,Customer 041,2916 Main Street,New York,NY,06/23/2026,Tuesday,40.759382235947626,-73.93895415268634,21,0.5,0.0,0.0,0.5,1
902234,015,Customer 015,9033 Main Street,Bronx,NY,06/23/2026,Tuesday,40.82239448550935,-73.91429829435131,21,0.59,0.0,0.0,0.59,2
902235,025,Customer 025,8172 Main Street,Brooklyn,NY,06/23/2026,Tuesday,40.69835136729073,-73.9158925078441,8,0.9,0.0,0.25,1.15,1
902236,028,Customer 028,9759 Main Street,Queens,NY,06/23/2026,Tuesday,40.71519521264396,-73.74349772371512,2,0.45,0.0,0.0,0.45,1
902243,048,Customer 048,6747 Main Street,Queens,NY,06/23/2026,Tuesday,40.75405265049564,-73.81832518415463,2,0.42,0.0,0.0,0.42,2
902244,056,Customer 056,2762 Main Street,Queens,NY,06/23/2026,Tuesday,40.7572560717902,-73.91514119505781,2,0.64,0.0,0.0,0.64,3
902240,042,Customer 042,9676 Main Street,Brooklyn,NY,06/23/2026,Tuesday,40.63208584532311,-73.96647452968952,9,2.21,0.15,0.0,2.36,1
902248,072,Customer 072,3010 Main Street,Brooklyn,NY,06/23/2026,Tuesday,40.65171110205392,-73.9191771105472,9,0.46,0.0,0.0,0.46,2
902241,044,Customer 044,5324 Main Street,Brooklyn,NY,06/23/2026,Tuesday,40.685443993544496,-73.943950969423,73,0.61,0.0,0.0,0.61,1
902242,047,Customer 047,5840 Main Street,Manhattan,NY,06/23/2026,Tuesday,40.71773283828544,-73.98411846097412,3,0.44,0.0,0.0,0.44,1
902245,062,Customer 062,7364 Main Street,Brooklyn,NY,06/23/2026,Tuesday,40.689239848977614,-73.91777406506378,10,2.24,0.0,0.0,2.24,1
902246,064,Customer 064,962 Main Street,Brooklyn,NY,06/23/2026,Tuesday,40.67139788117989,-73.9340888408256,23,1.97,0.22,0.0,2.19,1
902249,077,Customer 077,448 Main Street,Brooklyn,NY,06/23/2026,Tuesday,40.68010726771517,-73.91396093950846,23,0.88,0.13,0.25,1.26,2
902250,083,Customer 083,7242 Main Street,Brooklyn,NY,06/23/2026,Tuesday,40.63287188101084,-74.16028394578468,16,4.18,0.0,0.25,4.43,1
902251,084,Customer 084,5899 Main Street,Brooklyn,NY,06/23/2026,Tuesday,40.66480658774192,-73.9572281363883,15,0.55,0.2,0.0,0.75,1
902252,085,Customer 085,4546 Main Street,Brooklyn,NY,06/23/2026,Tuesday,40.6758490834141,-73.87795663986044,11,0.87,0.09,0.0,0.96,1
902253,087,Customer 087,1923 Main Street,Brooklyn,NY,06/23/2026,Tuesday,40.66150707860249,-73.87346498223229,99,8.72,0.0,0.0,8.72,1
902254,089,Customer 089,4343 Main Street,Bronx,NY,06/23/2026,Tuesday,40.830728643622344,-73.89126472129591,33,6.05,0.0,0.25,6.3,1
902255,012,Customer 012,4212 Main Street,Brooklyn,NY,06/24/2026,Wednesday,40.636920669008184,-74.1652722110478,16,0.41,0.0,0.0,0.41,1
902256,015,Customer 015,7855 Main Street,Bronx,NY,06/24/2026,Wednesday,40.82239448550935,-73.91429829435131,21,0.58,0.0,0.0,0.58,1
902263,032,Customer 032,152 Main Street,Bronx,NY,06/24/2026,Wednesday,40.853589534832395,-73.89464414584027,21,0.56,0.35,0.25,1.16,2
902257,018,Customer 018,8200 Main Street,Bronx,NY,06/24/2026,Wednesday,40.84297611177931,-73.84592385676613,31,4.1,0.0,0.0,4.1,1
902258,019,Customer 019,774 Main Street,Manhattan,NY,06/24/2026,Wednesday,40.778836484045,-73.98329931044094,4,0.82,0.0,0.0,0.82,1
902259,021,Customer 021,1374 Main Street,Brooklyn,NY,06/24/2026,Wednesday,40.68093339365346,-73.94670663597643,18,1.23,0.0,0.0,1.23,1
902260,024,Customer 024,6468 Main Street,Bronx,NY,06/24/2026,Wednesday,40.896883630705474,-73.85135085346376,7,0.69,0.0,0.0,0.69,1
902261,025,Customer 025,5980 Main Street,Brooklyn,NY,06/24/2026,Wednesday,40.69835136729073,-73.9158925078441,8,0.79,0.0,0.25,1.04,1
902262,026,Customer 026,2341 Main Street,Queens,NY,06/24/2026,Wednesday,40.67584687606802,-73.85557337127459,73,4.29,0.0,0.0,4.29,1
902264,038,Customer 038,3941 Main Street,Manhattan,NY,06/24/2026,Wednesday,40.717842608430665,-73.9892410907712,3,0.67,0.35,0.0,1.02,1
902265,055,Customer 055,8983 Main Street,Queens,NY,06/24/2026,Wednesday,40.69661296220641,-73.82879015350318,25,6.79,0.03,0.0,6.82,1
902266,060,Customer 060,6452 Main Street,Brooklyn,NY,06/24/2026,Wednesday,40.676333247614394,-73.88613509640518,24,0.94,0.15,0.0,1.09,1
902267,067,Customer 067,9459 Main Street,Bronx,NY,06/24/2026,Wednesday,40.86604266971237,-73.92623623009767,14,0.87,0.0,0.0,0.87,1
902268,074,Customer 074,9309 Main Street,Bronx,NY,06/24/2026,Wednesday,40.87654063424415,-73.86675762676278,71,2.38,0.03,0.0,2.41,1
902269,082,Customer 082,8442 Main Street,Bronx,NY,06/24/2026,Wednesday,40.869718152184745,-73.87892875884225,70,0.81,0.0,0.0,0.81,1
902270,086,Customer 086,2070 Main Street,Bronx,NY,06/24/2026,Wednesday,40.85368960688969,-73.90929502876213,33,0.69,0.0,0.0,0.69,1
902271,092,Customer 092,364 Main Street,Brooklyn,NY,06/24/2026,Wednesday,40.63740290973405,-73.92010562279191,35,4.46,0.0,0.0,4.46,1
902272,005,Customer 005,6894 Main Street,Queens,NY,06/25/2026,Thursday,40.69747391202919,-73.82905390354207,25,2.19,0.1,0.0,2.29,1
902277,035,Customer 035,5389 Main Street,Queens,NY,06/25/2026,Thursday,40.594970715995146,-73.77416307485291,1,0.66,0.0,0.0,0.66,1
902273,009,Customer 009,6650 Main Street,Queens,NY,06/25/2026,Thursday,40.600009486593315,-73.74405287870175,1,0.54,0.0,0.0,0.54,2
902285,066,Customer 066,3733 Main Street,Brooklyn,NY,06/25/2026,Thursday,40.66065294279969,-73.87876303673895,1,0.81,0.1,0.0,0.91,3
902280,043,Customer 043,1527 Main Street,Queens,NY,06/25/2026,Thursday,40.68152075934443,-73.85443641970784,1,0.55,0.11,0.0,0.66,4
902274,018,Customer 018,9291 Main Street,Bronx,NY,06/25/2026,Thursday,40.84297611177931,-73.84592385676613,31,3.51,0.0,0.0,3.51,1
902275,023,Customer 023,1102 Main Street,Queens,NY,06/25/2026,Thursday,40.76091447600587,-73.88181045003793,5,1.1,0.0,0.04,1.14,1
902279,040,Customer 040,9722 Main Street,Queens,NY,06/25/2026,Thursday,40.76395482312956,-73.91128512522792,5,0.59,0.0,0.0,0.59,2
902276,030,Customer 030,8438 Main Street,Brooklyn,NY,06/25/2026,Thursday,40.63878496266752,-73.97263862633669,17,3.17,0.0,0.0,3.17,1
902278,039,Customer 039,8847 Main Street,Bronx,NY,06/25/2026,Thursday,40.84909985735391,-73.92113692416197,70,0.47,0.0,0.0,0.47,1
902281,048,Customer 048,9366 Main Street,Queens,NY,06/25/2026,Thursday,40.75405265049564,-73.81832518415463,2,0.56,0.0,0.0,0.56,1
902284,056,Customer 056,989 Main Street,Queens,NY,06/25/2026,Thursday,40.7572560717902,-73.91514119505781,2,0.9,0.0,0.0,0.9,2
902282,049,Customer 049,3043 Main Street,Bronx,NY,06/25/2026,Thursday,40.84161725986629,-73.90132809233144,7,0.49,0.35,0.0,0.84,1
902283,050,Customer 050,6127 Main Street,Bronx,NY,06/25/2026,Thursday,40.88504380789946,-73.85462851943738,7,0.92,0.0,0.0,0.92,2
902286,075,Customer 075,2425 Main Street,Manhattan,NY,06/25/2026,Thursday,40.70710965261643,-73.94500754484459,6,1.66,0.14,0.0,1.8,1
902287,078,Customer 078,1974 Main Street,Manhattan,NY,06/25/2026,Thursday,40.76169824334662,-73.94957140792144,21,0.52,0.15,0.0,0.67,1
902288,090,Customer 090,9940 Main Street,Queens,NY,06/25/2026,Thursday,40.66953057344241,-73.7824756165742,34,6.11,0.0,0.0,6.11,1
902289,093,Customer 093,5445 Main Street,Queens,NY,06/25/2026,Thursday,40.692614111895054,-73.84437929166077,36,4.91,0.0,0.0,4.91,1
902290,004,Customer 004,7750 Main Street,New York,NY,06/26/2026,Friday,40.81882756334608,-73.93725056647254,20,5.16,0.0,0.0,5.16,1
902291,005,Customer 005,9804 Main Street,Queens,NY,06/26/2026,Friday,40.69747391202919,-73.82905390354207,25,2.24,0.1,0.25,2.59,1
902292,006,Customer 006,1905 Main Street,Manhattan,NY,06/26/2026,Friday,40.80740818873632,-73.96565982955099,4,0.88,0.0,0.0,0.88,1
902303,061,Customer 061,2953 Main Street,Brooklyn,NY,06/26/2026,Friday,40.598422117306654,-73.94163633556525,15,1.03,0.0,0.0,1.03,1
902293,007,Customer 007,642 Main Street,Brooklyn,NY,06/26/2026,Friday,40.63116428754058,-73.96665280296365,15,3.47,0.0,0.25,3.72,2
902294,008,Customer 008,1030 Main Street,Bronx,NY,06/26/2026,Friday,40.81813101864817,-73.90411620231987,70,1.6,0.0,0.0,1.6,1
902295,017,Customer 017,5572 Main Street,Brooklyn,NY,06/26/2026,Friday,40.68918573963909,-73.95966142657014,30,1.54,0.0,0.0,1.54,1
902296,023,Customer 023,2436 Main Street,Queens,NY,06/26/2026,Friday,40.76091447600587,-73.88181045003793,5,1.26,0.0,0.06,1.32,1
902308,080,Customer 080,5033 Main Street,Queens,NY,06/26/2026,Friday,40.67620628689007,-73.74285399139629,2,0.58,0.0,0.0,0.58,1
902297,028,Customer 028,7612 Main Street,Queens,NY,06/26/2026,Friday,40.71519521264396,-73.74349772371512,2,0.42,0.0,0.0,0.42,2
902305,068,Customer 068,6787 Main Street,Brooklyn,NY,06/26/2026,Friday,40.63036297971589,-74.08136228889674,17,1.09,0.17,0.0,1.26,1
902298,030,Customer 030,1063 Main Street,Brooklyn,NY,06/26/2026,Friday,40.63878496266752,-73.97263862633669,17,2.71,0.0,0.0,2.71,2
902299,031,Customer 031,4911 Main Street,Bronx,NY,06/26/2026,Friday,40.85734534786821,-73.89474039555732,22,2.17,0.0,0.02,2.19,1
902300,047,Customer 047,8456 Main Street,Manhattan,NY,06/26/2026,Friday,40.71773283828544,-73.98411846097412,3,0.45,0.0,0.0,0.45,1
902301,051,Customer 051,6654 Main Street,Queens,NY,06/26/2026,Friday,40.60737229758411,-73.75316746816085,1,0.95,0.0,0.0,0.95,1
902302,054,Customer 054,7695 Main Street,Manhattan,NY,06/26/2026,Friday,40.70449809311375,-73.95658499114683,10,0.45,0.35,0.0,0.8,1
902304,064,Customer 064,6829 Main Street,Brooklyn,NY,06/26/2026,Friday,40.67139788117989,-73.9340888408256,23,1.74,0.17,0.0,1.91,1
902306,073,Customer 073,9982 Main Street,Brooklyn,NY,06/26/2026,Friday,40.65052535821618,-73.96218340829046,8,1.01,0.13,0.0,1.14,1
902307,074,Customer 074,9157 Main Street,Bronx,NY,06/26/2026,Friday,40.87654063424415,-73.86675762676278,71,2.6,0.03,0.0,2.63,1
902309,083,Customer 083,4147 Main Street,Brooklyn,NY,06/26/2026,Friday,40.63287188101084,-74.16028394578468,16,3.81,0.0,0.0,3.81,1
902310,088,Customer 088,580 Main Street,Bronx,NY,06/26/2026,Friday,40.85920015425595,-73.90056567901365,31,4.44,0.0,0.0,4.44,1
902311,089,Customer 089,7741 Main Street,Bronx,NY,06/26/2026,Friday,40.830728643622344,-73.89126472129591,33,5.64,0.0,0.0,5.64,1
902326,091,Customer 091,7503 Main Street,Queens,NY,06/29/2026,Monday,40.69772873982824,-73.8341823153853,45,0.86,0.35,0.0,1.21,1
902312,001,Customer 001,9340 Main Street,Bronx,NY,06/29/2026,Monday,40.82393494763585,-73.90903906592717,45,4.21,0.0,0.0,4.21,2
902313,003,Customer 003,5365 Main Street,Bronx,NY,06/29/2026,Monday,40.86555164559,-73.88702973397817,19,6.53,0.0,0.0,6.53,1
902314,005,Customer 005,8949 Main Street,Queens,NY,06/29/2026,Monday,40.69747391202919,-73.82905390354207,25,2.79,0.08,0.0,2.87,1
902315,010,Customer 010,286 Main Street,Brooklyn,NY,06/29/2026,Monday,40.65654070000209,-73.91897014191731,6,0.55,0.0,0.0,0.55,1
902322,059,Customer 059,3112 Main Street,Brooklyn,NY,06/29/2026,Monday,40.67755950741335,-73.91187495774679,6,0.44,0.14,0.0,0.58,2
902316,015,Customer 015,8037 Main Street,Bronx,NY,06/29/2026,Monday,40.82239448550935,-73.91429829435131,21,0.48,0.0,0.0,0.48,1
902317,016,Customer 016,4376 Main Street,Bronx,NY,06/29/2026,Monday,40.854973107257365,-73.86437656576189,21,0.52,0.0,0.0,0.52,2
902318,018,Customer 018,9032 Main Street,Bronx,NY,06/29/2026,Monday,40.84297611177931,-73.84592385676613,31,3.52,0.0,0.0,3.52,1
902319,020,Customer 020,8848 Main Street,Queens,NY,06/29/2026,Monday,40.70811449489744,-73.79898444261066,32,0.41,0.0,0.0,0.41,1
902320,021,Customer 021,145 Main Street,Brooklyn,NY,06/29/2026,Monday,40.68093339365346,-73.94670663597643,18,1.09,0.0,0.0,1.09,1
902321,056,Customer 056,9891 Main Street,Queens,NY,06/29/2026,Monday,40.7572560717902,-73.91514119505781,2,0.75,0.0,0.0,0.75,1
902323,066,Customer 066,8857 Main Street,Brooklyn,NY,06/29/2026,Monday,40.66065294279969,-73.87876303673895,1,0.76,0.06,0.0,0.82,1
902324,067,Customer 067,184 Main Street,Bronx,NY,06/29/2026,Monday,40.86604266971237,-73.92623623009767,14,0.67,0.0,0.0,0.67,1
902325,084,Customer 084,706 Main Street,Brooklyn,NY,06/29/2026,Monday,40.66480658774192,-73.9572281363883,15,0.52,0.22,0.0,0.74,1
902327,008,Customer 008,5203 Main Street,Bronx,NY,06/30/2026,Tuesday,40.81813101864817,-73.90411620231987,70,1.24,0.0,0.25,1.49,1
902342,082,Customer 082,949 Main Street,Bronx,NY,06/30/2026,Tuesday,40.869718152184745,-73.87892875884225,70,1.07,0.0,0.25,1.32,2
902332,036,Customer 036,8343 Main Street,New York,NY,06/30/2026,Tuesday,40.80325822563249,-73.93591692391615,14,0.62,0.0,0.45,1.07,1
902328,013,Customer 013,2551 Main Street,New York,NY,06/30/2026,Tuesday,40.81574307418728,-73.9379714247544,14,0.59,0.0,0.0,0.59,2
902331,029,Customer 029,9935 Main Street,Bronx,NY,06/30/2026,Tuesday,40.853619797063494,-73.90831990645347,14,2.18,0.0,0.0,2.18,3
902340,067,Customer 067,8061 Main Street,Bronx,NY,06/30/2026,Tuesday,40.86604266971237,-73.92623623009767,14,0.71,0.0,0.0,0.71,4
902333,041,Customer 041,797 Main Street,New York,NY,06/30/2026,Tuesday,40.759382235947626,-73.93895415268634,21,0.51,0.0,0.0,0.51,1
902329,015,Customer 015,2726 Main Street,Bronx,NY,06/30/2026,Tuesday,40.82239448550935,-73.91429829435131,21,0.41,0.0,0.0,0.41,2
902330,028,Customer 028,5636 Main Street,Queens,NY,06/30/2026,Tuesday,40.71519521264396,-73.74349772371512,2,0.43,0.0,0.0,0.43,1
902336,056,Customer 056,2703 Main Street,Queens,NY,06/30/2026,Tuesday,40.7572560717902,-73.91514119505781,2,0.87,0.35,0.0,1.22,2
902334,044,Customer 044,4722 Main Street,Brooklyn,NY,06/30/2026,Tuesday,40.685443993544496,-73.943950969423,73,0.43,0.0,0.0,0.43,1
902335,047,Customer 047,1742 Main Street,Manhattan,NY,06/30/2026,Tuesday,40.71773283828544,-73.98411846097412,3,0.59,0.0,0.0,0.59,1
902337,061,Customer 061,4954 Main Street,Brooklyn,NY,06/30/2026,Tuesday,40.598422117306654,-73.94163633556525,15,0.9,0.0,0.0,0.9,1
902344,084,Customer 084,7127 Main Street,Brooklyn,NY,06/30/2026,Tuesday,40.66480658774192,-73.9572281363883,15,0.48,0.24,0.0,0.72,2
902339,063,Customer 063,4839 Main Street,Brooklyn,NY,06/30/2026,Tuesday,40.689007393638555,-73.9173641706466,10,3.26,0.35,0.0,3.61,1
902338,062,Customer 062,2354 Main Street,Brooklyn,NY,06/30/2026,Tuesday,40.689239848977614,-73.91777406506378,10,2.33,0.0,0.0,2.33,2
902341,081,Customer 081,7446 Main Street,Brooklyn,NY,06/30/2026,Tuesday,40.68024236564245,-73.93137158188019,17,0.91,0.0,0.0,0.91,1
902343,083,Customer 083,237 Main Street,Brooklyn,NY,06/30/2026,Tuesday,40.63287188101084,-74.16028394578468,16,3.01,0.0,0.0,3.01,1
902346,089,Customer 089,481 Main Street,Bronx,NY,06/30/2026,Tuesday,40.830728643622344,-73.89126472129591,33,6.17,0.35,0.0,6.52,1
902345,086,Customer 086,9711 Main Street,Bronx,NY,06/30/2026,Tuesday,40.85368960688969,-73.90929502876213,33,0.81,0.0,0.0,0.81,2
